0000244545;0000244545;A CURITYBINA 100MG/ML 1FR 5ML;30062020;V;843;1123;000;0000;0000;0000;FR;ML;500;000;000;A;UNIAO QUIMICA;0000244545;50;000;000;1049700890109;30112019;7896006211808;-;N;N;90206584;  ;;N;N
0000321005;0000321005;ABSORVENTE BIOFRAL MAXI GERIATRIC 20UNID.;09032021;F;1765;000;000;0883;0000;0000;PCT;UN;2000;000;000;I;TENA;0000321005;20;000;000;ISENTO;;; ;N;S;;MC;10600038;N;N
0000321006;0000321006;ABSORVENTE TENA LADY DISCREET EXTRA 8UNID.;09032021;F;1396;000;000;1745;0000;0000;PCT;UN;800;000;000;I;TENA;0000321006;20;000;000;ISENTO;;; ;N;S;;MC;11378983;N;N
0000321008;0000321008;ABSORVENTE TENA LADY DISCREET MAXI NIGHT 6UNID.;09032021;F;1662;000;000;2770;0000;0000;PCT;UN;600;000;000;I;TENA;0000321008;20;000;000;ISENTO;;; ;N;S;;MC;11379034;N;N
0000321009;0000321009;ABSORVENTE TENA LADY DISCREET MINIPLUS 8UNID.;09032021;F;856;000;000;1070;0000;0000;PCT;UN;800;000;000;I;TENA;0000321009;20;000;000;ISENTO;;; ;N;S;;MC;11300500;N;N
0000321011;0000321011;ABSORVENTE TENA LADY DISCREET NORMAL 8UNID.;09032021;F;1164;000;000;1455;0000;0000;PCT;UN;800;000;000;I;TENA;0000321011;20;000;000;ISENTO;;; ;N;S;;MC;11379010;N;N
0000321012;0000321012;ABSORVENTE TENA LADY DISCREET SUPER 8UNID.;09032021;F;2029;000;000;2536;0000;0000;PCT;UN;800;000;000;I;TENA;0000321012;20;000;000;ISENTO;;; ;N;S;;MC;11379003;N;N
0000321007;0000321007;ABSORVENTE TENA LADY MAXI NIGHT 14UNID.;09032021;F;3491;000;000;2494;0000;0000;PCT;UN;1400;000;000;I;TENA;0000321007;20;000;000;ISENTO;;; ;N;S;;MC;1132151480;N;N
0000321010;0000321010;ABSORVENTE TENA LADY NORMAL SLIM 16UNID.;09032021;F;2095;000;000;1309;0000;0000;PCT;UN;1600;000;000;I;TENA;0000321010;20;000;000;ISENTO;;; ;N;S;;MC;1132451680;N;N
0000321013;0000321013;ABSORVENTE TENA MEN LEVEL 2 10UNID.;09032021;F;2683;000;000;2683;0000;0000;PCT;UN;1000;000;000;I;TENA;0000321013;20;000;000;ISENTO;;; ;N;S;;MC;113750755;N;N
0000258303;0000258303;ACEBROFILINA 10MG/ML XPE.120ML+CP;07072020;V;1666;2303;000;0139;0192;0000;FR;ML;12000;000;000;A;TEUTO BRAS;0000258303;50;000;000;1037004620253;30042025;7896112191537;+;N;S;90312341;  ;;S;N
0000260350;0000260350;ACEBROFILINA 5ML/ML XPE.120ML+CP.;07072020;V;1208;1670;000;0101;0139;0000;FR;ML;12000;000;000;A;TEUTO BRAS;0000260350;50;000;000;1037004620296;30042025;7896112191490;+;N;S;90312333;  ;;S;N
0000294869;0000294869;ACECLOFENACO 100MG 12CPDS;30062020;V;1995;2758;000;1663;2298;0000;CX;CPDS;1200;000;000;A;ZYDUS NIKKHO;0000294869;50;000;000;1565100640011;31032022;7898940658800;+;N;S;90414900;  ;;S;N
0000251141;0000251141;ACECLOFENACO 100MG 12CPDS REV.;30062020;V;2437;3369;000;2031;2808;0000;CX;CPDS;1200;000;000;A;VITAPAN;0000251141;50;000;000;1039201720011;30112023;7898049795260;+;N;S;90324293;  ;;S;N
0000315266;0000315266;ACERTALIX 5,0+1,25MG 30CPDS REV.;03072020;V;7415;10251;000;2472;3417;0000;CX;CPDS;3000;000;000;A;SERVIER;0000315266;50;000;000;1127800770017;30092029;7898029550407;+;N;S;90460286;  ;;N;N
0000297350;0000297350;ACERTANLO 14+10MG 30CPDS;03072020;V;8824;11756;000;2941;3919;0000;CX;CPDS;3000;000;000;A;SERVIER;0000297350;50;000;000;1127800750091;31012027;7898029550353;-;N;S;90385926;  ;;N;N
0000315264;0000315264;ACERTANLO 3,5+2,5MG 10CPDS;03072020;V;1249;1664;000;1249;1664;0000;CX;CPDS;1000;000;000;A;SERVIER;0000315264;50;000;000;1127800750016;31012027;7898029550308;-;N;S;90385934;  ;;N;N
0000297351;0000297351;ACERTANLO 3,5+2,5MG 30CPDS;03072020;V;3749;4995;000;1250;1665;0000;CX;CPDS;3000;000;000;A;SERVIER;0000297351;50;000;000;1127800750059;31072027;7898029550315;-;N;S;90385950;  ;;N;N
0000306761;0000306761;ACERTANLO 7+5MG 10CPDS;03072020;V;1699;2264;000;1699;2264;0000;CX;CPDS;1000;000;000;A;SERVIER;0000306761;50;000;000;1127800750024;31012027;7898029550322;-;N;S;90385969;  ;;N;N
0000297352;0000297352;ACERTANLO 7+5MG 30CPDS;03072020;V;5098;6792;000;1699;2264;0000;CX;CPDS;3000;000;000;A;SERVIER;0000297352;50;000;000;1127800750075;31012027;7898029550339;-;N;S;90385985;  ;;N;N
0000244529;0000244529;ACERTIL 10MG 30CPDS;03072020;V;5632;7786;000;1877;2595;0000;CX;CPDS;3000;000;000;A;SERVIER;0000244529;50;000;000;1127800740053;31012024;7898029550247;+;N;S;90288084;  ;;N;N
0000307897;0000307897;ACERTIL 10MG 60CPDS REV.;03072020;V;11262;15569;000;1877;2595;0000;CX;CPDS;6000;000;000;A;SERVIER;0000307897;50;000;000;1127800740061;31012024;7898029550254;+;N;S;90288092;  ;;N;N
0000266686;0000266686;ACERTIL 5MG 30CPDS;03072020;V;4222;5837;000;1407;1946;0000;CX;CPDS;3000;000;000;A;SERVIER;0000266686;50;000;000;1127800740029;31012024;7898029550216;+;N;S;90288050;  ;;N;N
0000306808;0000306808;ACETATO ABIRATERONA 250MG 120CPDS;07072020;V;759375;1011722;000;63281;84310;0000;CX;CPDS;12000;000;000;A;SUN FARMACEUTICA;0000306808;50;000;000;1468200680013;30092023;7898272945166;-;N;S;90413652;  ;;S;N
0000318150;0000318150;ACETATO ABIRATERONA 250MG 120CPDS REV.;14102020;V;759375;1011722;000;63281;84310;0000;CX;CPDS;12000;000;000;A;TEVA;0000318150;50;000;000;1557300510013;30042030;7898587901598;-;N;S;90478126;  ;;S;N
0000285404;0000285404;ACETATO HIDROCORTISONA 10MG/G CRM.DERM.20G;07072020;V;981;1307;000;0491;0654;0000;BG;GRS;2000;000;000;A;TEUTO BRAS;0000285404;50;000;000;1037005270035;30062024;7896112127277;-;N;S;90381076;  ;;S;N
0000173864;0000173864;ACETILCISTEINA 20MG/ML XPE.120ML+CP.MED.;07072020;V;2464;3283;000;0205;0274;0000;FR;ML;12000;000;000;A;TEUTO BRAS;0000173864;50;000;000;1037005800034;31052022;7896112158882;-;N;S;90259211;  ;;S;N
0000175494;0000175494;ACETILCISTEINA 40MG/ML XPE.120ML+CP.MED.;07072020;V;3222;4293;000;0269;0358;0000;FR;ML;12000;000;000;A;TEUTO BRAS;0000175494;50;000;000;1037005800131;31052022;7896112158981;-;N;S;90259220;  ;;S;N
0000253703;0000253703;ACICLOVIR 200MG 25CPDS;02022021;V;4453;6156;000;1781;2462;0000;CX;CPDS;2500;000;000;A;TEUTO BRAS;0000253703;50;000;000;1037006100011;31122029;7896112128762;+;N;S;90312201;  ;;S;N
0000298597;0000298597;ACICLOVIR 200MG 30CPDS;30062020;V;5645;7804;000;1882;2601;0000;CX;CPDS;3000;000;000;A;UNIAO QUIMICA;0000298597;50;000;000;1049714160065;31032023;7896006202875;+;N;S;90429150;  ;;S;N
0000315438;0000315438;ACICLOVIR 200MG 30CPDS;07082020;V;7938;10974;000;2646;3658;0000;CX;CPDS;3000;000;000;A;RANBAXY;0000315438;50;000;000;1235200570091;31012026;7897076922021;+;N;S;90456270;  ;;S;N
0000304319;0000304319;ACICLOVIR 200MG 500CPDS;02042019;F;125780;000;000;2516;0000;0000;CX;CPDS;50000;000;000;A;RANBAXY;0000304319;50;000;000;1235200570065;31012026;7897076921819;+;S;S;90412370;  ;;S;N
0000297259;0000297259;ACICLOVIR 200MG 50CPDS;30062020;V;8782;12141;000;1756;2428;0000;CX;CPDS;5000;000;000;A;SANDOZ;0000297259;50;000;000;1004703290094;31072022;7897595635198;+;N;S;90402936;  ;;S;N
0000286398;0000286398;ACICLOVIR 200MG FR 25CPDS;19062020;V;5952;8228;000;2381;3291;0000;FR;CPDS;2500;000;000;A;SANOFI MEDLEY;0000286398;50;000;000;1832602830022;31032022;7896422504058;+;N;S;90391802;  ;;S;N
0000286399;0000286399;ACICLOVIR 400MG 30CPDS;19062020;V;12988;17955;000;4329;5985;0000;FR;CPDS;3000;000;000;A;SANOFI MEDLEY;0000286399;50;000;000;1832602830065;31032022;7896422504065;+;N;S;90391799;  ;;S;N
0000304320;0000304320;ACICLOVIR 400MG 30CPDS;07082020;V;15885;21960;000;5295;7320;0000;CX;CPDS;3000;000;000;A;RANBAXY;0000304320;50;000;000;1235200570073;31012026;7897076921826;+;N;S;90412389;  ;;S;N
0000304321;0000304321;ACICLOVIR 400MG 500CPDS;02042019;F;251659;000;000;5033;0000;0000;CX;CPDS;50000;000;000;A;RANBAXY;0000304321;50;000;000;1235200570081;31012026;7897076921833;+;S;S;90412397;  ;;S;N
0000315340;0000315340;ACIDO CLORIDRICO ULTRAPURO 0,6MOL SER.6ML;07072020;F;18200;000;000;0000;0000;0000;BOL;LTS;600;000;000;A;LIFE;0000315340;20;000;000;ISENTO;;;#;S;N;;  ;;N;N
0000297276;0000297276;ACIDO ZOLEDRONICO 4MG SOL.INJ.FA 100ML;30062020;F;84119;000;000;841190;0000;0000;CX;FA;100;000;000;A;SANDOZ;0000297276;50;000;000;1004706010051;31032022;7897595633651;+;N;S;90380614;  ;;S;N
0000296314;0000296314;ACNEN GEL 50MG/G 20G;30062020;F;1887;000;000;0944;0000;0000;BG;GRS;2000;000;000;A;UNIAO QUIMICA;0000296314;50;000;000;NOTIFICACAO;;7896006213710;-;N;S;;  ;;N;N
0005610020;0005610020;ACT-HIB 1DOSE+1SER.DIL;30062020;V;3433;4746;000;0000;0000;0000;   ;DOSE;100;000;000;A;SANOFI MEDLEY;0005610020;50;000;000;1832603980011;30092022;7891058999568;+;N;N;90476042;  ;;N;N
0000268085;0000268085;ACTEMRA 162MG SOL.INJ.4SER.PREENCH.0,9ML;03072020;F;455647;000;000;1139118;0000;0000;CX;SER;400;000;000;A;ROCHE;0000268085;50;000;000;1010006550080;31012029;7896226506890;+;S;S;90321812;  ;;N;N
0000319161;0000319161;ACTEMRA 20MG/ML SOL.DIL.INFUS.IV 1FA 20ML;15122020;F;339072;000;000;0000;0000;0000;CX;FA;100;000;000;A;ROCHE;0000319161;50;000;000;1010006550056;31012029;2896226505893;+;S;N;90489250;  ;;N;N
0000254522;0000254522;ACTONEL CHRONOS 35MG 2CPDS REV.LIB.RETARD.;30062020;V;7138;9868;000;35690;49340;0000;CX;CPDS;200;000;000;A;SANOFI MEDLEY;0000254522;50;000;000;1832604170038;28022025;7891058016142;+;N;S;90488342;  ;;N;N
0000254523;0000254523;ACTONEL CHRONOS 35MG 4CPDS REV.LIB.RETARD.;30062020;V;14273;19732;000;35683;49330;0000;CX;CPDS;400;000;000;A;SANOFI MEDLEY;0000254523;50;000;000;1832604170046;28022025;7891058016159;+;N;S;90488350;  ;;N;N
0000243357;0000243357;ADACEL POLIO VACINA ADSORVIDA DIFTERIA+TETANO+PERTUSSIS ACELULAR SUSP.INJ.0,5ML+2AG.;30062020;V;8183;11313;000;0000;0000;0000;FA;ML;050;000;000;A;SANOFI MEDLEY;0000243357;50;000;000;1832603990023;31032026;7891058022877;+;N;N;90444663;  ;;N;N
0000315161;0000315161;ADACEL SUSP.INJ.FA 0,5ML;30062020;V;11004;15212;000;0000;0000;0000;FA;ML;050;000;000;A;SANOFI MEDLEY;0000315161;50;000;000;1832604000019;31032028;7891058021276;+;N;N;90475852;  ;;N;N
0000313505;0000313505;ADAPTADOR PEG C/CONEXAO ENFIT 16FR ENTRISTAR KANGAROO C/INJ.LATERAL N/EST.;11032020;F;13320;000;000;0000;0000;0000;CX;UN;100;000;000;A;CARDINAL HEALTH MS;0000313505;20;000;000;81356112372;VIGENTE;; ;N;N;100889654;MC;8884751622E;N;N
0000313506;0000313506;ADAPTADOR PEG C/CONEXAO ENFIT 20FR ENTRISTAR KANGAROO C/INJ.LATERAL N/EST.;11032020;F;16475;000;000;0000;0000;0000;CX;UN;100;000;000;A;CARDINAL HEALTH MS;0000313506;20;000;000;81356112372;VIGENTE;; ;N;N;100889654;MC;8884752042E;N;N
0000253610;0000253610;ADCETRIS 50MG PO LIOF.INJ.1FA;07072020;F;1766433;000;000;0000;0000;0000;FR;MG;5000;000;000;A;TAKEDA;0000253610;50;000;000;1063902690012;30092024;7896641810275;-;S;N;90298047;  ;;N;N
0000300853;0000300853;ADILOZ 600MG 10CPDS REV.;09042019;V;207434;286765;000;207434;286765;0000;CX;CPDS;1000;000;000;A;SIGMA PHARMA;0000300853;50;000;000;1023512230018;31072022;7896004760025;+;N;S;90390415;  ;;N;N
0000269614;0000269614;ADVATE 1000UI PO LIOF.INJ.1FA+1FA DIL.5ML+CONJ.REC.INFUS.;03072020;F;359135;000;000;0000;0000;0000;CX;FA;100;000;000;A;SHIRE FARMACEUTICA;0000269614;50;000;000;1697900140034;31072029;7898924769645;+;S;N;90430301;  ;;N;N
0000269616;0000269616;ADVATE 250UI PO LIOF.INJ.1FA+1FA DIL.5ML+CONJ.REC.INFUS.;03072020;F;99482;000;000;0000;0000;0000;CX;FA;100;000;000;A;SHIRE FARMACEUTICA;0000269616;50;000;000;1697900140018;31072029;7898924769621;+;S;N;90430280;  ;;N;N
0000269617;0000269617;ADVATE 500UI PO LIOF.INJ.1FA+1FA DIL.5ML+CONJ.REC.INFUS;03072020;F;189013;000;000;0000;0000;0000;CX;FR;100;000;000;A;SHIRE FARMACEUTICA;0000269617;50;000;000;1697900140026;31072029;7898924769638;+;S;N;90430298;  ;;N;N
0000311937;0000311937;ADVIL 200MG 2CPDS REV. F.V.;02022021;V;000;323;000;0000;1615;0000;CX;CPDS;200;000;000;A;WYETH;0000311937;50;000;000;1211004550041;31102027;;-;N;S;;  ;;N;N
0000316461;0000316461;ADVIL 400MG 10CAPS GEL.MOLE;02022021;V;1746;2326;000;1746;2326;0000;CX;CAPS;1000;000;000;A;WYETH;0000316461;50;000;000;1211004550149;31102027;7891045164184;-;N;S;90485378;  ;;N;N
0000311935;0000311935;ADVIL 400MG 160CAPS GEL.MOLE;02022021;V;21460;28591;000;1341;1787;0000;CX;CAPS;16000;000;000;A;WYETH;0000311935;50;000;000;1211004550084;31102027;7891268187137;-;N;S;90460154;  ;;N;N
0000248685;0000248685;ADVIL 400MG 16CAPS GEL.MOLE;02022021;V;2794;3722;000;1746;2326;0000;FR;CAPS;1600;000;000;A;WYETH;0000248685;50;000;000;1211004550191;31102027;7891045043588;-;N;S;90456491;  ;;N;N
0000320440;0000320440;ADVIL 400MG 2CAPS GEL.MOLE F.V.;02022021;V;000;476;000;0000;2380;0000;CX;CAPS;200;000;000;A;WYETH;0000320440;50;000;000;1211004550114;31102027;7891045164207;-;N;S;;  ;;N;N
0000307837;0000307837;ADVIL 400MG 3CAPS GEL.MOLE F.V;02022021;V;000;712;000;0000;2373;0000;BL;CAPS;300;000;000;A;WYETH;0000307837;50;000;000;1211004550076;31102027;7891268044409;-;N;S;;  ;;N;N
0000311938;0000311938;ADVIL 400MG 3CAPS GEL.MOLE F.V.;01032020;V;000;695;000;0000;2317;0000;CX;CAPS;300;000;000;A;WYETH;0000311938;50;000;000;1211004550114;31102027;;-;N;S;;  ;;N;N
0000307836;0000307836;ADVIL 400MG 60CAPS GEL.MOLE;02022021;V;10694;14248;000;1782;2375;0000;CX;CAPS;6000;000;000;A;WYETH;0000307836;50;000;000;1211004550076;31102027;7891268044171;-;N;S;90456220;  ;;N;N
0000311936;0000311936;ADVIL 400MG 8CAPS GEL.MOLE F.V.;02022021;V;000;1430;000;0000;1788;0000;CX;CAPS;800;000;000;A;WYETH;0000311936;50;000;000;1211004550084;31102027;7891268187144;-;N;S;;  ;;N;N
0000263213;0000263213;AEBOL 100MG 3BLX10CPDS REV.;30062020;V;15047;20802;000;5016;6934;0000;CX;CPDS;3000;000;000;A;ZYDUS NIKKHO;0000263213;50;000;000;1565100530021;30062020;7898940658022;+;N;S;90325044;  ;;N;N
0000263212;0000263212;AEBOL 25MG 15CPDS REV.;30062020;V;2501;3457;000;1667;2305;0000;CX;CPDS;1500;000;000;A;ZYDUS NIKKHO;0000263212;50;000;000;1565100530011;30062020;7898940658015;+;N;S;90325036;  ;;N;N
0000280194;0000280194;AEBOL 25MG 30CPDS REV.;30062020;V;3439;4754;000;1146;1585;0000;BL;CPDS;3000;000;000;A;ZYDUS NIKKHO;0000280194;50;000;000;1565100530038;30062020;7898927562205;+;N;S;90364040;  ;;N;N
0000263751;0000263751;AERODIVENT 0,25MG/ML SOL.INAL.20ML;07072020;V;670;926;000;0335;0463;0000;FR;ML;2000;000;000;A;TEUTO BRAS;0000263751;50;000;000;1037006310014;30062020;7896112157380;-;N;S;90312520;  ;;N;N
0000262116;0000262116;AFOPIC 5MG BL.AL.20CPDS;07072020;V;757;1009;000;0379;0505;0000;CX;CPDS;2000;000;000;A;TEUTO BRAS;0000262116;50;000;000;1037001570069;31122021;7896112198246;-;N;S;90339207;  ;;N;N
0000065018;0000065018;AGENTE HEMOSTATICO ATIVO HELITENE 0,5G;06092016;F;65000;000;000;0000;0000;0000;   ;UN;100;000;000;A;DABASONS;0000065018;20;000;000;10099430085;27122026;; ;N;N;;ME;1692-ZL;N;N
0000308968;0000308968;AGLUCOSE 50MG BL.AL.AL.30CPDS;07072020;V;2394;3310;000;0798;1103;0000;CX;CPDS;3000;000;000;A;SIGMA PHARMA;0000308968;50;000;000;1356900350024;28022023;;+;N;S;90428994;  ;;N;N
0000315269;0000315269;AGRYLIN 0,5MG 100CAPS DURA;03072020;V;267488;369786;000;26749;36979;0000;CX;CAPS;10000;000;000;A;SHIRE FARMACEUTICA;0000315269;50;000;000;1697900070011;31122027;7898924769096;+;N;S;90416554;  ;;N;N
0000319705;0000319705;AGULHA ASPIRACAO ECOENDOSCOPICA N EUS FNA 19GA CANAL 2,8MM;10122020;F;460230;000;000;0000;0000;0000;ENV;UN;100;000;000;A;PROMEDON SAO PAULO;0000319705;20;000;800;10306840173;VIGENTE;; ;N;N;100882080;ME;EUS-19-0-N;N;N
0000319709;0000319709;AGULHA ASPIRACAO ECOENDOSCOPICA N EUS FNA 22GA CANAL 2,8MM;10122020;F;460230;000;000;0000;0000;0000;ENV;UN;100;000;000;A;PROMEDON SAO PAULO;0000319709;20;000;800;10306840173;VIGENTE;; ;N;N;100882080;ME;EUS-22-0-N;N;N
0000319713;0000319713;AGULHA ASPIRACAO ECOENDOSCOPICA N EUS FNA 25GA CANAL 2,8MM;10122020;F;460230;000;000;0000;0000;0000;ENV;UN;100;000;000;A;PROMEDON SAO PAULO;0000319713;20;000;800;10306840173;VIGENTE;; ;N;N;100882080;ME;EUS-25-0-N;N;N
0000319707;0000319707;AGULHA ASPIRACAO ECOENDOSCOPICA N EUS FNB 19GA CANAL 2,8MM;10122020;F;460230;000;000;0000;0000;0000;ENV;UN;100;000;000;A;PROMEDON SAO PAULO;0000319707;20;000;800;10306840173;VIGENTE;; ;N;N;100882080;ME;EUS-19-1-N;N;N
0000319711;0000319711;AGULHA ASPIRACAO ECOENDOSCOPICA N EUS FNB 22GA CANAL 2,8MM;10122020;F;460230;000;000;0000;0000;0000;ENV;UN;100;000;000;A;PROMEDON SAO PAULO;0000319711;20;000;800;10306840173;VIGENTE;; ;N;N;100882080;ME;EUS-22-1-N;N;N
0000319715;0000319715;AGULHA ASPIRACAO ECOENDOSCOPICA N EUS FNB 25GA CANAL 2,8MM;10122020;F;460230;000;000;0000;0000;0000;ENV;UN;100;000;000;A;PROMEDON SAO PAULO;0000319715;20;000;800;10306840173;VIGENTE;; ;N;N;100882080;ME;EUS-25-1-N;N;N
0000153391;0000153391;AGULHA BIOPSIA IP INDOVASIVE 18GAX23CM 2PARTES;24072019;F;191700;000;000;0000;0000;0000;CX;UN;100;000;000;A;MEDICAL BRAZIL;0000153391;20;000;800;80459130007;VIGENTE;; ;N;N;100911730;ME;BCIP021823;N;N
0000153392;0000153392;AGULHA BIOPSIA IP INDOVASIVE 18GAX23CM 3PARTES;24072019;F;191700;000;000;0000;0000;0000;CX;UN;100;000;000;A;MEDICAL BRAZIL;0000153392;20;000;800;80459130007;VIGENTE;; ;N;N;100911730;ME;BCIPO31823;N;N
0000317517;0000317517;AGULHA BLOQUEIO NERVO PERIFERICO ECHOGLO SINGLE SHOT 20GAX150MM;16092020;F;40000;000;000;0000;0000;0000;BL;UN;100;000;000;A;CIRURGICA FERNANDES;0000317517;20;000;000;80228990157;10022030;; ;N;N;100885330;MC;24-4105-24;N;N
0000317516;0000317516;AGULHA BLOQUEIO NERVO PERIFERICO ECHOGLO SINGLE SHOT 21GAX100MM;16092020;F;40000;000;000;0000;0000;0000;BL;UN;100;000;000;A;CIRURGICA FERNANDES;0000317516;20;000;000;80228990157;10022030;; ;N;N;100885330;MC;24-4104-24;N;N
0000317515;0000317515;AGULHA BLOQUEIO NERVO PERIFERICO ECHOGLO SINGLE SHOT 22GAX100MM;16092020;F;60000;000;000;0000;0000;0000;BL;UN;100;000;000;A;CIRURGICA FERNANDES;0000317515;20;000;000;80228990157;10022030;; ;N;N;100885330;MC;24-4103-24;N;N
0000317512;0000317512;AGULHA BLOQUEIO NERVO PERIFERICO ECHOGLO SINGLE SHOT 22GAX35MM;16092020;F;60000;000;000;0000;0000;0000;BL;UN;100;000;000;A;CIRURGICA FERNANDES;0000317512;20;000;000;80228990157;10022030;; ;N;N;100885330;MC;24-4100-24;N;N
0000317513;0000317513;AGULHA BLOQUEIO NERVO PERIFERICO ECHOGLO SINGLE SHOT 22GAX50MM;16092020;F;60000;000;000;0000;0000;0000;BL;UN;100;000;000;A;CIRURGICA FERNANDES;0000317513;20;000;000;80228990157;10022030;; ;N;N;100885330;MC;24-4101-24;N;N
0000317514;0000317514;AGULHA BLOQUEIO NERVO PERIFERICO ECHOGLO SINGLE SHOT 22GAX80MM;16092020;F;60000;000;000;0000;0000;0000;BL;UN;100;000;000;A;CIRURGICA FERNANDES;0000317514;20;000;000;80228990157;10022030;; ;N;N;100885330;MC;24-4102-24;N;N
0000153394;0000153394;AGULHA CHIBA 22GAX20CM INDOVASIVE;24072019;F;191700;000;000;0000;0000;0000;CX;UN;100;000;000;A;MEDICAL BRAZIL;0000153394;20;000;800;80459130007;VIGENTE;; ;N;N;100911730;ME;BCCN012220;N;N
0000239634;0000239634;AGULHA DESC.P/BIOPSIA MAGNUM 12GAX10CM;07082018;F;121000;000;000;0000;0000;0000;CX;UN;100;000;000;A;BARD;0000239634;20;000;000;80689090080;VIGENTE;; ;N;N;100903878;ME;MN1210;N;N
0000062809;0000062809;AGULHA DESC.P/BIOPSIA MAGNUM 12GAX13CM;07082018;F;121000;000;000;0000;0000;0000;CX;UN;100;000;000;A;BARD;0000062809;20;000;000;80689090080;VIGENTE;; ;N;N;100903878;ME;MN1213;N;N
0000239635;0000239635;AGULHA DESC.P/BIOPSIA MAGNUM 12GAX16CM;07082018;F;121000;000;000;0000;0000;0000;CX;UN;100;000;000;A;BARD;0000239635;20;000;000;80689090080;VIGENTE;; ;N;N;100903878;ME;MN1216;N;N
0000239636;0000239636;AGULHA DESC.P/BIOPSIA MAGNUM 12GAX20CM;07082018;F;121000;000;000;0000;0000;0000;CX;UN;100;000;000;A;BARD;0000239636;20;000;000;80689090080;VIGENTE;; ;N;N;100903878;ME;MN1220;N;N
0000062810;0000062810;AGULHA DESC.P/BIOPSIA MAGNUM 14GAX10CM;07082018;F;121000;000;000;0000;0000;0000;CX;UN;100;000;000;A;BARD;0000062810;20;000;000;80689090080;VIGENTE;; ;N;N;100903878;ME;MN1410;N;N
0000062811;0000062811;AGULHA DESC.P/BIOPSIA MAGNUM 14GAX13CM;07082018;F;121000;000;000;0000;0000;0000;CX;TIRA;100;000;000;A;BARD;0000062811;20;000;000;80689090080;VIGENTE;; ;N;N;100903878;ME;MN1413;N;N
0000062812;0000062812;AGULHA DESC.P/BIOPSIA MAGNUM 14GAX16CM;19052020;F;125000;000;000;0000;0000;0000;CT;UN;100;000;000;A;BARD;0000062812;20;000;000;80689090080;VIGENTE;; ;N;N;100903878;ME;MN1416;N;N
0000033231;0000033231;AGULHA DESC.P/BIOPSIA MAGNUM 14GAX20CM;19052020;F;125000;000;000;0000;0000;0000;CX;UN;100;000;000;A;BARD;0000033231;20;000;000;80689090080;VIGENTE;; ;N;N;100903878;ME;MN1420;N;N
0000033232;0000033232;AGULHA DESC.P/BIOPSIA MAGNUM 16GAX10CM;19052020;F;125000;000;000;0000;0000;0000;CX;UN;100;000;000;A;BARD;0000033232;20;000;000;80689090080;VIGENTE;; ;N;N;100903878;ME;MN1610;N;N
0000033233;0000033233;AGULHA DESC.P/BIOPSIA MAGNUM 16GAX13CM;19052020;F;125000;000;000;0000;0000;0000;CX;UN;100;000;000;A;BARD;0000033233;20;000;000;80689090080;VIGENTE;; ;N;N;100903878;ME;MN1613;N;N
0000062813;0000062813;AGULHA DESC.P/BIOPSIA MAGNUM 16GAX16CM;07082018;F;121000;000;000;0000;0000;0000;CX;TIRA;100;000;000;A;BARD;0000062813;20;000;000;80689090080;VIGENTE;; ;N;N;100903878;ME;MN1616;N;N
0000062814;0000062814;AGULHA DESC.P/BIOPSIA MAGNUM 16GAX20CM;19052020;F;125000;000;000;0000;0000;0000;CX;UN;100;000;000;A;BARD;0000062814;20;000;000;80689090080;VIGENTE;; ;N;N;100903878;ME;MN1620;N;N
0000062815;0000062815;AGULHA DESC.P/BIOPSIA MAGNUM 18GAX10CM;19052020;F;125000;000;000;0000;0000;0000;CX;UN;100;000;000;A;BARD;0000062815;20;000;000;80689090080;VIGENTE;; ;N;N;100903878;ME;MN1810;N;N
0000033237;0000033237;AGULHA DESC.P/BIOPSIA MAGNUM 18GAX13CM;07082018;F;121000;000;000;0000;0000;0000;CX;UN;100;000;000;A;BARD;0000033237;20;000;000;80689090080;VIGENTE;; ;N;N;100903878;ME;MN1813;N;N
0000033238;0000033238;AGULHA DESC.P/BIOPSIA MAGNUM 18GAX16CM;19052020;F;125000;000;000;0000;0000;0000;CX;UN;100;000;000;A;BARD;0000033238;20;000;000;80689090080;VIGENTE;; ;N;N;100903878;ME;MN1816;N;N
0000044895;0000044895;AGULHA DESC.P/BIOPSIA MAGNUM 18GAX20CM;19052020;F;125000;000;000;0000;0000;0000;CX;UN;100;000;000;A;BARD;0000044895;20;000;000;80689090080;VIGENTE;; ;N;N;100903878;ME;MN1820;N;N
0000062816;0000062816;AGULHA DESC.P/BIOPSIA MAGNUM 18GAX25CM;19052020;F;125000;000;000;0000;0000;0000;CX;UN;100;000;000;A;BARD;0000062816;20;000;000;80689090080;VIGENTE;; ;N;N;100903878;ME;MN1825;N;N
0000062817;0000062817;AGULHA DESC.P/BIOPSIA MAGNUM 18GAX30CM;19052020;F;125000;000;000;0000;0000;0000;CX;UN;100;000;000;A;BARD;0000062817;20;000;000;80689090080;VIGENTE;; ;N;N;100903878;ME;MN1830;N;N
0000062818;0000062818;AGULHA DESC.P/BIOPSIA MAGNUM 20GAX10CM;19052020;F;125000;000;000;0000;0000;0000;CX;UN;100;000;000;A;BARD;0000062818;20;000;000;80689090080;VIGENTE;; ;N;N;100903878;ME;MN2010;N;N
0000239633;0000239633;AGULHA DESC.P/BIOPSIA MAGNUM 20GAX13CM;07082018;F;121000;000;000;0000;0000;0000;CX;UN;100;000;000;A;BARD;0000239633;20;000;000;80689090080;VIGENTE;; ;N;N;100903878;ME;MN2013;N;N
0000033244;0000033244;AGULHA DESC.P/BIOPSIA MAGNUM 20GAX16CM;07082018;F;121000;000;000;0000;0000;0000;CX;UN;100;000;000;A;BARD;0000033244;20;000;000;80689090080;VIGENTE;; ;N;N;100903878;ME;MN2016;N;N
0000033245;0000033245;AGULHA DESC.P/BIOPSIA MAGNUM 20GAX20CM;07082018;F;121000;000;000;0000;0000;0000;CX;UN;100;000;000;A;BARD;0000033245;20;000;000;80689090080;VIGENTE;; ;N;N;100903878;ME;MN2020;N;N
0000318287;0000318287;AGULHA HUBER 19GAX0,5" MINILOC SAFETY INFUSION SET;22102020;F;44612;000;000;0000;0000;0000;TYV;UN;100;000;000;A;BMR MEDICAL;0000318287;20;000;000;80299880164;VIGENTE;; ;N;N;100901999;ME;0631950;N;N
0000318286;0000318286;AGULHA HUBER 19GAX0,75" MINILOC SAFETY INFUSION SET;22102020;F;44612;000;000;0000;0000;0000;TYV;UN;100;000;000;A;BMR MEDICAL;0000318286;20;000;000;80299880164;VIGENTE;; ;N;N;100901999;ME;0631934;N;N
0000318284;0000318284;AGULHA HUBER 19GAX1,0" MINILOC SAFETY INFUSION SET;22102020;F;44612;000;000;0000;0000;0000;TYV;UN;100;000;000;A;BMR MEDICAL;0000318284;20;000;000;80299880164;VIGENTE;; ;N;N;100901999;ME;0631910;N;N
0000318285;0000318285;AGULHA HUBER 19GAX1,5" MINILOC SAFETY INFUSION SET;22102020;F;44612;000;000;0000;0000;0000;TYV;UN;100;000;000;A;BMR MEDICAL;0000318285;20;000;000;80299880164;VIGENTE;; ;N;N;100901999;ME;0631915;N;N
0000312458;0000312458;AGULHA HUBER 20GA 19MM BECARE;20112020;F;35000;000;000;0000;0000;0000;BL;UN;100;000;000;A;BECARE;0000312458;20;000;000;80808480045;VIGENTE;; ;N;N;100400132;MC;16318T;N;N
0000312459;0000312459;AGULHA HUBER 20GA 25MM BECARE;20112020;F;35000;000;000;0000;0000;0000;BL;UN;100;000;000;A;BECARE;0000312459;20;000;000;80808480045;VIGENTE;; ;N;N;100400167;MC;16319T;N;N
0000318291;0000318291;AGULHA HUBER 20GAX0,5" MINILOC SAFETY INFUSION SET;22102020;F;44612;000;000;0000;0000;0000;TYV;UN;100;000;000;A;BMR MEDICAL;0000318291;20;000;000;80299880164;VIGENTE;; ;N;N;100901999;ME;0632050;N;N
0000318290;0000318290;AGULHA HUBER 20GAX0,75" MINILOC SAFETY INFUSION SET;22102020;F;44612;000;000;0000;0000;0000;TYV;UN;100;000;000;A;BMR MEDICAL;0000318290;20;000;000;80299880164;VIGENTE;; ;N;N;100901999;ME;0632034;N;N
0000318298;0000318298;AGULHA HUBER 20GAX0,75" MINILOC SAFETY INFUSION SET C/INJ.LATERAL;22102020;F;44612;000;000;0000;0000;0000;TYV;UN;100;000;000;A;BMR MEDICAL;0000318298;20;000;000;80299880165;VIGENTE;; ;N;N;100902006;ME;0682034;N;N
0000318288;0000318288;AGULHA HUBER 20GAX1,0" MINILOC SAFETY INFUSION SET;22102020;F;44612;000;000;0000;0000;0000;TYV;UN;100;000;000;A;BMR MEDICAL;0000318288;20;000;000;80299880164;VIGENTE;; ;N;N;100901999;ME;0632010;N;N
0000318296;0000318296;AGULHA HUBER 20GAX1,0" MINILOC SAFETY INFUSION SET C/INJ.LATERAL;22102020;F;44612;000;000;0000;0000;0000;TYV;UN;100;000;000;A;BMR MEDICAL;0000318296;20;000;000;80299880165;VIGENTE;; ;N;N;100902006;ME;0682010;N;N
0000318289;0000318289;AGULHA HUBER 20GAX1,5" MINILOC SAFETY INFUSION SET;22102020;F;44612;000;000;0000;0000;0000;TYV;UN;100;000;000;A;BMR MEDICAL;0000318289;20;000;000;80299880164;VIGENTE;; ;N;N;100901999;ME;0632015;N;N
0000318297;0000318297;AGULHA HUBER 20GAX1,5" MINILOC SAFETY INFUSION SET C/INJ.LATERAL;22102020;F;44612;000;000;0000;0000;0000;TYV;UN;100;000;000;A;BMR MEDICAL;0000318297;20;000;000;80299880165;VIGENTE;; ;N;N;100902006;ME;0682015;N;N
0000318295;0000318295;AGULHA HUBER 22GAX0,5" MINILOC SAFETY INFUSION SET;22102020;F;44612;000;000;0000;0000;0000;TYV;UN;100;000;000;A;BMR MEDICAL;0000318295;20;000;000;80299880164;VIGENTE;; ;N;N;100901999;ME;0632250;N;N
0000318294;0000318294;AGULHA HUBER 22GAX0,75" MINILOC SAFETY INFUSION SET;22102020;F;44612;000;000;0000;0000;0000;TYV;UN;100;000;000;A;BMR MEDICAL;0000318294;20;000;000;80299880164;VIGENTE;; ;N;N;100901999;ME;0632234;N;N
0000318292;0000318292;AGULHA HUBER 22GAX01,0" MINILOC SAFETY INFUSION SET;22102020;F;44612;000;000;0000;0000;0000;TYV;UN;100;000;000;A;BMR MEDICAL;0000318292;20;000;000;80299880164;VIGENTE;; ;N;N;100901999;ME;0632210;N;N
0000318293;0000318293;AGULHA HUBER 22GAX01,5" MINILOC SAFETY INFUSION SET;22102020;F;44612;000;000;0000;0000;0000;TYV;UN;100;000;000;A;BMR MEDICAL;0000318293;20;000;000;80299880164;VIGENTE;; ;N;N;100901999;ME;0632215;N;N
0000178541;0000178541;AIXA 2+0,03MG 21CPDS REV.;19062020;V;3572;4938;000;0000;0000;0000;CX;CPDS;2100;000;000;A;SANOFI MEDLEY;0000178541;50;000;000;1832600060017;31032023;7896422531788;+;N;N;90315677;  ;;N;N
0000178542;0000178542;AIXA 2+0,03MG 63CPDS REV.;19062020;V;9754;13484;000;0000;0000;0000;CX;CPDS;6300;000;000;A;SANOFI MEDLEY;0000178542;50;000;000;1832600060033;31032023;7896422532228;+;N;N;90315685;  ;;N;N
0000314844;0000314844;AJOVY 150MG SOL.INJ.1SER.PREENC.1,5ML;05022021;V;230306;306839;000;0000;0000;0000;CX;SER;100;000;000;A;TEVA;0000314844;50;000;000;1557300500026;31122029;7898587901369;-;N;N;90471385;  ;;N;N
0000279506;0000279506;ALANILGLUTAMINA 1ML;03072020;F;840;000;000;0000;0000;0000;BOL;ML;100;000;000;A;SOLUS SOLUCOES;0000279506;50;000;000;ISENTO;;; ;S;N;;  ;;N;N
0000298634;0000298634;ALBENDAZOL 40MG/ML SUSP.ORAL 100FR 10ML(EMB.HOSP.);23062020;F;57276;000;000;5728;0000;0000;CX;FR;10000;000;000;A;TEUTO BRAS;0000298634;50;000;000;1037003130041;31082020;7896112117131;+;S;S;90404270;  ;;S;N
0000251222;0000251222;ALBENTEL 400MG 1CPD MAST.;07072020;V;621;858;000;0000;0000;0000;CX;CPD;100;000;000;A;TEUTO BRAS;0000251222;50;000;000;1037006760011;31032021;7896112197454;+;N;N;90381068;  ;;N;N
0000276164;0000276164;ALCOOL GEL QUALITY 210G;04062019;F;1107;000;000;0053;0000;0000;FR;GRS;21000;000;000;A;VIC PHARMA;0000276164;50;000;000;NOTIFICACAO;;7897877706875;-;N;S;;  ;;N;N
0000276161;0000276161;ALCOOL GEL QUALITY 430G;04062019;F;1440;000;000;0033;0000;0000;FR;GRS;43000;000;000;A;VIC PHARMA;0000276161;50;000;000;NOTIFICACAO;;7897877706882; ;N;S;;  ;;N;N
0000276162;0000276162;ALCOOL GEL QUALITY 850G FLIP TOP;04062019;F;1673;000;000;0020;0000;0000;FR;GRS;85000;000;000;A;VIC PHARMA;0000276162;50;000;000;NOTIFICACAO;;7897877706899;-;N;S;;  ;;N;N
0000276163;0000276163;ALCOOL GEL QUALITY 850G VALVULA PUMP;04062019;F;1673;000;000;0020;0000;0000;FR;GRS;85000;000;000;A;VIC PHARMA;0000276163;50;000;000;NOTIFICACAO;;;-;N;S;;  ;;N;N
0000269531;0000269531;ALDIJET 150+10MG/ML SOL.INJ.1AMP 1ML;30062020;V;1283;1774;000;0000;0000;0000;CX;AMP;100;000;000;A;SUPERA;0000269531;50;000;000;1037202650019;31122020;7899420500732;+;N;N;90345282;  ;;N;N
0000306787;0000306787;ALECENSA 150MG 224CAPS DURA;03072020;V;2681768;3572942;000;119722;159506;0000;CX;CAPS;22400;000;000;A;ROCHE;0000306787;50;000;000;1010006680014;31122023;7613326002486;-;N;S;90428803;  ;;N;N
0000280747;0000280747;ALEKTOS 20MG 15CPDS;07072020;V;3929;5235;000;2619;3490;0000;CX;CPDS;1500;000;000;A;TAKEDA;0000280747;50;000;000;1063902590042;30042021;7896641807763;-;N;S;90216920;  ;;N;N
0000311339;0000311339;ALEKTOS 20MG 4CPDS;07072020;V;1045;1392;000;2613;3480;0000;CX;CPDS;400;000;000;A;TAKEDA;0000311339;50;000;000;1063902590018;30042021;7896641807725;-;N;S;90216903;  ;;N;N
0000319197;0000319197;ALEKTOS PED 2,5MG/ML SOL.ORAL 120ML+COPO;24112020;V;4910;6542;000;0409;0545;0000;FR;ML;12000;000;000;A;TAKEDA;0000319197;50;000;000;1063902830019;31032030;7896641815027;-;N;S;90493265;  ;;N;N
0000310695;0000310695;ALENDRONATO SODICO 70MG 4CPDS;30062020;V;2557;3535;000;6393;8838;0000;CX;CPDS;400;000;000;A;ONEFARMA;0000310695;50;000;000;1048101440022;31102023;7898075317894;+;N;S;90436849;  ;;S;N
0000251217;0000251217;ALENDRONATO SODIO 70MG 4CPDS;07072020;V;1840;2544;000;4600;6360;0000;CX;CPDS;400;000;000;A;TEUTO BRAS;0000251217;50;000;000;1037006040025;31122023;7896112162322;+;N;S;90311973;  ;;S;N
0000280828;0000280828;ALEVO 500MG BLX10CPDS;30062020;V;6513;9004;000;6513;9004;0000;CX;CPDS;1000;000;000;A;SUPERA;0000280828;50;000;000;1037202510020;31082020;7899420501715;+;N;S;90365429;  ;;N;N
0000280830;0000280830;ALEVO 500MG BLX3CPDS;30062020;V;2294;3171;000;7647;10570;0000;CX;CPDS;300;000;000;A;SUPERA;0000280830;50;000;000;1037202510039;31082020;7899420501692;+;N;S;90365380;  ;;N;N
0000280829;0000280829;ALEVO 500MG BLX7CPDS;30062020;V;5339;7381;000;7627;10544;0000;CX;CPDS;700;000;000;A;SUPERA;0000280829;50;000;000;1037202510012;31082020;7899420501708;+;N;S;90365402;  ;;N;N
0000296905;0000296905;ALEVO 750MG 7CPDS REV.;30062020;V;6238;8624;000;8911;12320;0000;CX;CPDS;700;000;000;A;SUPERA;0000296905;50;000;000;1037202700032;30042021;7899420506550;+;N;S;90371275;  ;;N;N
0000280827;0000280827;ALEVO 750MG BLX5CPDS;30062020;V;4456;6160;000;8912;12320;0000;CX;CPDS;500;000;000;A;SUPERA;0000280827;50;000;000;1037202700024;30042021;7899420506666;+;N;S;90365437;  ;;N;N
0000308969;0000308969;ALEXA 0.06+0.015MG BL.AL.PVDC.24CPDS REV.;09072019;V;2305;3187;000;0960;1328;0000;CX;CPDS;2400;000;000;A;SIGMA PHARMA;0000308969;50;000;000;1356901600040;31082028;;+;N;S;90449169;  ;;N;N
0000314616;0000314616;ALGINAC 1+50+50+50MG 15CPDS REV.;12062020;V;2032;2809;000;1355;1873;0000;CX;CPDS;1500;000;000;A;PROCTER;0000314616;50;000;000;1214206630164;31072026;;+;N;S;90474830;  ;;N;N
0000314618;0000314618;ALGINAC 1+50+50+50MG 30CPDS REV.;12062020;V;4077;5636;000;1359;1879;0000;CX;CPDS;3000;000;000;A;PROCTER;0000314618;50;000;000;1214206630172;31072026;;+;N;S;90474848;  ;;N;N
0000314615;0000314615;ALGINAC 1+50+50+50MG 4CPDS REV.;12062020;V;541;748;000;1353;1870;0000;CX;CPDS;400;000;000;A;PROCTER;0000314615;50;000;000;1214206630131;31072026;;+;N;S;90474821;  ;;N;N
0000314611;0000314611;ALGINAC 5000 50+50+5+75MG/ML SOL.INJ.IM 1AMP.2ML+1AMP.1ML;12062020;V;673;930;000;0000;0000;0000;CX;AMP;200;000;000;A;PROCTER;0000314611;50;000;000;1214206630016;31072026;;+;N;N;90470508;  ;;N;N
0000314612;0000314612;ALGINAC 5000 50+50+5+75MG/ML SOL.INJ.IM 3AMP.2ML+3AMP.1ML;12062020;V;2020;2793;000;0000;0000;0000;CX;AMP;600;000;000;A;PROCTER;0000314612;50;000;000;1214206630024;31072026;;+;N;N;90470516;  ;;N;N
0000314614;0000314614;ALGINAC RETARD 1+100+100+100MG 10CPDS REV.LIB.RETARD.;12062020;V;4000;5530;000;4000;5530;0000;CX;CPDS;1000;000;000;A;PROCTER;0000314614;50;000;000;1214206630121;31072026;;+;N;S;90474813;  ;;N;N
0000314613;0000314613;ALGINAC RETARD 1+100+100+100MG 4CPDS REV.LIB.RETARD.;12062020;V;1763;2437;000;4408;6093;0000;CX;CPDS;400;000;000;A;PROCTER;0000314613;50;000;000;1214206630113;31072026;;+;N;S;90474805;  ;;N;N
0000308777;0000308777;ALIVDIP 500MG/ML SOL.INJ.120AMP 2ML(EMB.HOSP);07072020;F;8712;000;000;0726;0000;0000;CX;AMP;12000;000;000;A;TEUTO BRAS;0000308777;50;000;000;1037006300051;30062020;7896112196471;-;S;S;90312350;  ;;N;N
0000263755;0000263755;ALIVDIP 500MG/ML SOL.ORAL 20ML;07072020;V;610;813;000;0305;0407;0000;FR;ML;2000;000;000;A;TEUTO BRAS;0000263755;50;000;000;1037006240131;30052020;7896112194347;-;N;S;90339240;  ;;N;N
0000263758;0000263758;ALIVDIP 50MG/ML SOL.ORAL 100ML+COP.MED.;07072020;V;1096;1460;000;0110;0146;0000;FR;ML;10000;000;000;A;TEUTO BRAS;0000263758;50;000;000;1037006240237;30052020;7896112150381;-;N;S;90339258;  ;;N;N
0000318443;0000318443;ALLEGRA 120MG 2CPDS REV.;01112020;V;1135;1512;000;5675;7560;0000;CX;CPDS;200;000;000;A;SANOFI MEDLEY;0000318443;50;000;000;1832603590297;31052027;7891058000318;-;N;S;90494946;  ;;N;N
0000304702;0000304702;ALLEGRA 180MG 30CPDS REV.;01042020;V;21231;28286;000;7077;9429;0000;CX;CPDS;3000;000;000;A;SANOFI MEDLEY;0000304702;50;000;000;1832603590335;31052027;7891058022280;-;N;S;90481089;  ;;N;N
0000266245;0000266245;ALLEGRA D 180+240MG 5CPDS REV.LIB.PROL.;30062020;V;4506;6003;000;9012;12006;0000;CX;CPDS;500;000;000;A;SANOFI MEDLEY;0000266245;50;000;000;1832603130040;30112028;7891058002862;-;N;S;90467639;  ;;N;N
0000244679;0000244679;ALLEGRA D 60+120MG 10CPDS LIB.PROLONG.;30062020;V;4167;5552;000;4167;5552;0000;CX;CPDS;1000;000;000;A;SANOFI MEDLEY;0000244679;50;000;000;1832603130075;30112028;7891058006716;-;N;S;90467647;  ;;N;N
0000311356;0000311356;ALLENASAL 550MCG/ML SUSP.NASAL 16,5ML;30062020;V;4090;5654;000;0000;0000;0000;CX;FR;100;000;000;A;SANOFI MEDLEY;0000311356;50;000;000;1832604470015;31052025;7891058022778;+;N;N;90478398;  ;;N;N
0000240441;0000240441;ALLFORT 30CPDS REV.;09042019;F;5079;000;000;1693;0000;0000;CX;CPDS;3000;000;000;A;UNIAO QUIMICA;0000240441;50;000;000;1049713710010;28022023;7896006207757;-;N;S;;  ;;N;N
0000297260;0000297260;ALOPURINOL 100MG 60CPDS;30062020;V;1207;1669;000;0201;0278;0000;CX;CPDS;6000;000;000;A;SANDOZ;0000297260;50;000;000;1004703310265;30092021;7897595612397;+;S;S;90402871;  ;;S;N
0000297261;0000297261;ALOPURINOL 300MG 60CPDS;30062020;V;3198;4421;000;0533;0737;0000;CX;CPDS;6000;000;000;A;SANDOZ;0000297261;50;000;000;1004703310087;30092021;7897595622037;+;S;S;90402880;  ;;S;N
0000271435;0000271435;AMAGLYN 1MG 30CPDS;07072020;V;1063;1470;000;0354;0490;0000;CX;CPDS;3000;000;000;A;TEUTO BRAS;0000271435;50;000;000;1037006140021;31012025;7896112170372;+;N;S;90350979;  ;;N;N
0000267820;0000267820;AMAGLYN 2MG 30CPDS;07072020;V;2028;2804;000;0676;0935;0000;CX;CPDS;3000;000;000;A;TEUTO BRAS;0000267820;50;000;000;1037006140054;31012025;7896112170433;+;N;S;90312449;  ;;N;N
0000267821;0000267821;AMAGLYN 4MG 30CPDS;07072020;V;3927;5429;000;1309;1810;0000;CX;CPDS;3000;000;000;A;TEUTO BRAS;0000267821;50;000;000;1037006140089;31012025;7896112170495;+;N;S;90312457;  ;;N;N
0000300889;0000300889;AMARYL 2MG BL.AL.AL.30CPDS;30062020;V;3735;5163;000;1245;1721;0000;CX;CPDS;3000;000;000;A;SANOFI MEDLEY;0000300889;50;000;000;1832603880181;28022026;;+;N;S;90472128;  ;;N;N
0000300892;0000300892;AMARYL 3MG BL.AL.AL.30CPDS;30062020;V;4110;5682;000;1370;1894;0000;CX;CPDS;3000;000;000;A;SANOFI MEDLEY;0000300892;50;000;000;1832603880228;28022026;;+;N;S;90472136;  ;;N;N
0000300893;0000300893;AMARYL 4MG BL.AL.AL.30CPDS;30062020;V;7230;9995;000;2410;3332;0000;CX;CPDS;3000;000;000;A;SANOFI MEDLEY;0000300893;50;000;000;1832603880252;28022026;;+;N;S;90472144;  ;;N;N
0000289601;0000289601;AMINOFOR 120TABL.SABOR LIMAO;29042020;F;19200;000;000;1600;0000;0000;PT;TABL;12000;000;000;A;VITAFOR;0000289601;50;000;000;ISENTO;;7898943044464; ;N;S;;  ;;N;S
0000289603;0000289603;AMINOFOR 120TABL.SABOR TANGERINA;29042020;F;19200;000;000;1600;0000;0000;PT;TABL;12000;000;000;A;VITAFOR;0000289603;50;000;000;ISENTO;;7898949730033; ;N;S;;  ;;N;S
0000289604;0000289604;AMINOFOR 30SACH.7G SABOR LIMAO;29042020;F;22600;000;000;7533;0000;0000;CRT;SACH;3000;000;000;A;VITAFOR;0000289604;50;000;000;ISENTO;;7898943044389; ;N;S;;  ;;N;S
0000289605;0000289605;AMINOFOR 30SACH.7G SABOR TANGERINA;29042020;F;22600;000;000;7533;0000;0000;CRT;SACH;3000;000;000;A;VITAFOR;0000289605;50;000;000;ISENTO;;7898919865758; ;N;S;;  ;;N;S
0000289606;0000289606;AMINOFOR 420G SABOR LIMAO;29042020;F;38300;000;000;0000;0000;0000;PT;GRS;42000;000;000;A;VITAFOR;0000289606;50;000;000;ISENTO;;7898959478352; ;N;N;;  ;;N;S
0000289607;0000289607;AMINOFOR 420G SABOR TANGERINA;29042020;F;38300;000;000;0000;0000;0000;PT;GRS;42000;000;000;A;VITAFOR;0000289607;50;000;000;ISENTO;;7898959478369; ;N;N;;  ;;N;S
0000289600;0000289600;AMINOFOR 60TABL.SABOR LIMAO;29042020;F;10700;000;000;3567;0000;0000;PT;TABL;3000;000;000;A;VITAFOR;0000289600;50;000;000;ISENTO;;7898943044723; ;N;S;;  ;;N;S
0000289602;0000289602;AMINOFOR 60TABL.SABOR TANGERINA;29042020;F;10700;000;000;1783;0000;0000;PT;TABL;6000;000;000;A;VITAFOR;0000289602;50;000;000;ISENTO;;7898949730996; ;N;S;;  ;;N;S
0000316278;0000316278;AMITIZA 24MCG 2CAPS MOLE;23072020;V;969;1291;000;4845;6455;0000;CX;CAPS;200;000;000;A;TAKEDA;0000316278;50;000;000;1063902800012;30112029;7896641812675;-;N;S;90473744;  ;;N;N
0000316279;0000316279;AMITIZA 24MCG 30CAPS MOLE;23072020;V;8700;11591;000;2900;3864;0000;CX;CAPS;3000;000;000;A;TAKEDA;0000316279;50;000;000;1063902800039;30112029;7896641812699;-;N;S;90473752;  ;;N;N
0000316280;0000316280;AMITIZA 24MCG 60CAPS MOLE;23072020;V;16372;21813;000;2729;3636;0000;CX;CAPS;6000;000;000;A;TAKEDA;0000316280;50;000;000;1063902800047;30112029;7896641812705;-;N;S;90473710;  ;;N;N
0000316275;0000316275;AMITIZA 8MCG 2CAPS MOLE;23072020;V;323;430;000;1615;2150;0000;CX;CAPS;200;000;000;A;TAKEDA;0000316275;50;000;000;1063902800055;30112029;7896641812637;-;N;S;90473728;  ;;N;N
0000316276;0000316276;AMITIZA 8MCG 30CAPS MOLE;23072020;V;4843;6452;000;1614;2151;0000;CX;CAPS;3000;000;000;A;TAKEDA;0000316276;50;000;000;1063902800071;30112029;7896641812651;-;N;S;90473698;  ;;N;N
0000316277;0000316277;AMITIZA 8MCG 60CAPS MOLE;23072020;V;9203;12261;000;1534;2044;0000;CX;CAPS;6000;000;000;A;TAKEDA;0000316277;50;000;000;1063902800081;30112029;7896641812668;-;N;S;90473701;  ;;N;N
0000283989;0000283989;AMLODIL 10MG 30CPDS;30062020;V;2000;2765;000;0667;0922;0000;CX;CPDS;3000;000;000;A;VITAPAN;0000283989;50;000;000;1039201500109;31102022;7898049795574;+;N;S;90358732;  ;;N;N
0000277859;0000277859;AMLODIL 5MG 30CPDS;30062020;V;1582;2187;000;0527;0729;0000;CX;CPDS;3000;000;000;A;VITAPAN;0000277859;50;000;000;1039201500095;31102022;7898049795567;+;N;S;90358791;  ;;N;N
0000241431;0000241431;AMOXICILINA 500MG 500CAPS GEL.DURA(EMB.HOSP.);23062020;F;71166;000;000;1423;0000;0000;CX;CAPS;50000;000;000;A;TEUTO BRAS;0000241431;50;000;000;1037004470091;31032024;7896112132240;+;S;S;90286677;  ;;S;N
0000282129;0000282129;AMOXICILINA 500MG PVDC 500CAPS GEL.DURA(EMB.HOSP.);07072020;F;71166;000;000;1423;0000;0000;CX;CAPS;50000;000;000;A;TEUTO BRAS;0000282129;50;000;000;1037004470189;31032024;7896112192060;+;S;S;90381084;  ;;S;N
0000281715;0000281715;AMOXICILINA 500MG PVDC TRANSP.15CAPS GEL.DURA;07072020;V;1287;1779;000;0858;1186;0000;CX;CAPS;1500;000;000;A;TEUTO BRAS;0000281715;50;000;000;1037004470121;31032024;7896112192008;+;N;S;90370260;  ;;S;N
0000281717;0000281717;AMOXICILINA 500MG PVDC TRANSP.21CAPS GEL.DURA;07072020;V;1462;2021;000;0696;0962;0000;CX;CAPS;2100;000;000;A;TEUTO BRAS;0000281717;50;000;000;1037004470138;31032024;7896112192015;+;N;S;90358031;  ;;S;N
0000281718;0000281718;AMOXICILINA 500MG PVDC TRANSP.30CAPS GEL.DURA;07072020;V;2304;3185;000;0768;1062;0000;CX;CAPS;3000;000;000;A;TEUTO BRAS;0000281718;50;000;000;1037004470146;31032024;7896112192022;+;N;S;90370279;  ;;S;N
0000257110;0000257110;AMOXICILINA+CLAVULANATO POTASSIO 500+125MG 14CPDS REV.;30062020;V;5777;7986;000;4126;5704;0000;CX;CPDS;1400;000;000;A;SANDOZ;0000257110;50;000;000;1004704570295;31082021;7897595624635; ;N;S;90252136;  ;;S;N
0000285001;0000285001;AMOXICILINA+CLAVULANATO POTASSIO 500+125MG 18CPDS REV.;30062020;V;7398;10227;000;4110;5682;0000;CX;CPDS;1800;000;000;A;SANDOZ;0000285001;50;000;000;1004704570333;31082021;7897595633316;+;N;S;90372069;  ;;S;N
0000257114;0000257114;AMOXICILINA+CLAVULANATO POTASSIO 500+125MG 21CPDS REV.;30062020;V;8645;11951;000;4117;5691;0000;CX;CPDS;2100;000;000;A;SANDOZ;0000257114;50;000;000;1004704570309;31082021;7897595624642; ;N;S;90252144;  ;;S;N
0000290582;0000290582;AMOXICILINA+CLAVULANATO POTASSIO 80+11,4MG/ML PO SUSP.ORAL 70ML+SER.DOS.;07072020;V;4508;6232;000;0644;0890;0000;FR;ML;7000;000;000;A;TEUTO BRAS;0000290582;50;000;000;1037007050016;31072027;7896112101734;+;N;S;90381190;  ;;S;N
0000290581;0000290581;AMOXICILINA+CLAVULANATO POTASSIO 875+125MG 14CPDS REV.;07072020;V;6489;8971;000;4635;6408;0000;FR;CPDS;1400;000;000;A;TEUTO BRAS;0000290581;50;000;000;1037007060046;31072022;7896112101710;+;N;S;90381181;  ;;S;N
0000241530;0000241530;AMPICILINA 50MG/ML 50FR 60ML+50CP.MED.;26062020;F;31800;000;000;6360;0000;0000;CX;FR;5000;000;000;A;PRATI-DONADUZZI;0000241530;50;000;000;1256801440101;31052023;7899547502220;+;S;S;90237072;  ;;S;N
0000257942;0000257942;AMPICILINA SODICA 1G PO 50FA(EMB.HOSP.);07072020;F;53954;000;000;10791;0000;0000;CX;FA;5000;000;000;A;TEUTO BRAS;0000257942;50;000;000;1037002990231;30042030;7896112192152;+;S;S;90312260;  ;;S;N
0000257934;0000257934;AMPICILINA SODICA 50MG PO 50FA(EMB.HOSP.);23062020;F;14888;000;000;2978;0000;0000;CX;FA;5000;000;000;A;TEUTO BRAS;0000257934;50;000;000;1037002990193;30042030;7896112192114;+;S;S;90312252;  ;;S;N
0000277005;0000277005;ANADOR 500MG 128CPDS;17022021;V;9979;13295;000;0780;1039;0000;CX;CPDS;12800;000;000;A;SANOFI MEDLEY;0000277005;50;000;000;1832603140135;30012026;7891058021672;-;N;S;90455762;  ;;N;N
0000320640;0000320640;ANADOR 500MG 4CPDS F.V.(128CPDS);17022021;V;000;415;000;0000;1038;0000;CX;CPDS;400;000;000;A;SANOFI MEDLEY;0000320640;50;000;000;1832603140135;31012026;;-;N;S;;  ;;N;N
0000320641;0000320641;ANADOR 500MG 4CPDS F.V.(240CPDS);17022021;V;000;415;000;0000;1038;0000;CX;CPDS;400;000;000;A;SANOFI MEDLEY;0000320641;50;000;000;1832603140070;31012026;;-;N;S;;  ;;N;N
0000320642;0000320642;ANADOR 500MG 4CPDS F.V.(512CPDS);17022021;V;000;415;000;0000;1038;0000;CX;CPDS;400;000;000;A;SANOFI MEDLEY;0000320642;50;000;000;1832603140097;31012026;;-;N;S;;  ;;N;N
0000308624;0000308624;ANASTROZOL 1MG 30CPDS REV;30062020;V;53980;74624;000;17993;24875;0000;CX;CPDS;3000;000;000;A;SANDOZ;0000308624;50;000;000;1004706090010;30052023;7897595633927;+;N;S;90403096;  ;;S;N
0000296907;0000296907;ANDES 100MG 30CPDS LIB.PROL.;30062020;V;7785;10762;000;2595;3587;0000;CX;CPDS;3000;000;000;A;SUPERA;0000296907;50;000;000;1037202790171;14082022;7899420506802;+;N;S;90420950;  ;;N;N
0000314303;0000314303;ANDES 100MG 60CPDS LIB.PROLONG.;30062020;V;13677;18908;000;2280;3151;0000;CX;CPDS;6000;000;000;A;SUPERA;0000314303;50;000;000;1037202790392;31082027;7899420507229;+;N;S;90476859;  ;;N;N
0000296906;0000296906;ANDES 100MG 7CPDS LIB.PROL.;30062020;V;1855;2564;000;2650;3663;0000;CX;CPDS;700;000;000;A;SUPERA;0000296906;50;000;000;1037202790112;14082022;7899420506796;+;N;S;90420942;  ;;N;N
0000296909;0000296909;ANDES 50MG 30CPDS LIB.PROL.;30062020;V;5787;8000;000;1929;2667;0000;CX;CPDS;3000;000;000;A;SUPERA;0000296909;50;000;000;1037202790279;14082022;7899420506772;+;N;S;90420934;  ;;N;N
0000314304;0000314304;ANDES 50MG 60CPDS LIB.PROLONG.;30062020;V;11573;15999;000;1929;2667;0000;CX;CPDS;6000;000;000;A;SUPERA;0000314304;50;000;000;1037202790090;31082027;7899420507236;+;N;S;90476840;  ;;N;N
0000296908;0000296908;ANDES 50MG 7CPDS LIB.PROL.;30062020;V;1698;2347;000;2426;3353;0000;CX;CPDS;700;000;000;A;SUPERA;0000296908;50;000;000;1037202790211;14082022;7899420506765;+;N;S;90420926;  ;;N;N
0000239847;0000239847;ANIDULAFUNGINA 100MG PO LIOF.1FA;07082020;V;27346;37804;000;0000;0000;0000;CX;FA;100;000;000;A;WYETH;0000239847;50;000;000;1211002980014;31102022;7891045020510;+;N;N;90272641;  ;;S;N
0000261036;0000261036;ANTIDIN 150MG 100CPDS REV.(EMB.HOSP.);23062020;F;9613;000;000;0961;0000;0000;CX;CPDS;10000;000;000;A;TEUTO BRAS;0000261036;50;000;000;1037006220171;31052020;7896112126089;+;S;S;90312406;  ;;N;N
0000261039;0000261039;ANTIDIN 150MG 20CPDS REV.;07072020;V;1051;1453;000;0526;0727;0000;CX;CPDS;2000;000;000;A;TEUTO BRAS;0000261039;50;000;000;1037006220163;31052020;7896112123705;+;N;S;90311914;  ;;N;N
0000308776;0000308776;ANTIDIN 300MG 20CPDS REV.;07072020;V;4373;6045;000;2187;3023;0000;CX;CPDS;2000;000;000;A;TEUTO BRAS;0000308776;50;000;000;1037006220074;31052020;7896112195900;+;N;S;90450639;  ;;N;N
0000306810;0000306810;ANYA 1MG 28CPDS REV.;21072020;V;65030;89900;000;23225;32107;0000;CX;CPDS;2800;000;000;A;SUN FARMACEUTICA;0000306810;50;000;000;1468200670026;30092028;7898909981970;+;N;S;90413636;  ;;N;N
0000315355;0000315355;ANYA 1MG 30CPDS REV.;21072020;V;69674;96320;000;23225;32107;0000;CX;CPDS;3000;000;000;A;SUN FARMACEUTICA;0000315355;50;000;000;1468200670034;30092028;7898272945692;+;N;S;90455630;  ;;N;N
0000315356;0000315356;ANYA 1MG 90CPDS REV.;21072020;V;209026;288966;000;23225;32107;0000;CX;CPDS;9000;000;000;A;SUN FARMACEUTICA;0000315356;50;000;000;1468200670050;30092028;7898272945708;+;N;S;90455711;  ;;N;N
0000246304;0000246304;ARACELI 0,075MG 28CPDS REV.;19062020;V;2434;3365;000;0000;0000;0000;CX;CPDS;2800;000;000;A;SANOFI MEDLEY;0000246304;50;000;000;1832601230013;28022024;7896422533898;+;N;N;90315723;  ;;N;N
0000246305;0000246305;ARACELI 0,075MG 84CPDS REV.;19062020;V;6571;9084;000;0000;0000;0000;CX;CPDS;8400;000;000;A;SANOFI MEDLEY;0000246305;50;000;000;1832601230031;28022024;7896422533911;+;N;N;90315731;  ;;N;N
0000312652;0000312652;ARCTIC SUN ARCTIC GEL PADS SENSOR TEMPERATURA TAM.NEO.;22122020;F;800000;000;000;0000;0000;0000;CX;UN;100;000;000;A;BARD;0000312652;20;000;000;80689090154;VIGENTE;; ;N;N;100887988;ME;318-02;N;N
0000286450;0000286450;ARIPIPRAZOL 10MG 10CPDS;30062020;V;13428;18563;000;13428;18563;0000;CX;CPDS;1000;000;000;A;ZYDUS NIKKHO;0000286450;50;000;000;1565100570013;30042021;7898927562830;+;N;S;90387520;  ;;S;N
0000285005;0000285005;ARIPIPRAZOL 10MG 30CPDS;30062020;V;15351;21222;000;5117;7074;0000;CX;CPDS;3000;000;000;A;SANDOZ;0000285005;50;000;000;1004705870020;30042021;7897595627032;+;N;S;90358074;  ;;S;N
0000286451;0000286451;ARIPIPRAZOL 10MG 30CPDS;30062020;V;40288;55696;000;13429;18565;0000;CX;CPDS;3000;000;000;A;ZYDUS NIKKHO;0000286451;50;000;000;1565100570031;30042021;7898927562847;+;N;S;90387538;  ;;S;N
0000288843;0000288843;ARIPIPRAZOL 15MG 10CPDS;30062020;V;20144;27848;000;20144;27848;0000;CX;CPDS;1000;000;000;A;ZYDUS NIKKHO;0000288843;50;000;000;1565100570056;30042021;7898927562861;+;N;S;90387570;  ;;S;N
0000285004;0000285004;ARIPIPRAZOL 15MG 30CPDS;30062020;V;22501;31106;000;7500;10369;0000;CX;CPDS;3000;000;000;A;SANDOZ;0000285004;50;000;000;1004705870012;30042021;7897595627049;+;N;S;90358082;  ;;S;N
0000288844;0000288844;ARIPIPRAZOL 15MG 30CPDS;30062020;V;60434;83546;000;20145;27849;0000;CX;CPDS;3000;000;000;A;ZYDUS NIKKHO;0000288844;50;000;000;1565100570021;30042021;7898927562878;+;N;S;90387546;  ;;S;N
0000285006;0000285006;ARIPIPRAZOL 20MG 30CPDS;30062020;V;47913;66237;000;15971;22079;0000;CX;CPDS;3000;000;000;A;SANDOZ;0000285006;50;000;000;1004705870039;30042021;7897595627056;+;N;S;90358090;  ;;S;N
0000285007;0000285007;ARIPIPRAZOL 30MG 30CPDS;30062020;V;78383;108360;000;26128;36120;0000;CX;CPDS;3000;000;000;A;SANDOZ;0000285007;50;000;000;1004705870047;30042021;7897595627063;+;N;S;90380622;  ;;S;N
0000312379;0000312379;ARPEJO 20MG/ML SUSP.GTS.ORAL 30ML;07072020;V;24806;34293;000;8269;11431;0000;FR;ML;3000;000;000;A;SIGMA PHARMA;0000312379;50;000;000;1023513070014;31082024;7894916514927;+;N;S;90478908;  ;;N;N
0000320085;0000320085;ASEA 20MG 10CPDS REV.;05012021;V;852;1178;000;0852;1178;0000;CX;CPDS;1000;000;000;A;SUPERA;0000320085;50;000;000;1037202900015;30042030;7899420502675;+;N;S;90487370;  ;;N;N
0000320083;0000320083;ASEA 20MG 30CPDS REV.;05012021;V;2556;3534;000;0852;1178;0000;CX;CPDS;3000;000;000;A;SUPERA;0000320083;50;000;000;1037202900031;30042030;7899420502682;+;N;S;90487389;  ;;N;N
0000320086;0000320086;ASEA 40MG 10CPDS REV.;05012021;V;896;1238;000;0896;1238;0000;CX;CPDS;1000;000;000;A;SUPERA;0000320086;50;000;000;1037202900066;30042030;7899420506970;+;N;S;90487397;  ;;N;N
0000320084;0000320084;ASEA 40MG 30CPDS REV.;05012021;V;2687;3715;000;0896;1238;0000;CX;CPDS;3000;000;000;A;SUPERA;0000320084;50;000;000;1037202900082;30042030;7899420506987;+;N;S;90487400;  ;;N;N
0000269532;0000269532;ASEA HCT 20+12,5MG 10CPDS REV.;30062020;V;1572;2173;000;1572;2173;0000;CX;CPDS;1000;000;000;A;SUPERA;0000269532;50;000;000;1037202690010;31012021;7899420503207;+;N;S;90345495;  ;;N;N
0000269533;0000269533;ASEA HCT 20+12,5MG 30CPDS REV.;30062020;V;4788;6619;000;1596;2206;0000;CX;CPDS;3000;000;000;A;SUPERA;0000269533;50;000;000;1037202690037;31012021;7899420503221;+;N;S;90345258;  ;;N;N
0000269534;0000269534;ASEA HCT 40+12,5MG 10CPDS REV.;30062020;V;1674;2314;000;1674;2314;0000;CX;CPDS;1000;000;000;A;SUPERA;0000269534;50;000;000;1037202690061;31012021;7899420503252;+;N;S;90345479;  ;;N;N
0000269535;0000269535;ASEA HCT 40+12,5MG 30CPDS REV.;30062020;V;4788;6619;000;1596;2206;0000;CX;CPDS;3000;000;000;A;SUPERA;0000269535;50;000;000;1037202690088;31012021;7899420503276;+;N;S;90345266;  ;;N;N
0000269536;0000269536;ASEA HCT 40+25MG 10CPDS REV.;30062020;V;1674;2314;000;1674;2314;0000;CX;CPDS;1000;000;000;A;SUPERA;0000269536;50;000;000;1037202690118;31012021;7899420503153;+;N;S;90345487;  ;;N;N
0000269537;0000269537;ASEA HCT 40+25MG 30CPDS REV.;30062020;V;4788;6619;000;1596;2206;0000;CX;CPDS;3000;000;000;A;SUPERA;0000269537;50;000;000;1037202690134;31012021;7899420503177;+;N;S;90345274;  ;;N;N
0000277158;0000277158;ATENOLOL CLORTALIDONA 100+25MG 30CPDS;30062020;V;3640;5032;000;1213;1677;0000;CX;CPDS;3000;000;000;A;SANDOZ;0000277158;50;000;000;1004705860017;30042021;7897595633422;+;N;S;90350537;  ;;S;N
0000277159;0000277159;ATENOLOL CLORTALIDONA 50+12,5MG 30CPDS;30062020;V;2041;2822;000;0680;0941;0000;CX;CPDS;3000;000;000;A;SANDOZ;0000277159;50;000;000;1004705860033;30042021;7897595633361;+;N;S;90350545;  ;;S;N
0000305503;0000305503;ATENOLOL+CLORTALIDONA 100+25MG 28CPDS;30062020;V;2313;3198;000;0826;1142;0000;CX;CPDS;2800;000;000;A;VITAPAN;0000305503;50;000;000;1039201920027;28022024;7898049796496;+;N;S;90434250;  ;;S;N
0000305504;0000305504;ATENOLOL+CLORTALIDONA 50+12,5MG 28CPDS;30062020;V;1605;2219;000;0573;0793;0000;CX;CPDS;2800;000;000;A;VITAPAN;0000305504;50;000;000;1039201920019;28022024;7898049796489;+;N;S;90434269;  ;;S;N
0000307279;0000307279;ATENORESE 50+12,5MG 30CPDS;30062020;V;2380;3290;000;0793;1097;0000;CX;CPDS;3000;000;000;A;SANDOZ;0000307279;50;000;000;1004703450156;30112024;7897595612168;+;N;S;90227433;  ;;N;N
0000284063;0000284063;ATEROMA 10MG 10CPDS REV.;30062020;V;1663;2299;000;1663;2299;0000;CX;CPDS;1000;000;000;A;SUPERA;0000284063;50;000;000;1037202630018;30112020;7898943707000;+;N;S;90345401;  ;;N;N
0000284065;0000284065;ATEROMA 10MG 30CPDS REV.;30062020;V;4989;6897;000;1663;2299;0000;CX;CPDS;3000;000;000;A;SUPERA;0000284065;50;000;000;1037202630026;30112020;7898943707024;+;N;S;90345290;  ;;N;N
0000284070;0000284070;ATEROMA 20MG 10CPDS REV.;30062020;V;1663;2299;000;1663;2299;0000;CX;CPDS;1000;000;000;A;SUPERA;0000284070;50;000;000;1037202630050;30112020;7898943707062;+;N;S;90345410;  ;;N;N
0000284071;0000284071;ATEROMA 20MG 30CPDS REV.;30062020;V;4989;6897;000;1663;2299;0000;CX;CPDS;3000;000;000;A;SUPERA;0000284071;50;000;000;1037202630069;30112020;7898943707086;+;N;S;90345304;  ;;N;N
0000284073;0000284073;ATEROMA 40MG 10CPDS REV.;30062020;V;3326;4598;000;3326;4598;0000;CX;CPDS;1000;000;000;A;SUPERA;0000284073;50;000;000;1037202630093;30112020;7898943707123;+;N;S;90345428;  ;;N;N
0000284075;0000284075;ATEROMA 40MG 30CPDS REV.;30062020;V;9976;13791;000;3325;4597;0000;CX;CPDS;3000;000;000;A;SUPERA;0000284075;50;000;000;1037202630107;30112020;7898943707147;+;N;S;90345312;  ;;N;N
0000313245;0000313245;ATESTO 250MG/ML SOL.INJ.FA 4ML;30062020;V;29854;41271;000;298540;412710;0000;CX;FA;100;000;000;A;SUPERA;0000313245;50;000;000;1037202880014;30092029;7899420507076;+;N;S;90460570;  ;;N;N
0000269538;0000269538;ATIP 100MG 14CPDS REV.;30062020;V;4290;5931;000;3064;4236;0000;CX;CPDS;1400;000;000;A;SUPERA;0000269538;50;000;000;1037202460015;31052020;7899420501043;+;N;S;90329830;  ;;N;N
0000269539;0000269539;ATIP 100MG 30CPDS REV.;30062020;V;9577;13240;000;3192;4413;0000;CX;CPDS;3000;000;000;A;SUPERA;0000269539;50;000;000;1037202460112;31052020;7899420506376;+;N;S;90329848;  ;;N;N
0000269540;0000269540;ATIP 200MG 14CPDS REV.;30062020;V;8740;12083;000;6243;8631;0000;CX;CPDS;1400;000;000;A;SUPERA;0000269540;50;000;000;1037202460023;31052020;7899420501081;+;N;S;90329856;  ;;N;N
0000269541;0000269541;ATIP 200MG 30CPDS REV.;30062020;V;18729;25892;000;6243;8631;0000;CX;CPDS;3000;000;000;A;SUPERA;0000269541;50;000;000;1037202460120;31052020;7899420506383;+;N;S;90329864;  ;;N;N
0000269542;0000269542;ATIP 25MG 14CPDS REV.;30062020;V;1718;2375;000;1227;1696;0000;CX;CPDS;1400;000;000;A;SUPERA;0000269542;50;000;000;1037202460074;31052020;7898943707994;+;N;S;90329813;  ;;N;N
0000269543;0000269543;ATIP 25MG 30CPDS REV.;30062020;V;3949;5459;000;1316;1820;0000;CX;CPDS;3000;000;000;A;SUPERA;0000269543;50;000;000;1037202460104;31052020;7899420506369;+;N;S;90329821;  ;;N;N
0000269544;0000269544;ATIP XR 50MG 10CPDS REV.LIB.PROLONG.;30062020;V;2591;3582;000;2591;3582;0000;CX;CPDS;1000;000;000;A;SUPERA;0000269544;50;000;000;1037202470010;31052020;7899420504969;+;N;S;90329872;  ;;N;N
0000269545;0000269545;ATIP XR 50MG 30CPDS REV.LIB.PROLONG.;30062020;V;8378;11582;000;2793;3861;0000;CX;CPDS;3000;000;000;A;SUPERA;0000269545;50;000;000;1037202470029;31052020;7899420504983;+;N;S;90329880;  ;;N;N
0000256015;0000256015;ATLANSIL 150MG SOL.INJ.50AMP 3ML;10042018;F;12318;000;000;2464;0000;0000;CX;AMP;5000;000;000;A;SANOFI MEDLEY;0000256015;50;000;000;1130010680067;31052023;7897595900630;+;N;S;90269632;  ;;N;N
0000271769;0000271769;ATORVASTATINA CALCICA 10MG 30CPDS REV;30062020;V;5301;7328;000;1767;2443;0000;CX;CPDS;3000;000;000;A;SANDOZ;0000271769;50;000;000;1004705430020;30042020;7897595625274;+;N;S;90310535;  ;;S;N
0000271770;0000271770;ATORVASTATINA CALCICA 20MG 30CPDS REV.;30062020;V;5301;7328;000;1767;2443;0000;CX;CPDS;3000;000;000;A;SANDOZ;0000271770;50;000;000;1004705430047;30042020;7897595625304;+;N;S;90310543;  ;;S;N
0000271771;0000271771;ATORVASTATINA CALCICA 40MG 30CPDS REV.;30062020;V;10604;14659;000;3535;4886;0000;CX;CPDS;3000;000;000;A;SANDOZ;0000271771;50;000;000;1004705430071;30042020;7897595625328;+;N;S;90310551;  ;;S;N
0000252172;0000252172;AUBAGIO 14MG 30CPDS REV.;16062020;V;609821;812470;000;203274;270823;0000;CX;CPDS;3000;000;000;A;SANOFI MEDLEY;0000252172;50;000;000;1832603150017;31032029;7898328480498;-;N;S;90455975;  ;;N;N
0000269246;0000269246;AVAL 160MG 30CPDS REV.;30062020;V;3134;4333;000;1045;1444;0000;CX;CPDS;3000;000;000;A;SUPERA;0000269246;50;000;000;1037202590067;30102020;7899420502330;+;N;S;90345177;  ;;N;N
0000269247;0000269247;AVAL 320MG 30CPDS REV.;30062020;V;3134;4333;000;1045;1444;0000;CX;CPDS;3000;000;000;A;SUPERA;0000269247;50;000;000;1037202590105;30102020;7899420502378;+;N;S;90345207;  ;;N;N
0000269245;0000269245;AVAL 80MG 30CPDS REV.;30062020;V;3134;4333;000;1045;1444;0000;CX;CPDS;3000;000;000;A;SUPERA;0000269245;50;000;000;1037202590024;30102020;7899420502316;+;N;S;90345169;  ;;N;N
0000309631;0000309631;AVENTAL  MANGA LONGA PUNHO LASTEX/TIRAS DESC.;09032021;A;2000;000;000;0000;0000;0000;   ;UN;100;000;000;S;SKY DESCARTAVEIS;0000309631;20;000;000;80251280007;VIGENTE;; ;N;N;;MC;01081;N;N
0000299120;0000299120;AVENTAL C/MANGA LONGA PUNHO LASTEX DESC.;09032021;A;1200;000;000;0000;0000;0000;   ;UN;100;000;000;S;SKY DESCARTAVEIS;0000299120;20;000;000;80251289001;VIGENTE;; ;N;N;;MC;01305;N;N
0000285410;0000285410;AVENTAL C/MANGA LONGA PUNHO LASTEX MED.DESC.;09032021;A;2290;000;000;0000;0000;0000;   ;UN;100;000;000;S;SKY DESCARTAVEIS;0000285410;20;000;000;80251289001;VIGENTE;; ;N;N;;MC;01306;N;N
0000295556;0000295556;AVENTAL S/MANGA AZUL MARINHO DESC.10UNID;09032021;A;7000;000;000;7000;0000;0000;PCT;UN;1000;000;000;S;SKY DESCARTAVEIS;0000295556;20;000;000;80251280007;VIGENTE;; ;N;S;;MC;01173;N;N
0000285347;0000285347;AVIANT 0,5MG/ML XPE 100ML+DOS;30062020;V;4709;6274;000;0471;0627;0000;FR;ML;10000;000;000;A;SCHERING PLOUGH;0000285347;50;000;000;1017102060071;31072021;7897572006331;-;N;S;90385179;  ;;N;N
0000285346;0000285346;AVIANT 0,5MG/ML XPE 60ML+DOS;30062020;V;2779;3702;000;0463;0617;0000;FR;ML;6000;000;000;A;SCHERING PLOUGH;0000285346;50;000;000;1017102060045;31072021;7897572006324;-;N;S;90385160;  ;;N;N
0000285344;0000285344;AVIANT 5MG 10CPDS REV.;30062020;V;3495;4656;000;3495;4656;0000;CX;CPDS;1000;000;000;A;SCHERING PLOUGH;0000285344;50;000;000;1017102060010;31072021;7897572006294;-;N;S;90385187;  ;;N;N
0000285345;0000285345;AVIANT 5MG 30CPDS REV.;30062020;V;8175;10892;000;2725;3631;0000;CX;CPDS;3000;000;000;A;SCHERING PLOUGH;0000285345;50;000;000;1017102060088;31072021;7897572006287;-;N;S;90385195;  ;;N;N
0000302270;0000302270;AVIANT EFE 2,5+120MG 10CPDS REV.LIB.MOD;30062020;V;3753;5000;000;3753;5000;0000;BL;CPDS;1000;000;000;A;SCHERING PLOUGH;0000302270;50;000;000;1017102070024;30012022;7897572020016;-;N;S;90410025;  ;;N;N
0000266352;0000266352;AXETIL CEFUROXIMA 250MG 10CPDS REV.;07082020;V;5777;7986;000;5777;7986;0000;CX;CPDS;1000;000;000;A;RANBAXY;0000266352;50;000;000;1235202350119;31072025;7897076918819;+;N;S;90479009;  ;;S;N
0000317465;0000317465;AXETIL CEFUROXIMA 250MG 14CPDS REV.;15092020;V;8086;11179;000;5776;7985;0000;CX;CPDS;1400;000;000;A;RANBAXY;0000317465;50;000;000;1235202350127;31072025;7897076918826;+;N;S;90479017;  ;;S;N
0000266353;0000266353;AXETIL CEFUROXIMA 500MG 10CPDS REV.;07072020;V;7881;10895;000;7881;10895;0000;CX;CPDS;1000;000;000;A;RANBAXY;0000266353;50;000;000;1235202350178;31072025;7897076918840;+;N;S;90478975;  ;;S;N
0000277155;0000277155;AXETILCEFUROXIMA 500MG 10CPDS;24042018;V;7453;10303;000;7453;10303;0000;CX;CPDS;1000;000;000;A;SANDOZ;0000277155;50;000;000;1004705780031;31122020;7897595630043;+;N;S;90350499;  ;;S;N
0000298534;0000298534;AXETILCEFUROXIMA 500MG 14CPDS;19062020;V;9856;13625;000;7040;9732;0000;CX;CPDS;1400;000;000;A;SANOFI MEDLEY;0000298534;50;000;000;1832602850066;30042022;7896422506083;+;N;S;90391861;  ;;S;N
0000265307;0000265307;AXETILCEFUROXIMA 500MG 14CPDS REV.;01112020;V;11033;15253;000;7881;10895;0000;CX;CPDS;1400;000;000;A;RANBAXY;0000265307;50;000;000;1235202350186;31072025;7897076918857;+;N;S;90478983;  ;;S;N
0000313282;0000313282;AZACITIDINA 100+200MG PO LIOF.SUSP.INJ.FA;30062020;F;121093;000;000;0000;0000;0000;CX;FA;100;000;000;A;UNITED MEDICAL;0000313282;50;000;000;1257600250018;31102026;7898054580011;-;S;N;90358597;  ;;S;N
0000308970;0000308970;AZI 1000MG BL.AL.PLAS.1CPDS REV.;09072019;V;2188;3025;000;0000;0000;0000;CX;CPD;100;000;000;A;SIGMA PHARMA;0000308970;50;000;000;1356907190014;30042022;;+;N;N;90448030;  ;;N;N
0000309140;0000309140;AZI IV 500MG PO LIOF.SOL.INFUS.10FA;09072019;V;137286;189790;000;137286;189790;0000;CX;FA;1000;000;000;A;SIGMA PHARMA;0000309140;50;000;000;1356907270026;30042023;7894916512527;+;N;S;90413024;  ;;N;N
0000283862;0000283862;AZILECT 1MG 10CPDS;19062020;V;5055;6735;000;5055;6735;0000;CX;CPDS;1000;000;000;A;TEVA;0000283862;50;000;000;1557300330023;30062020;7898919602377;-;N;S;90414934;  ;;N;N
0000261114;0000261114;AZILECT 1MG 30CPDS;19062020;V;15166;20206;000;5055;6735;0000;CX;CPDS;3000;000;000;A;TEVA;0000261114;50;000;000;1557300330041;30062020;7898919602391;-;N;S;90325613;  ;;N;N
0000289014;0000289014;AZUKON MR 30MG 60CPDS LIB.PROLONG.;09062020;V;2118;2928;000;0353;0488;0000;CX;CPDS;6000;000;000;A;TORRENT;0000289014;50;000;000;1052500190044;31012024;8903855076034;+;N;S;90355784;  ;;N;N
0000257954;0000257954;BACLOFENO 10MG 20CPDS;07072020;V;1476;2040;000;0738;1020;0000;CX;CPDS;2000;000;000;A;TEUTO BRAS;0000257954;50;000;000;1037006130016;31012025;7896112175858;+;N;S;90312279;  ;;S;N
0000263388;0000263388;BACLOFENO 10MG 20CPDS;30062020;V;1567;2166;000;0784;1083;0000;CX;CPDS;2000;000;000;A;UNIAO QUIMICA;0000263388;50;000;000;1049713850025;30072020;7896006209027;+;N;S;90324048;  ;;S;N
0000263764;0000263764;BACTERACIN 40+8MG/ML SUSP.ORAL FR.VD 100ML+COP.MED;02032021;V;940;1299;000;0094;0130;0000;FR;ML;10000;000;000;A;TEUTO BRAS;0000263764;50;000;000;1037006380012;30062020;7896112197126;+;N;S;90339126;  ;;N;N
0000263761;0000263761;BACTERACIN 400+80MG BL.AL.PLAST.INC.20CPDS;02032021;V;1040;1438;000;0520;0719;0000;CX;CPDS;2000;000;000;A;TEUTO BRAS;0000263761;50;000;000;1037006250011;30062020;7896112197218;+;N;S;90339134;  ;;N;N
0000263770;0000263770;BACTERACIN F 800+160MG BL.INC.10CPDS;07072020;V;1105;1528;000;1105;1528;0000;CX;CPDS;1000;000;000;A;TEUTO BRAS;0000263770;50;000;000;1037006250062;30062020;7896112133339;+;N;S;90339142;  ;;N;N
0000320988;0000320988;BAINHA INTRODUTORA NEVERTOUCH DIRECT VENACURE EVLT;09032021;F;32400;000;000;0000;0000;0000;CX;UN;100;000;000;I;HEMOCAT;0000320988;20;000;000;80102512292;VIGENTE;; ;N;N;79417051;MC;H787165100011;N;N
0000320733;0000320733;BALAO DILATADOR URETERAL 05,0X60MM;25022021;F;380000;000;000;0000;0000;0000;PGC;UN;100;000;000;A;MEDTEC SUPPLIES;0000320733;20;000;000;81655779013;VIGENTE;; ;N;N;101020821;ME;0205;N;N
0000319670;0000319670;BALAO P/DILATACAO DESC.26X80MM 7FRX100CM;10122020;F;279893;000;000;0000;0000;0000;ENV;UN;100;000;000;A;PROMEDON SAO PAULO;0000319670;20;000;000;10306849006;VIGENTE;; ;N;N;100678181;ME;BDC-26/80-7/10-A;N;N
0000319673;0000319673;BALAO P/DILATACAO DESC.30X80MM 7FRX100CM;10122020;F;279893;000;000;0000;0000;0000;ENV;UN;100;000;000;A;PROMEDON SAO PAULO;0000319673;20;000;000;10306849006;VIGENTE;; ;N;N;100678416;ME;BDC-30/80-7/10-A;N;N
0000319675;0000319675;BALAO P/DILATACAO DESC.35X80MM 7FRX100CM;10122020;F;279893;000;000;0000;0000;0000;ENV;UN;100;000;000;A;PROMEDON SAO PAULO;0000319675;20;000;000;10306849006;VIGENTE;; ;N;N;100678203;ME;BDC-35/80-7/10-A;N;N
0000320197;0000320197;BALAO P/DILATACAO VIAS AEREAS OTW N/OCLUSIVO C/FIO GUIA COMPATIVEL 6-18MMX30-40MM TRACHEALATOR;12012021;F;1667265;000;000;0000;0000;0000;CX;UN;100;000;000;A;GADALI;0000320197;20;000;000;80984199006;VIGENTE;; ;N;N;101027222;ME;;N;N
0000266910;0000266910;BARISTAR 100CAPS GEL.MOLE;19062020;F;9896;000;000;0990;0000;0000;CX;CAPS;10000;000;000;A;SANOFI MEDLEY;0000266910;50;000;000;ISENTO;;7896422544917; ;N;S;;  ;;N;N
0000266908;0000266908;BARISTAR 30CAPS GEL.MOLE;19062020;F;4538;000;000;1513;0000;0000;CX;CAPS;3000;000;000;A;SANOFI MEDLEY;0000266908;50;000;000;ISENTO;;7896422544894; ;N;S;;  ;;N;N
0000320717;0000320717;BARREIRA SUAVITA 2PC FLEXTEND BARRIER 57MM RECORTAVEL 10-44MM;23022021;F;5489;000;000;0000;0000;0000;   ;UN;100;000;000;A;HOLLISTER;0000320717;20;000;000;10326400055;VIGENTE;; ;N;N;100882145;MC;45541;N;N
0000320718;0000320718;BARREIRA SUAVITA 2PC FLEXTEND BARRIER 70MM RECORTAVEL 10-57MM;23022021;F;6149;000;000;0000;0000;0000;   ;UN;100;000;000;A;HOLLISTER;0000320718;20;000;000;10326400055;VIGENTE;; ;N;N;100882145;MC;47541;N;N
0000300861;0000300861;BEDECI 2MG/ML SOL.INJ.5AMP.10ML;09042019;V;31807;43971;000;63614;87942;0000;CX;AMP;500;000;000;A;SIGMA PHARMA;0000300861;50;000;000;1023512290037;30092022;7894916512541;+;N;S;90418930;  ;;N;N
0000300859;0000300859;BEDECI 2MG/ML SOL.INJ.5AMP.5ML;09042019;V;16142;22315;000;32284;44630;0000;CX;AMP;500;000;000;A;SIGMA PHARMA;0000300859;50;000;000;1023512290010;30092022;7894916512534;+;N;S;90418921;  ;;N;N
0000040307;0000040307;BENEFIX 1000UI PO.LIOF.INJ.FA+SER.PREENC.DIL 5ML+1ADAPT+CONJ.INFUS+2LENCOL+1CURATIVO+1GAZE;23062020;V;305606;422482;000;0000;0000;0000;CX;FA;100;000;000;A;WYETH;0000040307;50;000;000;1211004510031;31082028;7891268109986;+;N;N;90464192;  ;;N;N
0000040305;0000040305;BENEFIX 250UI PO LIOF.INJ.FA+SER.PREENC.DIL 5ML+1ADAPT+1CONJ.INFUS+2LENCOL+1CURATIVO+1GAZE;23062020;V;84654;117029;000;0000;0000;0000;CX;FA;100;000;000;A;WYETH;0000040305;50;000;000;1211004510015;31082028;7891268109948;+;N;N;90464176;  ;;N;N
0000040306;0000040306;BENEFIX 500UI PO LIOF.INJ.FA+SER.PREENC.DIL 5ML+1ADAPT+1CONJ.INFUS+2LENCOL+1CURATIVO+1GAZE;23062020;V;160841;222353;000;0000;0000;0000;CX;FA;100;000;000;A;WYETH;0000040306;50;000;000;1211004510023;31082028;7891268109962;+;N;N;90464184;  ;;N;N
0000314341;0000314341;BENEUM 300MG BL.AL.PVDC TRANS.30CPDS REV.;01052020;V;1925;2565;000;0642;0855;0000;CX;CPDS;3000;000;000;A;TEUTO BRAS;0000314341;50;000;000;1037002610048;30092029;7896112103776;-;N;S;90477871;  ;;N;N
0000320846;0000320846;BEPEBEN 1.200.000UI PO SUSP.INJ.CX50FA(EMB.HOSP.);02032021;F;57187;000;000;11437;0000;0000;CX;FA;5000;000;000;A;TEUTO BRAS;0000320846;50;000;000;1037001000092;31052026;7896112103561;+;S;S;90135750;  ;;N;N
0000290583;0000290583;BEPEBEN 1.200.000UI PO SUSP.INJ.FA;07072020;V;1144;1582;000;0000;0000;0000;CX;FA;100;000;000;A;TEUTO BRAS;0000290583;50;000;000;1037001000076;31052021;7896112125037;+;N;N;90381220;  ;;N;N
0000289589;0000289589;BEPEBEN 1.200.000UI PO SUSP.INJ.FA+DIL.4ML;07072020;V;1022;1413;000;0000;0000;0000;FA;ML;400;000;000;A;TEUTO BRAS;0000289589;50;000;000;1037001000149;31052021;7896112144151;+;N;N;90381173;  ;;N;N
0000304856;0000304856;BESILATO ANLODIPINO 10MG 30CPDS;30062020;V;3016;4169;000;1005;1390;0000;CX;CPDS;3000;000;000;A;VITAPAN;0000304856;50;000;000;1039201870062;31082023;7898049796281;+;N;S;90414403;  ;;S;N
0000315224;0000315224;BESILATO ANLODIPINO 10MG 500CPDS;30062020;F;16463;000;000;0329;0000;0000;CX;CPDS;50000;000;000;A;VITAPAN;0000315224;50;000;000;1039201870046;31082028;7898049796298;+;N;S;90414411;  ;;S;N
0000308623;0000308623;BESILATO ANLODIPINO 10MG 60CPDS;30062020;V;2604;3600;000;0434;0600;0000;CX;CPDS;6000;000;000;A;SANDOZ;0000308623;50;000;000;1004705570205;31082020;7897595635136;+;N;S;90403088;  ;;S;N
0000304857;0000304857;BESILATO ANLODIPINO 5MG 30CPDS;30062020;V;1499;2072;000;0500;0691;0000;CX;CPDS;3000;000;000;A;VITAPAN;0000304857;50;000;000;1039201870054;31082023;7898049796267;+;N;S;90414381;  ;;S;N
0000315223;0000315223;BESILATO ANLODIPINO 5MG 500CPDS;30062020;F;14817;000;000;0296;0000;0000;CX;CPDS;50000;000;000;A;VITAPAN;0000315223;50;000;000;1039201870021;31082028;7898049796274;+;N;S;90414390;  ;;S;N
0000308622;0000308622;BESILATO ANLODIPINO 5MG 60CPDS;30062020;V;1471;2034;000;0245;0339;0000;CX;CPDS;6000;000;000;A;SANDOZ;0000308622;50;000;000;1004705570191;31082020;7897595635112;+;N;S;90403070;  ;;S;N
0000309584;0000309584;BESPONSA 1MG PO LIOF.SOL.INJ.FA;07082020;V;6045155;8054010;000;0000;0000;0000;CX;FA;100;000;000;A;WYETH;0000309584;50;000;000;1211004470013;31012024;7891045032285;-;N;N;90436059;  ;;N;N
0000285003;0000285003;BETAPROSPAN 5+2MG/ML SUSP.INJ.50AMP 1ML(EMB.HOSP);30062020;F;104980;000;000;20996;0000;0000;CX;AMP;5000;000;000;A;UNIAO QUIMICA;0000285003;50;000;000;1049701880031;31032021;7896006248934;+;S;S;90387147;  ;;N;N
0000292306;0000292306;BETAPROSPAN 5+2MG/ML SUSP.INJ.AMP 1ML+SER.+AG.;30062020;V;1522;2104;000;0000;0000;0000;AMP;ML;100;000;000;A;UNIAO QUIMICA;0000292306;50;000;000;1049701880021;31032021;7896006248927;+;N;N;90387236;  ;;N;N
0000314433;0000314433;BEXAI 35MG 20CAPS DURA;01052020;V;7480;10341;000;3740;5171;0000;CX;CAPS;2000;000;000;A;SIGMA PHARMA;0000314433;50;000;000;1023513040026;31072029;789491514903;+;N;S;90456165;  ;;N;N
0000314432;0000314432;BEXAI 35MG 4CAPS DURA;07072020;V;1574;2176;000;3935;5440;0000;CX;CAPS;400;000;000;A;SIGMA PHARMA;0000314432;50;000;000;1023513040018;31072029;789491514897;+;N;S;90456173;  ;;N;N
0000302596;0000302596;BICARBONATO SODIO 30G 1DISPLAY 500CPDS;07042020;F;13762;000;000;0275;0000;0000;DSP;CPDS;50000;000;000;A;RIOQUIMICA;0000302596;50;000;000;NOTIFICACAO;18062020;7897780219394; ;N;S;;  ;;N;N
0000240300;0000240300;BIMATOPROSTA 0,3MG/ML SOL.OFT.3ML;19062020;V;7027;9714;000;0000;0000;0000;FR;ML;300;000;000;A;SANOFI MEDLEY;0000240300;50;000;000;1832600310021;30112022;7896422532310;+;N;N;90352734;  ;;S;N
0000316457;0000316457;BIO 5 30SACHES 4G;05082020;F;7344;000;000;2448;0000;0000;CX;SACH;3000;000;000;A;UNIAO QUIMICA;0000316457;50;000;000;6632500070015;30092023;7896006212089; ;N;S;;  ;;N;S
0000298594;0000298594;BIO C+ZINCO 1000+10MG 10CPDS EFERV.;30062020;F;1551;000;000;1551;0000;0000;CX;CPDS;1000;000;000;A;UNIAO QUIMICA;0000298594;50;000;000;1049700210022;30042020;7896006207290;-;N;S;90440595;  ;;N;N
0000260357;0000260357;BIO C+ZINCO 1000+10MG 30CPDS EFERV.;30062020;F;4544;000;000;1515;0000;0000;CX;CPDS;3000;000;000;A;UNIAO QUIMICA;0000260357;50;000;000;1049700210014;30042020;7896006207306;-;N;S;90440587;  ;;N;N
0000309805;0000309805;BIO E 400MG BL.AL.30CAPS GEL.MOLE;01092019;V;3247;4326;000;1082;1442;0000;CX;CPDS;3000;000;000;A;UNIAO QUIMICA;0000309805;50;000;000;1049713750055;31052020;;-;N;S;90477804;  ;;N;N
0000269309;0000269309;BIO E 400MG FR PLAST.30CAPS GEL MOLE;30062020;V;2858;3808;000;0953;1269;0000;FR;CAPS;3000;000;000;A;UNIAO QUIMICA;0000269309;50;000;000;1049713750039;31052020;7896006298298;-;N;S;;  ;;N;N
0000306823;0000306823;BIO EPA 60CAPS;30062020;F;5181;000;000;0864;0000;0000;CX;CAPS;6000;000;000;A;UNIAO QUIMICA;0000306823;50;000;000;ISENTO;;7896006298311;-;N;S;;  ;;N;S
0000309804;0000309804;BIO-C 1G TB.PLAST.30CPDS EFEV.;01092019;V;4369;5821;000;1456;1940;0000;CX;CPDS;3000;000;000;A;UNIAO QUIMICA;0000309804;50;000;000;1049702470064;31122021;;-;N;S;90454510;  ;;N;N
0000262125;0000262125;BIO-C 200MG/ML SOL.ORAL FR.GTS.20ML;30062020;F;1028;000;000;0514;0000;0000;FR;ML;2000;000;000;A;UNIAO QUIMICA;0000262125;50;000;000;1049702470048;31122021;7896006229988;-;N;S;90454537;  ;;N;N
0000255423;0000255423;BIOARGI-C 1000+1000MG 16CPDS EFERV.;01112020;F;3377;000;000;2111;0000;0000;CX;CPDS;1600;000;000;A;UNIAO QUIMICA;0000255423;50;000;000;ISENTO;;7896006210948;-;N;S;;  ;;N;S
0000317087;0000317087;BISSULFATO CLOPIDOGREL 75MG 30CPDS REV.;02022021;V;4307;5954;000;1436;1985;0000;CX;CPDS;3000;000;000;A;TEUTO BRAS;0000317087;50;000;000;1037007230073;31122028;7896112103394;+;N;S;90465350;  ;;S;N
0000297264;0000297264;BISSULFATO CLOPIDOGREL 75MG 56CPDS REV.;30062020;V;11499;15897;000;2053;2839;0000;CX;CPDS;5600;000;000;A;SANDOZ;0000297264;50;000;000;1004704240171;31082022;7897595635143;+;N;S;90402944;  ;;S;N
0000167389;0000167389;BISTURI CORTE PRO NR.10 C/SIST.SEG.DESC.;12032021;F;4226;000;000;0000;0000;0000;   ;UN;100;000;000;A;EMBRAMED;0000167389;20;000;800;10252420064;VIGENTE;7898468470526; ;N;N;78230578;MC;377798;N;N
0000167390;0000167390;BISTURI CORTE PRO NR.11 C/SIST.SEG.DESC.;12032021;F;4226;000;000;0000;0000;0000;   ;UN;100;000;000;A;EMBRAMED;0000167390;20;000;800;10252420064;VIGENTE;7898468470595; ;N;N;78230578;MC;377873;N;N
0000167391;0000167391;BISTURI CORTE PRO NR.12 C/SIST.SEG.DESC.;12032021;F;4226;000;000;0000;0000;0000;   ;UN;100;000;000;A;EMBRAMED;0000167391;20;000;800;10252420064;VIGENTE;7898468470601; ;N;N;78230578;MC;377880;N;N
0000167392;0000167392;BISTURI CORTE PRO NR.15 C/SIST.SEG.DESC.;12032021;F;4226;000;000;0000;0000;0000;   ;UN;100;000;000;A;EMBRAMED;0000167392;20;000;800;10252420064;VIGENTE;7898468470625; ;N;N;78230578;MC;377897;N;N
0000167393;0000167393;BISTURI CORTE PRO NR.20 C/SIST.SEG.DESC.;12032021;F;4226;000;000;0000;0000;0000;   ;UN;100;000;000;A;EMBRAMED;0000167393;20;000;800;10252420064;VIGENTE;7898468470687; ;N;N;78230578;MC;377903;N;N
0000167395;0000167395;BISTURI CORTE PRO NR.21 C/SIST.SEG.DESC;12032021;F;4226;000;000;0000;0000;0000;   ;UN;100;000;000;A;EMBRAMED;0000167395;20;000;800;10252420064;VIGENTE;7898468470823; ;N;N;78230578;MC;377910;N;N
0000167396;0000167396;BISTURI CORTE PRO NR.22 C/SIST.SEG.DESC.;12032021;F;4226;000;000;0000;0000;0000;   ;UN;100;000;000;A;EMBRAMED;0000167396;20;000;800;10252420064;VIGENTE;7898468471103; ;N;N;78230578;MC;377927;N;N
0000167397;0000167397;BISTURI CORTE PRO NR.23 C/SIST.SEG.DESC.;12032021;F;4226;000;000;0000;0000;0000;   ;UN;100;000;000;A;EMBRAMED;0000167397;20;000;800;10252420064;VIGENTE;7898468471158; ;N;N;78230578;MC;377934;N;N
0000167398;0000167398;BISTURI CORTE PRO NR.24 C/SIST.SEG.DESC.;12032021;F;4226;000;000;0000;0000;0000;   ;UN;100;000;000;A;EMBRAMED;0000167398;20;000;800;10252420064;VIGENTE;7898468471165; ;N;N;78230578;MC;377941;N;N
0002340020;0002340020;BISTURI NR.11 C/CABO PLAST./PROT./EST.DESC.;12032021;F;1857;000;000;0000;0000;0000;   ;UN;100;000;000;A;EMBRAMED;0002340020;20;000;800;10252420058;VIGENTE;7898468472490; ;N;N;78230527;MC;359930;N;N
0002340022;0002340022;BISTURI NR.15 C/CABO PLAST./PROT./EST.DESC.;12032021;F;1857;000;000;0000;0000;0000;   ;UN;100;000;000;A;EMBRAMED;0002340022;20;000;800;10252420058;VIGENTE;7898468475538; ;N;N;78230527;MC;359961;N;N
0002340024;0002340024;BISTURI NR.21 C/CABO PLAST./PROT./EST.DESC.;12032021;F;1857;000;000;0000;0000;0000;   ;UN;100;000;000;A;EMBRAMED;0002340024;20;000;800;10252420058;VIGENTE;7898468476351; ;N;N;78230527;MC;359985;N;N
0002340025;0002340025;BISTURI NR.22 C/CABO PLAST./PROT./EST.DESC.;12032021;F;1857;000;000;0000;0000;0000;   ;UN;100;000;000;A;EMBRAMED;0002340025;20;000;800;10252420058;VIGENTE;7898468476603; ;N;N;78230527;MC;359992;N;N
0002340026;0002340026;BISTURI NR.23 C/CABO PLAST./PROT./EST.DESC.;12032021;F;1857;000;000;0000;0000;0000;   ;UN;100;000;000;A;EMBRAMED;0002340026;20;000;800;10252420058;VIGENTE;7898468477785; ;N;N;78230527;MC;360004;N;N
0002340027;0002340027;BISTURI NR.24 C/CABO PLAST./PROT./EST.DESC.;12032021;F;1857;000;000;0000;0000;0000;   ;UN;100;000;000;A;EMBRAMED;0002340027;20;000;800;10252420058;VIGENTE;7898468477792; ;N;N;78230527;MC;360011;N;N
0000312248;0000312248;BOCAL P/ENDOSCOPIA ITABLOC;17122019;F;20000;000;000;0000;0000;0000;PCT;UN;100;000;000;A;PROSURGERY;0000312248;20;000;000;81040530068;VIGENTE;; ;N;N;100292372;ME;;N;N
0000315160;0000315160;BOLSA PRESSORICA P/INFUSAO NYLON SCW;30062020;F;198000;000;000;0000;0000;0000;CX;UN;100;000;000;A;CIRURGICA DMG;0000315160;20;000;000;10296490012;VIGENTE;; ;N;N;100881947;ME;41.99.01004;N;N
0000315159;0000315159;BOLSA PRESSORICA P/INFUSAO TECIDO SCW;30062020;F;249000;000;000;0000;0000;0000;CX;UN;100;000;000;A;CIRURGICA DMG;0000315159;20;000;000;10296490012;VIGENTE;; ;N;N;100881947;ME;41.99.01001;N;N
0000320711;0000320711;BOLSA SUAVITA 2PC OPACA DRENAVEL C/CLAMP 57MM/FILTRO;23022021;F;4279;000;000;0000;0000;0000;PL;UN;100;000;000;A;HOLLISTER;0000320711;20;000;000;10326400056;VIGENTE;; ;N;N;100882153;MC;45703;N;N
0000320713;0000320713;BOLSA SUAVITA 2PC OPACA DRENAVEL C/CLAMP 70MM;23022021;F;4389;000;000;0000;0000;0000;PL;UN;100;000;000;A;HOLLISTER;0000320713;20;000;000;10326400057;VIGENTE;; ;N;N;100892710;MC;47704;N;N
0000320714;0000320714;BOLSA SUAVITA 2PC OPACA DRENAVEL C/CLAMP 70MM C/FILTRO;23022021;F;4521;000;000;0000;0000;0000;PL;UN;100;000;000;A;HOLLISTER;0000320714;20;000;000;10326400056;VIGENTE;; ;N;N;100882153;MC;47703;N;N
0000320712;0000320712;BOLSA SUAVITA 2PC OPACA DRENAVEL C/CLAMP FLANGE 57MM;23022021;F;4169;000;000;0000;0000;0000;PL;UN;100;000;000;A;HOLLISTER;0000320712;20;000;000;10326400057;VIGENTE;; ;N;N;100892710;MC;45704;N;N
0000320716;0000320716;BOLSA SUAVITA 2PC TRANSPARENTE DRENAVEL C/CLAMP 70MM;23022021;F;4389;000;000;0000;0000;0000;PL;UN;100;000;000;A;HOLLISTER;0000320716;20;000;000;10326400057;VIGENTE;; ;N;N;100892710;MC;47604;N;N
0000320715;0000320715;BOLSA SUAVITA 2PC TRANSPARENTE DRENAVEL C/CLAMP 70MM C/FILTRO;23022021;F;4521;000;000;0000;0000;0000;PL;UN;100;000;000;A;HOLLISTER;0000320715;20;000;000;10326400056;VIGENTE;; ;N;N;100882153;MC;47603;N;N
0000320710;0000320710;BOLSA SUAVITA 2PC TRANSPARENTE DRENAVEL C/CLAMP FLANGE 57MM;23022021;F;4169;000;000;0000;0000;0000;PL;UN;100;000;000;A;HOLLISTER;0000320710;20;000;000;10326400057;VIGENTE;; ;N;N;100892710;MC;45604;N;N
0000320709;0000320709;BOLSA SUAVITA 2PC TRANSPARENTE DRENAVEL C/CLAMP FLANGE 57MM/FILTRO;23022021;F;4279;000;000;0000;0000;0000;PL;UN;100;000;000;A;HOLLISTER;0000320709;20;000;000;10326400056;VIGENTE;; ;N;N;100882153;MC;45603;N;N
0000320726;0000320726;BOLSA UROSTOMIA 1PC ULTRA TRANSP.BARREIRA CERAPLUS SOFT CONVEX C/ADESIVO RECORTAVEL 13-25MM;23022021;F;17697;000;000;0000;0000;0000;PL;UN;100;000;000;A;HOLLISTER;0000320726;20;000;000;10326400054;VIGENTE;; ;N;N;100882137;MC;84134;N;N
0000320727;0000320727;BOLSA UROSTOMIA 1PC ULTRA TRANSP.BARREIRA CERAPLUS SOFT CONVEX C/ADESIVO RECORTAVEL 13-38MM;23022021;F;15497;000;000;0000;0000;0000;PL;UN;100;000;000;A;HOLLISTER;0000320727;20;000;000;10326400054;VIGENTE;; ;N;N;100882137;MC;84138;N;N
0000320728;0000320728;BOLSA UROSTOMIA 1PC ULTRA TRANSP.BARREIRA CERAPLUS SOFT CONVEX C/ADESIVO RECORTAVEL 13-55MM;23022021;F;15497;000;000;0000;0000;0000;PL;UN;100;000;000;A;HOLLISTER;0000320728;20;000;000;10326400054;VIGENTE;; ;N;N;100882137;MC;841311;N;N
0000289649;0000289649;BORAPRIM 60CAPS 500MG;29042020;F;15600;000;000;2600;0000;0000;PT;CAPS;6000;000;000;A;VITAFOR;0000289649;50;000;000;6542600180018;30112020;7898943044563; ;N;S;;  ;;N;S
0000239822;0000239822;BOSENTANA 125MG 60CPDS REV.;27062020;V;1142333;1579208;000;190389;263201;0000;CX;CPDS;6000;000;000;A;ZODIAC;0000239822;50;000;000;1221400860016;31102022;7892953001554;+;N;S;90272870;  ;;S;N
0000304936;0000304936;BRAMICAR 40MG 10CPDS;07072020;V;1635;2260;000;1635;2260;0000;CX;CPDS;1000;000;000;A;SIGMA PHARMA;0000304936;50;000;000;1356907060013;31012022;7894916513210;+;N;S;90413172;  ;;N;N
0000304934;0000304934;BRAMICAR 40MG 30CPDS;05012021;V;5641;7798;000;1880;2599;0000;CX;CPDS;3000;000;000;A;SIGMA PHARMA;0000304934;50;000;000;1356907060056;31012022;7894916508933;+;N;S;90413180;  ;;N;N
0000304937;0000304937;BRAMICAR 80MG 10CPDS;07072020;V;1635;2260;000;1635;2260;0000;CX;CPDS;1000;000;000;A;SIGMA PHARMA;0000304937;50;000;000;1356907060080;31012022;7894916513227;+;N;S;90413199;  ;;N;N
0000304935;0000304935;BRAMICAR 80MG 30CPDS;05012021;V;5641;7798;000;1880;2599;0000;CX;CPDS;3000;000;000;A;SIGMA PHARMA;0000304935;50;000;000;1356907060129;31012022;7894916508940;+;N;S;90413202;  ;;N;N
0000304928;0000304928;BRAMICAR HTC 40+12,5MG 10CPDS;07072020;V;1896;2621;000;1896;2621;0000;CX;CPDS;1000;000;000;A;SIGMA PHARMA;0000304928;50;000;000;1356907290019;30062023;7894916513128;+;N;S;90413083;  ;;N;N
0000304929;0000304929;BRAMICAR HTC 40+12,5MG 30CPDS;05012021;V;6541;9043;000;2180;3014;0000;CX;CPDS;3000;000;000;A;SIGMA PHARMA;0000304929;50;000;000;1356907290035;30062023;7894916510004;+;N;S;90413091;  ;;N;N
0000304931;0000304931;BRAMICAR HTC 80+12,5MG 10CPDS;07072020;V;1896;2621;000;1896;2621;0000;CX;CPDS;1000;000;000;A;SIGMA PHARMA;0000304931;50;000;000;1356907290086;30062023;7894916513142;+;N;S;90413105;  ;;N;N
0000304930;0000304930;BRAMICAR HTC 80+12,5MG 30CPDS;05012021;V;6541;9043;000;2180;3014;0000;CX;CPDS;3000;000;000;A;SIGMA PHARMA;0000304930;50;000;000;1356907290108;30062023;7894916510011;+;N;S;90413113;  ;;N;N
0000304932;0000304932;BRAMICAR HTC 80+12,5MG 60CPDS;05012021;V;11195;15476;000;1866;2579;0000;CX;CPDS;6000;000;000;A;SIGMA PHARMA;0000304932;50;000;000;1356907290116;30062023;7894916513135;+;N;S;90413121;  ;;N;N
0000304933;0000304933;BRAMICAR HTC 80+25MG 30CPDS;05012021;V;6541;9043;000;2180;3014;0000;CX;CPDS;3000;000;000;A;SIGMA PHARMA;0000304933;50;000;000;1356907290175;30062023;7894916510028;+;N;S;90413130;  ;;N;N
0000314965;0000314965;BRANTA 50,0+5,0MG 10CPDS REV.;09062020;V;1592;2201;000;1592;2201;0000;CX;CPDS;1000;000;000;A;TORRENT;0000314965;50;000;000;1052500320010;31102028;8902220109063;+;N;S;90204190;  ;;N;N
0000244963;0000244963;BRASART BCC 160+5MG 30CPDS REV.;07072020;V;6228;8610;000;2076;2870;0000;CX;CPDS;3000;000;000;A;SIGMA PHARMA;0000244963;50;000;000;1356907020070;31012022;7894916509305;+;N;S;90386094;  ;;N;N
0000244965;0000244965;BRASART BCC 160+5MG 60CPDS REV.;07072020;V;12455;17218;000;2076;2870;0000;CX;CPDS;6000;000;000;A;SIGMA PHARMA;0000244965;50;000;000;1356907020089;31012022;7894916510103;+;N;S;90386108;  ;;N;N
0000299146;0000299146;BRASART BCC 160+5MG 90CPDS REV.(EMB.FRAC.);07072020;V;11248;15550;000;1250;1728;0000;CX;CPDS;9000;000;000;A;SIGMA PHARMA;0000299146;50;000;000;1356907020097;31012022;7894916513036;+;N;S;90412990;  ;;N;N
0000244968;0000244968;BRASART BCC 320+10MG 30CPDS REV.;07072020;V;7361;10176;000;2454;3392;0000;CX;CPDS;3000;000;000;A;SIGMA PHARMA;0000244968;50;000;000;1356907020224;31012022;7894916509336;+;N;S;90386132;  ;;N;N
0000274936;0000274936;BRASART BCC 320+5MG 10CPDS REV.;07072020;V;2556;3534;000;2556;3534;0000;CX;CPDS;1000;000;000;A;SIGMA PHARMA;0000274936;50;000;000;1356906680166;PENDENTE;7894916512084;+;N;S;;  ;;N;N
0000244967;0000244967;BRASART BCC 320+5MG 30CPDS REV.;07072020;V;6663;9211;000;2221;3070;0000;CX;CPDS;3000;000;000;A;SIGMA PHARMA;0000244967;50;000;000;1356907020178;31012022;7894916509329;+;N;S;90386116;  ;;N;N
0000244966;0000244966;BRASART BCC 320+5MG 60CPDS REV.;07072020;V;12455;17218;000;2076;2870;0000;CX;CPDS;6000;000;000;A;SIGMA PHARMA;0000244966;50;000;000;1356907020186;31012022;7894916509299;+;N;S;;  ;;N;N
0000288991;0000288991;BRASART HCT 160+12,5MG 90CPDS REV.;07072020;V;13984;19332;000;1554;2148;0000;CX;CPDS;9000;000;000;A;SIGMA PHARMA;0000288991;50;000;000;1356906510120;31012022;7894916512480;+;N;S;90386205;  ;;N;N
0000248617;0000248617;BRASART HCT 320+12,5MG 30CPDS REV.;07072020;V;4989;6897;000;1663;2299;0000;CX;CPDS;3000;000;000;A;SIGMA PHARMA;0000248617;50;000;000;1356906510181;31012022;7894916509084;+;N;S;90322541;  ;;N;N
0000309806;0000309806;BRILIV 7MG/ML XPE.120ML+COP.;05012021;V;1992;2654;000;0166;0221;0000;FR;ML;12000;000;000;A;TEUTO BRAS;0000309806;50;000;000;1037007340049;30062024;7896112103523;-;N;S;90454138;  ;;N;N
0000280219;0000280219;BRITENS 2+5MG/ML SOL.OFT.10ML;30062020;V;9309;12869;000;0000;0000;0000;FR;ML;1000;000;000;A;UNIAO QUIMICA;0000280219;50;000;000;1049714010020;31082021;7896006226215;+;N;N;90371470;  ;;N;N
0000280218;0000280218;BRITENS 2+5MG/ML SOL.OFT.5ML;30062020;V;6660;9207;000;0000;0000;0000;FR;ML;500;000;000;A;UNIAO QUIMICA;0000280218;50;000;000;1049714010012;31082021;7896006226208;+;N;N;90371461;  ;;N;N
0000172002;0000172002;BROCA 02X15CM;18102012;F;74000;000;000;0000;0000;0000;CRT;UN;100;000;000;A;MACOM;0000172002;20;000;000;10243070038;VIGENTE;; ;N;N;79031978;IT;MA-9000A2;N;N
0000172008;0000172008;BROCA 04X15CM;18102012;F;74000;000;000;0000;0000;0000;CRT;UN;100;000;000;A;MACOM;0000172008;20;000;000;10243070038;VIGENTE;; ;N;N;79032710;IT;MA-9000D4;N;N
0000172010;0000172010;BROCA 05X15CM;18102012;F;74000;000;000;0000;0000;0000;CRT;UN;100;000;000;A;MACOM;0000172010;20;000;000;10243070038;VIGENTE;; ;N;N;79046819;IT;MA-9000A5;N;N
0000280232;0000280232;BROCA 1,1X05X100MM STOP;14122016;F;150000;000;000;0000;0000;0000;BL;UN;100;000;000;A;BIOMETAL;0000280232;20;000;000;80482490003;VIGENTE;; ;N;N;100902960;IT;05.5.0032.111E;N;N
0000280233;0000280233;BROCA 1,1X05X105MM STOP;14122016;F;150000;000;000;0000;0000;0000;BL;UN;100;000;000;A;BIOMETAL;0000280233;20;000;000;80482490003;VIGENTE;; ;N;N;100902960;IT;05.5.0033.111E;N;N
0000280234;0000280234;BROCA 1,1X05X110MM STOP;14122016;F;150000;000;000;0000;0000;0000;BL;UN;100;000;000;A;BIOMETAL;0000280234;20;000;000;80482490003;VIGENTE;; ;N;N;100902960;IT;05.5.0034.111E;N;N
0000280235;0000280235;BROCA 1,1X05X120MM STOP;14122016;F;150000;000;000;0000;0000;0000;BL;UN;100;000;000;A;BIOMETAL;0000280235;20;000;000;80482490003;VIGENTE;; ;N;N;100902960;IT;05.5.0036.111E;N;N
0000280236;0000280236;BROCA 1,1X05X150MM STOP;14122016;F;150000;000;000;0000;0000;0000;BL;UN;100;000;000;A;BIOMETAL;0000280236;20;000;000;80482490003;VIGENTE;; ;N;N;100902960;IT;05.5.0042.111E;N;N
0000280228;0000280228;BROCA 1,1X05X70MM STOP;14122016;F;150000;000;000;0000;0000;0000;BL;UN;100;000;000;A;BIOMETAL;0000280228;20;000;000;80482490003;VIGENTE;; ;N;N;100902960;IT;05.5.0026.111E;N;N
0000280229;0000280229;BROCA 1,1X05X75MM STOP;14122016;F;150000;000;000;0000;0000;0000;BL;UN;100;000;000;A;BIOMETAL;0000280229;20;000;000;80482490003;VIGENTE;; ;N;N;100902960;IT;05.5.0027.111E;N;N
0000280230;0000280230;BROCA 1,1X05X80MM STOP;14122016;F;150000;000;000;0000;0000;0000;BL;UN;100;000;000;A;BIOMETAL;0000280230;20;000;000;80482490003;VIGENTE;; ;N;N;100902960;IT;05.5.0028.111E;N;N
0000280231;0000280231;BROCA 1,1X05X90MM STOP;14122016;F;150000;000;000;0000;0000;0000;BL;UN;100;000;000;A;BIOMETAL;0000280231;20;000;000;80482490003;VIGENTE;; ;N;N;100902960;IT;05.5.0030.111E;N;N
0000172001;0000172001;BROCA 1,5X15CM;18102012;F;74000;000;000;0000;0000;0000;CRT;UN;100;000;000;A;MACOM;0000172001;20;000;000;10243070038;VIGENTE;; ;N;N;79034004;IT;MA-9000B1;N;N
0000280237;0000280237;BROCA 2,0X13X065MM STOP;14122016;F;150000;000;000;0000;0000;0000;BL;UN;100;000;000;A;BIOMETAL;0000280237;20;000;000;80482490003;VIGENTE;; ;N;N;100902960;IT;05.5.0193.120E;N;N
0000172003;0000172003;BROCA 2,5X15CM;18102012;F;74000;000;000;0000;0000;0000;CRT;UN;100;000;000;A;MACOM;0000172003;20;000;000;10243070038;VIGENTE;; ;N;N;79046215;IT;MA-9000C2;N;N
0000172004;0000172004;BROCA 2,7X15CM;18102012;F;74000;000;000;0000;0000;0000;CRT;UN;100;000;000;A;MACOM;0000172004;20;000;000;10243070038;VIGENTE;; ;N;N;79044344;IT;MA-9000D2;N;N
0000172005;0000172005;BROCA 3,0X15CM;18102012;F;74000;000;000;0000;0000;0000;CRT;UN;100;000;000;A;MACOM;0000172005;20;000;000;10243070038;VIGENTE;; ;N;N;79038824;IT;MA-9000A3;N;N
0000172006;0000172006;BROCA 3,2X15CM;18102012;F;74000;000;000;0000;0000;0000;CRT;UN;100;000;000;A;MACOM;0000172006;20;000;000;10243070038;VIGENTE;; ;N;N;79028195;IT;MA-9000D3;N;N
0000172007;0000172007;BROCA 3,5X15CM;18102012;F;74000;000;000;0000;0000;0000;CRT;UN;100;000;000;A;MACOM;0000172007;20;000;000;10243070038;VIGENTE;; ;N;N;79029655;IT;MA-9000G3;N;N
0000172009;0000172009;BROCA 4,5X15CM;18102012;F;74000;000;000;0000;0000;0000;CRT;UN;100;000;000;A;MACOM;0000172009;20;000;000;10243070038;VIGENTE;; ;N;N;79042465;IT;MA-9000C4;N;N
0000280414;0000280414;BROCA AUTOMATICA P/CRANIOTOMIA 11X14MM;14122016;F;350000;000;000;0000;0000;0000;BL;UN;100;000;000;A;BIOMETAL;0000280414;20;000;000;80482490003;VIGENTE;; ;N;N;100902960;IT;12.5.0101.110E;N;N
0000280358;0000280358;BROCA CILINDRICA 4,0X100MM C10;14122016;F;200000;000;000;0000;0000;0000;BL;UN;100;000;000;A;BIOMETAL;0000280358;20;000;000;80482490003;VIGENTE;; ;N;N;100902960;IT;06.5.2010.240E;N;N
0000280426;0000280426;BROCA CILINDRICA 4,0X110MM C10;14122016;F;200000;000;000;0000;0000;0000;BL;UN;100;000;000;A;BIOMETAL;0000280426;20;000;000;80482490003;VIGENTE;; ;N;N;100902960;IT;06.5.2210.240E;N;N
0000280342;0000280342;BROCA CILINDRICA 4,0X90MM C10;14122016;F;200000;000;000;0000;0000;0000;BL;UN;100;000;000;A;BIOMETAL;0000280342;20;000;000;80482490003;VIGENTE;; ;N;N;100902960;IT;06.5.1810.240E;N;N
0000280251;0000280251;BROCA CORTANTE 1,0X50MM C6;14122016;F;200000;000;000;0000;0000;0000;BL;UN;100;000;000;A;BIOMETAL;0000280251;20;000;000;80482490003;VIGENTE;; ;N;N;100902960;IT;06.5.1006.010E;N;N
0000280272;0000280272;BROCA CORTANTE 1,0X70MM C6;14122016;F;200000;000;000;0000;0000;0000;BL;UN;100;000;000;A;BIOMETAL;0000280272;20;000;000;80482490003;VIGENTE;; ;N;N;100902960;IT;06.5.1406.010E;N;N
0000280252;0000280252;BROCA CORTANTE 1,4X050MM C6;14122016;F;200000;000;000;0000;0000;0000;BL;UN;100;000;000;A;BIOMETAL;0000280252;20;000;000;80482490003;VIGENTE;; ;N;N;100902960;IT;06.5.1006.014E;N;N
0000280259;0000280259;BROCA CORTANTE 1,4X060MM C6;14122016;F;200000;000;000;0000;0000;0000;BL;UN;100;000;000;A;BIOMETAL;0000280259;20;000;000;80482490003;VIGENTE;; ;N;N;100902960;IT;06.5.1206.014E;N;N
0000280273;0000280273;BROCA CORTANTE 1,4X070MM C6;14122016;F;200000;000;000;0000;0000;0000;BL;UN;100;000;000;A;BIOMETAL;0000280273;20;000;000;80482490003;VIGENTE;; ;N;N;100902960;IT;06.5.1406.014E;N;N
0000280281;0000280281;BROCA CORTANTE 1,4X070MM C8;14122016;F;200000;000;000;0000;0000;0000;BL;UN;100;000;000;A;BIOMETAL;0000280281;20;000;000;80482490003;VIGENTE;; ;N;N;100902960;IT;06.5.1408.014E;N;N
0000280311;0000280311;BROCA CORTANTE 1,4X080MM C8;14122016;F;200000;000;000;0000;0000;0000;BL;UN;100;000;000;A;BIOMETAL;0000280311;20;000;000;80482490003;VIGENTE;; ;N;N;100902960;IT;06.5.1608.014E;N;N
0000280330;0000280330;BROCA CORTANTE 1,4X085MM C8;14122016;F;200000;000;000;0000;0000;0000;BL;UN;100;000;000;A;BIOMETAL;0000280330;20;000;000;80482490003;VIGENTE;; ;N;N;100902960;IT;06.5.1708.014E;N;N
0000280399;0000280399;BROCA CORTANTE 1,4X110MM C6;14122016;F;200000;000;000;0000;0000;0000;BL;UN;100;000;000;A;BIOMETAL;0000280399;20;000;000;80482490003;VIGENTE;; ;N;N;100902960;IT;06.5.2206.014E;N;N
0000280405;0000280405;BROCA CORTANTE 1,4X110MM C8;14122016;F;200000;000;000;0000;0000;0000;BL;UN;100;000;000;A;BIOMETAL;0000280405;20;000;000;80482490003;VIGENTE;; ;N;N;100902960;IT;06.5.2208.014E;N;N
0000280242;0000280242;BROCA CORTANTE 1,4X120MM C8;14122016;F;200000;000;000;0000;0000;0000;BL;UN;100;000;000;A;BIOMETAL;0000280242;20;000;000;80482490003;VIGENTE;; ;N;N;100902960;IT;06.5.2408.014E;N;N
0000280268;0000280268;BROCA CORTANTE 1,4X150MM C8;14122016;F;200000;000;000;0000;0000;0000;BL;UN;100;000;000;A;BIOMETAL;0000280268;20;000;000;80482490003;VIGENTE;; ;N;N;100902960;IT;06.5.3008.014E;N;N
0000280253;0000280253;BROCA CORTANTE 2,3X050MM C6;14122016;F;200000;000;000;0000;0000;0000;BL;UN;100;000;000;A;BIOMETAL;0000280253;20;000;000;80482490003;VIGENTE;; ;N;N;100902960;IT;06.5.1006.023E;N;N
0000280261;0000280261;BROCA CORTANTE 2,3X060MM C6;14122016;F;200000;000;000;0000;0000;0000;BL;UN;100;000;000;A;BIOMETAL;0000280261;20;000;000;80482490003;VIGENTE;; ;N;N;100902960;IT;06.5.1206.023E;N;N
0000280275;0000280275;BROCA CORTANTE 2,3X070MM C6;14122016;F;200000;000;000;0000;0000;0000;BL;UN;100;000;000;A;BIOMETAL;0000280275;20;000;000;80482490003;VIGENTE;; ;N;N;100902960;IT;06.5.1406.023E;N;N
0000280282;0000280282;BROCA CORTANTE 2,3X070MM C8;14122016;F;200000;000;000;0000;0000;0000;BL;UN;100;000;000;A;BIOMETAL;0000280282;20;000;000;80482490003;VIGENTE;; ;N;N;100902960;IT;06.5.1408.023E;N;N
0000280301;0000280301;BROCA CORTANTE 2,3X075MM C6;14122016;F;200000;000;000;0000;0000;0000;BL;UN;100;000;000;A;BIOMETAL;0000280301;20;000;000;80482490003;VIGENTE;; ;N;N;100902960;IT;06.5.1506.023E;N;N
0000280309;0000280309;BROCA CORTANTE 2,3X080MM C6;14122016;F;200000;000;000;0000;0000;0000;BL;UN;100;000;000;A;BIOMETAL;0000280309;20;000;000;80482490003;VIGENTE;; ;N;N;100902960;IT;06.5.1606.023E;N;N
0000280314;0000280314;BROCA CORTANTE 2,3X080MM C8;14122016;F;200000;000;000;0000;0000;0000;BL;UN;100;000;000;A;BIOMETAL;0000280314;20;000;000;80482490003;VIGENTE;; ;N;N;100902960;IT;06.5.1608.023E;N;N
0000280331;0000280331;BROCA CORTANTE 2,3X085MM C8;14122016;F;200000;000;000;0000;0000;0000;BL;UN;100;000;000;A;BIOMETAL;0000280331;20;000;000;80482490003;VIGENTE;; ;N;N;100902960;IT;06.5.1708.023E;N;N
0000280336;0000280336;BROCA CORTANTE 2,3X090MM C6;14122016;F;200000;000;000;0000;0000;0000;BL;UN;100;000;000;A;BIOMETAL;0000280336;20;000;000;80482490003;VIGENTE;; ;N;N;100902960;IT;06.5.1806.023E;N;N
0000280339;0000280339;BROCA CORTANTE 2,3X090MM C8;14122016;F;200000;000;000;0000;0000;0000;BL;UN;100;000;000;A;BIOMETAL;0000280339;20;000;000;80482490003;VIGENTE;; ;N;N;100902960;IT;06.5.1808.023E;N;N
0000280346;0000280346;BROCA CORTANTE 2,3X095MM C8;14122016;F;200000;000;000;0000;0000;0000;BL;UN;100;000;000;A;BIOMETAL;0000280346;20;000;000;80482490003;VIGENTE;; ;N;N;100902960;IT;06.5.1908.023E;N;N
0000280351;0000280351;BROCA CORTANTE 2,3X100MM C6;14122016;F;200000;000;000;0000;0000;0000;BL;UN;100;000;000;A;BIOMETAL;0000280351;20;000;000;80482490003;VIGENTE;; ;N;N;100902960;IT;06.5.2006.023E;N;N
0000280354;0000280354;BROCA CORTANTE 2,3X100MM C8;14122016;F;200000;000;000;0000;0000;0000;BL;UN;100;000;000;A;BIOMETAL;0000280354;20;000;000;80482490003;VIGENTE;; ;N;N;100902960;IT;06.5.2008.023E;N;N
0000280401;0000280401;BROCA CORTANTE 2,3X110MM C6;14122016;F;200000;000;000;0000;0000;0000;BL;UN;100;000;000;A;BIOMETAL;0000280401;20;000;000;80482490003;VIGENTE;; ;N;N;100902960;IT;06.5.2206.023E;N;N
0000280420;0000280420;BROCA CORTANTE 2,3X110MM C8;14122016;F;200000;000;000;0000;0000;0000;BL;UN;100;000;000;A;BIOMETAL;0000280420;20;000;000;80482490003;VIGENTE;; ;N;N;100902960;IT;06.5.2208.023E;N;N
0000280240;0000280240;BROCA CORTANTE 2,3X120MM C6;14122016;F;200000;000;000;0000;0000;0000;BL;UN;100;000;000;A;BIOMETAL;0000280240;20;000;000;80482490003;VIGENTE;; ;N;N;100902960;IT;06.5.2406.023E;N;N
0000280243;0000280243;BROCA CORTANTE 2,3X120MM C8;14122016;F;200000;000;000;0000;0000;0000;BL;UN;100;000;000;A;BIOMETAL;0000280243;20;000;000;80482490003;VIGENTE;; ;N;N;100902960;IT;06.5.2408.023E;N;N
0000280249;0000280249;BROCA CORTANTE 2,3X140,0MM C8;14122016;F;200000;000;000;0000;0000;0000;BL;UN;100;000;000;A;BIOMETAL;0000280249;20;000;000;80482490003;VIGENTE;; ;N;N;100902960;IT;06.5.2808.023E;N;N
0000280250;0000280250;BROCA CORTANTE 2,3X140MM C8;14122016;F;200000;000;000;0000;0000;0000;BL;UN;100;000;000;A;BIOMETAL;0000280250;20;000;000;80482490003;VIGENTE;; ;N;N;100902960;IT;06.5.2808.023E;N;N
0000280270;0000280270;BROCA CORTANTE 2,3X150MM C8;14122016;F;200000;000;000;0000;0000;0000;BL;UN;100;000;000;A;BIOMETAL;0000280270;20;000;000;80482490003;VIGENTE;; ;N;N;100902960;IT;06.5.3008.023E;N;N
0000280356;0000280356;BROCA CORTANTE 3,1X100MM C10;14122016;F;200000;000;000;0000;0000;0000;BL;UN;100;000;000;A;BIOMETAL;0000280356;20;000;000;80482490003;VIGENTE;; ;N;N;100902960;IT;06.5.2010.031E;N;N
0000280352;0000280352;BROCA CORTANTE 3,1X100MM C6;14122016;F;200000;000;000;0000;0000;0000;BL;UN;100;000;000;A;BIOMETAL;0000280352;20;000;000;80482490003;VIGENTE;; ;N;N;100902960;IT;06.5.2006.031E;N;N
0000280377;0000280377;BROCA CORTANTE 3,1X105MM C6;14122016;F;200000;000;000;0000;0000;0000;BL;UN;100;000;000;A;BIOMETAL;0000280377;20;000;000;80482490003;VIGENTE;; ;N;N;100902960;IT;06.5.2106.031E;N;N
0000280424;0000280424;BROCA CORTANTE 3,1X110MM C10;14122016;F;200000;000;000;0000;0000;0000;BL;UN;100;000;000;A;BIOMETAL;0000280424;20;000;000;80482490003;VIGENTE;; ;N;N;100902960;IT;06.5.2210.031E;N;N
0000280402;0000280402;BROCA CORTANTE 3,1X110MM C6;14122016;F;200000;000;000;0000;0000;0000;BL;UN;100;000;000;A;BIOMETAL;0000280402;20;000;000;80482490003;VIGENTE;; ;N;N;100902960;IT;06.5.2206.031E;N;N
0000280244;0000280244;BROCA CORTANTE 3,1X120MM C10;14122016;F;200000;000;000;0000;0000;0000;BL;UN;100;000;000;A;BIOMETAL;0000280244;20;000;000;80482490003;VIGENTE;; ;N;N;100902960;IT;06.5.2410.031E;N;N
0000280241;0000280241;BROCA CORTANTE 3,1X120MM C6;14122016;F;200000;000;000;0000;0000;0000;BL;UN;100;000;000;A;BIOMETAL;0000280241;20;000;000;80482490003;VIGENTE;; ;N;N;100902960;IT;06.5.2406.031E;N;N
0000280260;0000280260;BROCA CORTANTE 3,1X140MM C10;14122016;F;200000;000;000;0000;0000;0000;BL;UN;100;000;000;A;BIOMETAL;0000280260;20;000;000;80482490003;VIGENTE;; ;N;N;100902960;IT;06.5.2810.031E;N;N
0000280271;0000280271;BROCA CORTANTE 3,1X150MM C10;14122016;F;200000;000;000;0000;0000;0000;BL;UN;100;000;000;A;BIOMETAL;0000280271;20;000;000;80482490003;VIGENTE;; ;N;N;100902960;IT;06.5.3010.031E;N;N
0000280263;0000280263;BROCA CORTANTE 3,1X60MM C6;14122016;F;200000;000;000;0000;0000;0000;BL;UN;100;000;000;A;BIOMETAL;0000280263;20;000;000;80482490003;VIGENTE;; ;N;N;100902960;IT;06.5.1206.031E;N;N
0000280287;0000280287;BROCA CORTANTE 3,1X70MM C10;14122016;F;200000;000;000;0000;0000;0000;BL;UN;100;000;000;A;BIOMETAL;0000280287;20;000;000;80482490003;VIGENTE;; ;N;N;100902960;IT;06.5.1410.031E;N;N
0000280278;0000280278;BROCA CORTANTE 3,1X70MM C6;14122016;F;200000;000;000;0000;0000;0000;BL;UN;100;000;000;A;BIOMETAL;0000280278;20;000;000;80482490003;VIGENTE;; ;N;N;100902960;IT;06.5.1406.031E;N;N
0000280303;0000280303;BROCA CORTANTE 3,1X75MM C6;14122016;F;200000;000;000;0000;0000;0000;BL;UN;100;000;000;A;BIOMETAL;0000280303;20;000;000;80482490003;VIGENTE;; ;N;N;100902960;IT;06.5.1506.031E;N;N
0000280319;0000280319;BROCA CORTANTE 3,1X80MM C10;14122016;F;200000;000;000;0000;0000;0000;BL;UN;100;000;000;A;BIOMETAL;0000280319;20;000;000;80482490003;VIGENTE;; ;N;N;100902960;IT;06.5.1610.031E;N;N
0000280332;0000280332;BROCA CORTANTE 3,1X85MM C10;14122016;F;200000;000;000;0000;0000;0000;BL;UN;100;000;000;A;BIOMETAL;0000280332;20;000;000;80482490003;VIGENTE;; ;N;N;100902960;IT;06.5.1710.031E;N;N
0000280341;0000280341;BROCA CORTANTE 3,1X90MM C10;14122016;F;200000;000;000;0000;0000;0000;BL;UN;100;000;000;A;BIOMETAL;0000280341;20;000;000;80482490003;VIGENTE;; ;N;N;100902960;IT;06.5.1810.031E;N;N
0000280337;0000280337;BROCA CORTANTE 3,1X90MM C6;14122016;F;200000;000;000;0000;0000;0000;BL;UN;100;000;000;A;BIOMETAL;0000280337;20;000;000;80482490003;VIGENTE;; ;N;N;100902960;IT;06.5.1806.031E;N;N
0000280347;0000280347;BROCA CORTANTE 3,1X95MM C10;14122016;F;200000;000;000;0000;0000;0000;BL;UN;100;000;000;A;BIOMETAL;0000280347;20;000;000;80482490003;VIGENTE;; ;N;N;100902960;IT;06.5.1910.031E;N;N
0000280360;0000280360;BROCA CORTANTE 4,0X100MM C12;14122016;F;200000;000;000;0000;0000;0000;BL;UN;100;000;000;A;BIOMETAL;0000280360;20;000;000;80482490003;VIGENTE;; ;N;N;100902960;IT;06.5.2012.240E;N;N
0000280353;0000280353;BROCA CORTANTE 4,0X100MM C6;14122016;F;200000;000;000;0000;0000;0000;BL;UN;100;000;000;A;BIOMETAL;0000280353;20;000;000;80482490003;VIGENTE;; ;N;N;100902960;IT;06.5.2006.040E;N;N
0000280388;0000280388;BROCA CORTANTE 4,0X105MM C6;14122016;F;200000;000;000;0000;0000;0000;BL;UN;100;000;000;A;BIOMETAL;0000280388;20;000;000;80482490003;VIGENTE;; ;N;N;100902960;IT;06.5.2106.040E;N;N
0000280427;0000280427;BROCA CORTANTE 4,0X110MM C12;14122016;F;200000;000;000;0000;0000;0000;BL;UN;100;000;000;A;BIOMETAL;0000280427;20;000;000;80482490003;VIGENTE;; ;N;N;100902960;IT;06.5.22212.040E;N;N
0000280403;0000280403;BROCA CORTANTE 4,0X110MM C6;14122016;F;200000;000;000;0000;0000;0000;BL;UN;100;000;000;A;BIOMETAL;0000280403;20;000;000;80482490003;VIGENTE;; ;N;N;100902960;IT;06.5.2206.040E;N;N
0000280262;0000280262;BROCA CORTANTE 4,0X140MM C12;14122016;F;200000;000;000;0000;0000;0000;BL;UN;100;000;000;A;BIOMETAL;0000280262;20;000;000;80482490003;VIGENTE;; ;N;N;100902960;IT;06.5.2812.040E;N;N
0000280248;0000280248;BROCA CORTANTE 4,0X140MM C6;14122016;F;200000;000;000;0000;0000;0000;BL;UN;100;000;000;A;BIOMETAL;0000280248;20;000;000;80482490003;VIGENTE;; ;N;N;100902960;IT;06.5.2806.040E;N;N
0000280274;0000280274;BROCA CORTANTE 4,0X150MM C12;14122016;F;200000;000;000;0000;0000;0000;BL;UN;100;000;000;A;BIOMETAL;0000280274;20;000;000;80482490003;VIGENTE;; ;N;N;100902960;IT;06.5.3012.040E;N;N
0000280256;0000280256;BROCA CORTANTE 4,0X50MM C12;14122016;F;200000;000;000;0000;0000;0000;BL;UN;100;000;000;A;BIOMETAL;0000280256;20;000;000;80482490003;VIGENTE;; ;N;N;100902960;IT;06.5.1012.040E;N;N
0000280254;0000280254;BROCA CORTANTE 4,0X50MM C6;14122016;F;200000;000;000;0000;0000;0000;BL;UN;100;000;000;A;BIOMETAL;0000280254;20;000;000;80482490003;VIGENTE;; ;N;N;100902960;IT;06.5.1006.040E;N;N
0000280294;0000280294;BROCA CORTANTE 4,0X70MM C12;14122016;F;200000;000;000;0000;0000;0000;BL;UN;100;000;000;A;BIOMETAL;0000280294;20;000;000;80482490003;VIGENTE;; ;N;N;100902960;IT;06.5.1412.040E;N;N
0000280279;0000280279;BROCA CORTANTE 4,0X70MM C6;14122016;F;200000;000;000;0000;0000;0000;BL;UN;100;000;000;A;BIOMETAL;0000280279;20;000;000;80482490003;VIGENTE;; ;N;N;100902960;IT;06.5.1406.040E;N;N
0000280304;0000280304;BROCA CORTANTE 4,0X75MM C6;14122016;F;200000;000;000;0000;0000;0000;BL;UN;100;000;000;A;BIOMETAL;0000280304;20;000;000;80482490003;VIGENTE;; ;N;N;100902960;IT;06.5.1506.040E;N;N
0000280320;0000280320;BROCA CORTANTE 4,0X80MM C12;14122016;F;200000;000;000;0000;0000;0000;BL;UN;100;000;000;A;BIOMETAL;0000280320;20;000;000;80482490003;VIGENTE;; ;N;N;100902960;IT;06.5.1612.040E;N;N
0000280333;0000280333;BROCA CORTANTE 4,0X85MM C12;14122016;F;200000;000;000;0000;0000;0000;BL;UN;100;000;000;A;BIOMETAL;0000280333;20;000;000;80482490003;VIGENTE;; ;N;N;100902960;IT;06.5.1712.040E;N;N
0000280343;0000280343;BROCA CORTANTE 4,0X90MM C12;14122016;F;200000;000;000;0000;0000;0000;BL;UN;100;000;000;A;BIOMETAL;0000280343;20;000;000;80482490003;VIGENTE;; ;N;N;100902960;IT;06.5.1812.040E;N;N
0000280338;0000280338;BROCA CORTANTE 4,0X90MM C6;14122016;F;200000;000;000;0000;0000;0000;BL;UN;100;000;000;A;BIOMETAL;0000280338;20;000;000;80482490003;VIGENTE;; ;N;N;100902960;IT;06.5.1806.040E;N;N
0000280348;0000280348;BROCA CORTANTE 4,0X95MM C12;14122016;F;200000;000;000;0000;0000;0000;BL;UN;100;000;000;A;BIOMETAL;0000280348;20;000;000;80482490003;VIGENTE;; ;N;N;100902960;IT;06.5.1912.040E;N;N
0000280428;0000280428;BROCA CORTANTE 4,5X110MM C12;14122016;F;200000;000;000;0000;0000;0000;BL;UN;100;000;000;A;BIOMETAL;0000280428;20;000;000;80482490003;VIGENTE;; ;N;N;100902960;IT;06.5.22212.045E;N;N
0000280404;0000280404;BROCA CORTANTE 4,5X110MM C6;14122016;F;200000;000;000;0000;0000;0000;BL;UN;100;000;000;A;BIOMETAL;0000280404;20;000;000;80482490003;VIGENTE;; ;N;N;100902960;IT;06.5.2206.045E;N;N
0000280245;0000280245;BROCA CORTANTE 4,5X120MM C12;14122016;F;200000;000;000;0000;0000;0000;BL;UN;100;000;000;A;BIOMETAL;0000280245;20;000;000;80482490003;VIGENTE;; ;N;N;100902960;IT;06.5.2412.045E;N;N
0000280276;0000280276;BROCA CORTANTE 4,5X150MM C12;14122016;F;200000;000;000;0000;0000;0000;BL;UN;100;000;000;A;BIOMETAL;0000280276;20;000;000;80482490003;VIGENTE;; ;N;N;100902960;IT;06.5.3012.045E;N;N
0000280265;0000280265;BROCA CORTANTE 4,5X60MM C6;14122016;F;200000;000;000;0000;0000;0000;BL;UN;100;000;000;A;BIOMETAL;0000280265;20;000;000;80482490003;VIGENTE;; ;N;N;100902960;IT;06.5.1206.045E;N;N
0000280296;0000280296;BROCA CORTANTE 4,5X70MM C12;14122016;F;200000;000;000;0000;0000;0000;BL;UN;100;000;000;A;BIOMETAL;0000280296;20;000;000;80482490003;VIGENTE;; ;N;N;100902960;IT;06.5.1412.045E;N;N
0000280322;0000280322;BROCA CORTANTE 4,5X80MM C12;14122016;F;200000;000;000;0000;0000;0000;BL;UN;100;000;000;A;BIOMETAL;0000280322;20;000;000;80482490003;VIGENTE;; ;N;N;100902960;IT;06.5.1612.045E;N;N
0000280362;0000280362;BROCA CORTANTE 5,0X100MM C12;14122016;F;200000;000;000;0000;0000;0000;BL;UN;100;000;000;A;BIOMETAL;0000280362;20;000;000;80482490003;VIGENTE;; ;N;N;100902960;IT;06.5.2012.050E;N;N
0000280355;0000280355;BROCA CORTANTE 5,0X100MM C8;14122016;F;200000;000;000;0000;0000;0000;BL;UN;100;000;000;A;BIOMETAL;0000280355;20;000;000;80482490003;VIGENTE;; ;N;N;100902960;IT;06.5.2008.050E;N;N
0000280393;0000280393;BROCA CORTANTE 5,0X105MM C8;14122016;F;200000;000;000;0000;0000;0000;BL;UN;100;000;000;A;BIOMETAL;0000280393;20;000;000;80482490003;VIGENTE;; ;N;N;100902960;IT;06.5.2108.050E;N;N
0000280238;0000280238;BROCA CORTANTE 5,0X110MM C12;14122016;F;200000;000;000;0000;0000;0000;BL;UN;100;000;000;A;BIOMETAL;0000280238;20;000;000;80482490003;VIGENTE;; ;N;N;100902960;IT;06.5.2212.050E;N;N
0000280422;0000280422;BROCA CORTANTE 5,0X110MM C8;14122016;F;200000;000;000;0000;0000;0000;BL;UN;100;000;000;A;BIOMETAL;0000280422;20;000;000;80482490003;VIGENTE;; ;N;N;100902960;IT;06.5.2208.050E;N;N
0000280246;0000280246;BROCA CORTANTE 5,0X120MM C12;14122016;F;200000;000;000;0000;0000;0000;BL;UN;100;000;000;A;BIOMETAL;0000280246;20;000;000;80482490003;VIGENTE;; ;N;N;100902960;IT;06.5.2412.050E;N;N
0000280264;0000280264;BROCA CORTANTE 5,0X140MM C12;14122016;F;200000;000;000;0000;0000;0000;BL;UN;100;000;000;A;BIOMETAL;0000280264;20;000;000;80482490003;VIGENTE;; ;N;N;100902960;IT;06.5.2812.050E;N;N
0000280257;0000280257;BROCA CORTANTE 5,0X140MM C8;14122016;F;200000;000;000;0000;0000;0000;BL;UN;100;000;000;A;BIOMETAL;0000280257;20;000;000;80482490003;VIGENTE;; ;N;N;100902960;IT;06.5.2808.050E;N;N
0000280277;0000280277;BROCA CORTANTE 5,0X150MM C12;14122016;F;200000;000;000;0000;0000;0000;BL;UN;100;000;000;A;BIOMETAL;0000280277;20;000;000;80482490003;VIGENTE;; ;N;N;100902960;IT;06.5.3012.050E;N;N
0000280258;0000280258;BROCA CORTANTE 5,0X50MM C12;14122016;F;200000;000;000;0000;0000;0000;BL;UN;100;000;000;A;BIOMETAL;0000280258;20;000;000;80482490003;VIGENTE;; ;N;N;100902960;IT;06.5.1012.050E;N;N
0000280255;0000280255;BROCA CORTANTE 5,0X50MM C8;14122016;F;200000;000;000;0000;0000;0000;BL;UN;100;000;000;A;BIOMETAL;0000280255;20;000;000;80482490003;VIGENTE;; ;N;N;100902960;IT;06.5.1008.050E;N;N
0000280267;0000280267;BROCA CORTANTE 5,0X60MM C8;14122016;F;200000;000;000;0000;0000;0000;BL;UN;100;000;000;A;BIOMETAL;0000280267;20;000;000;80482490003;VIGENTE;; ;N;N;100902960;IT;06.5.1208.050E;N;N
0000280298;0000280298;BROCA CORTANTE 5,0X70MM C12;14122016;F;200000;000;000;0000;0000;0000;BL;UN;100;000;000;A;BIOMETAL;0000280298;20;000;000;80482490003;VIGENTE;; ;N;N;100902960;IT;06.5.1412.050E;N;N
0000280284;0000280284;BROCA CORTANTE 5,0X70MM C8;14122016;F;200000;000;000;0000;0000;0000;BL;UN;100;000;000;A;BIOMETAL;0000280284;20;000;000;80482490003;VIGENTE;; ;N;N;100902960;IT;06.5.1408.050E;N;N
0000280307;0000280307;BROCA CORTANTE 5,0X75MM C8;14122016;F;200000;000;000;0000;0000;0000;BL;UN;100;000;000;A;BIOMETAL;0000280307;20;000;000;80482490003;VIGENTE;; ;N;N;100902960;IT;06.5.1508.050E;N;N
0000280328;0000280328;BROCA CORTANTE 5,0X80MM C12;14122016;F;200000;000;000;0000;0000;0000;BL;UN;100;000;000;A;BIOMETAL;0000280328;20;000;000;80482490003;VIGENTE;; ;N;N;100902960;IT;06.5.1612.050E;N;N
0000280316;0000280316;BROCA CORTANTE 5,0X80MM C8;14122016;F;200000;000;000;0000;0000;0000;BL;UN;100;000;000;A;BIOMETAL;0000280316;20;000;000;80482490003;VIGENTE;; ;N;N;100902960;IT;06.5.1608.050E;N;N
0000280334;0000280334;BROCA CORTANTE 5,0X85MM C12;14122016;F;200000;000;000;0000;0000;0000;BL;UN;100;000;000;A;BIOMETAL;0000280334;20;000;000;80482490003;VIGENTE;; ;N;N;100902960;IT;06.5.1712.050E;N;N
0000280344;0000280344;BROCA CORTANTE 5,0X90MM C12;14122016;F;200000;000;000;0000;0000;0000;BL;UN;100;000;000;A;BIOMETAL;0000280344;20;000;000;80482490003;VIGENTE;; ;N;N;100902960;IT;06.5.1812.050E;N;N
0000280340;0000280340;BROCA CORTANTE 5,0X90MM C8;14122016;F;200000;000;000;0000;0000;0000;BL;UN;100;000;000;A;BIOMETAL;0000280340;20;000;000;80482490003;VIGENTE;; ;N;N;100902960;IT;06.5.1808.050E;N;N
0000280349;0000280349;BROCA CORTANTE 5,0X95MM C10;14122016;F;200000;000;000;0000;0000;0000;BL;UN;100;000;000;A;BIOMETAL;0000280349;20;000;000;80482490003;VIGENTE;; ;N;N;100902960;IT;06.5.1912.050E;N;N
0000280269;0000280269;BROCA CORTANTE 6,0X060MM C10;14122016;F;200000;000;000;0000;0000;0000;BL;UN;100;000;000;A;BIOMETAL;0000280269;20;000;000;80482490003;VIGENTE;; ;N;N;100902960;IT;06.5.1210.050E;N;N
0000280291;0000280291;BROCA CORTANTE 6,0X070MM C10;14122016;F;200000;000;000;0000;0000;0000;BL;UN;100;000;000;A;BIOMETAL;0000280291;20;000;000;80482490003;VIGENTE;; ;N;N;100902960;IT;06.5.1410.060E;N;N
0000280329;0000280329;BROCA CORTANTE 6,0X080MM C14;14122016;F;200000;000;000;0000;0000;0000;BL;UN;100;000;000;A;BIOMETAL;0000280329;20;000;000;80482490003;VIGENTE;; ;N;N;100902960;IT;06.5.1614.060E;N;N
0000280335;0000280335;BROCA CORTANTE 6,0X085MM C14;14122016;F;200000;000;000;0000;0000;0000;BL;UN;100;000;000;A;BIOMETAL;0000280335;20;000;000;80482490003;VIGENTE;; ;N;N;100902960;IT;06.5.1714.060E;N;N
0000280345;0000280345;BROCA CORTANTE 6,0X090MM C14;14122016;F;200000;000;000;0000;0000;0000;BL;UN;100;000;000;A;BIOMETAL;0000280345;20;000;000;80482490003;VIGENTE;; ;N;N;100902960;IT;06.5.1814.060E;N;N
0000280350;0000280350;BROCA CORTANTE 6,0X095MM C14;14122016;F;200000;000;000;0000;0000;0000;BL;UN;100;000;000;A;BIOMETAL;0000280350;20;000;000;80482490003;VIGENTE;; ;N;N;100902960;IT;06.5.1914.060E;N;N
0000280357;0000280357;BROCA CORTANTE 6,0X100MM C10;14122016;F;200000;000;000;0000;0000;0000;BL;UN;100;000;000;A;BIOMETAL;0000280357;20;000;000;80482490003;VIGENTE;; ;N;N;100902960;IT;06.5.2010.060E;N;N
0000280364;0000280364;BROCA CORTANTE 6,0X100MM C14;14122016;F;200000;000;000;0000;0000;0000;BL;UN;100;000;000;A;BIOMETAL;0000280364;20;000;000;80482490003;VIGENTE;; ;N;N;100902960;IT;06.5.2014.060E;N;N
0000280396;0000280396;BROCA CORTANTE 6,0X105MM C10;14122016;F;200000;000;000;0000;0000;0000;BL;UN;100;000;000;A;BIOMETAL;0000280396;20;000;000;80482490003;VIGENTE;; ;N;N;100902960;IT;06.5.2110.060E;N;N
0000280425;0000280425;BROCA CORTANTE 6,0X110MM C10;14122016;F;200000;000;000;0000;0000;0000;BL;UN;100;000;000;A;BIOMETAL;0000280425;20;000;000;80482490003;VIGENTE;; ;N;N;100902960;IT;06.5.2210.060E;N;N
0000280239;0000280239;BROCA CORTANTE 6,0X110MM C14;14122016;F;200000;000;000;0000;0000;0000;BL;UN;100;000;000;A;BIOMETAL;0000280239;20;000;000;80482490003;VIGENTE;; ;N;N;100902960;IT;06.5.2214.060E;N;N
0000280247;0000280247;BROCA CORTANTE 6,0X120MM C14;14122016;F;200000;000;000;0000;0000;0000;BL;UN;100;000;000;A;BIOMETAL;0000280247;20;000;000;80482490003;VIGENTE;; ;N;N;100902960;IT;06.5.2414.060E;N;N
0000280266;0000280266;BROCA CORTANTE 6,0X140MM C14;14122016;F;200000;000;000;0000;0000;0000;BL;UN;100;000;000;A;BIOMETAL;0000280266;20;000;000;80482490003;VIGENTE;; ;N;N;100902960;IT;06.5.2814.060E;N;N
0000280280;0000280280;BROCA CORTANTE 6,0X150MM C14;14122016;F;200000;000;000;0000;0000;0000;BL;UN;100;000;000;A;BIOMETAL;0000280280;20;000;000;80482490003;VIGENTE;; ;N;N;100902960;IT;06.5.3014.060E;N;N
0000280299;0000280299;BROCA CORTANTE 6,0X70MM C14;14122016;F;200000;000;000;0000;0000;0000;BL;UN;100;000;000;A;BIOMETAL;0000280299;20;000;000;80482490003;VIGENTE;; ;N;N;100902960;IT;06.5.1414.060E;N;N
0000280283;0000280283;BROCA DIAMANTADA 1,0X50MM;14122016;F;200000;000;000;0000;0000;0000;BL;UN;100;000;000;A;BIOMETAL;0000280283;20;000;000;80482490003;VIGENTE;; ;N;N;100902960;IT;09.5.0101.010E;N;N
0000280290;0000280290;BROCA DIAMANTADA 1,0X75MM;14122016;F;200000;000;000;0000;0000;0000;BL;UN;100;000;000;A;BIOMETAL;0000280290;20;000;000;80482490003;VIGENTE;; ;N;N;100902960;IT;09.5.0102.010E;N;N
0000280289;0000280289;BROCA DIAMANTADA 1,4X050MM;14122016;F;200000;000;000;0000;0000;0000;BL;UN;100;000;000;A;BIOMETAL;0000280289;20;000;000;80482490003;VIGENTE;; ;N;N;100902960;IT;09.5.0101.140E;N;N
0000280363;0000280363;BROCA DIAMANTADA 1,4X050MM;14122016;F;200000;000;000;0000;0000;0000;BL;UN;100;000;000;A;BIOMETAL;0000280363;20;000;000;80482490003;VIGENTE;; ;N;N;100902960;IT;09.5.0201.140E;N;N
0000280305;0000280305;BROCA DIAMANTADA 1,4X075MM;14122016;F;200000;000;000;0000;0000;0000;BL;UN;100;000;000;A;BIOMETAL;0000280305;20;000;000;80482490003;VIGENTE;; ;N;N;100902960;IT;09.5.0102.140E;N;N
0000280371;0000280371;BROCA DIAMANTADA 1,4X075MM;14122016;F;200000;000;000;0000;0000;0000;BL;UN;100;000;000;A;BIOMETAL;0000280371;20;000;000;80482490003;VIGENTE;; ;N;N;100902960;IT;09.5.0202.140E;N;N
0000280380;0000280380;BROCA DIAMANTADA 1,4X100MM;14122016;F;200000;000;000;0000;0000;0000;BL;UN;100;000;000;A;BIOMETAL;0000280380;20;000;000;80482490003;VIGENTE;; ;N;N;100902960;IT;09.5.0203.140E;N;N
0000280407;0000280407;BROCA DIAMANTADA 1,4X100MM;14122016;F;200000;000;000;0000;0000;0000;BL;UN;100;000;000;A;BIOMETAL;0000280407;20;000;000;80482490003;VIGENTE;; ;N;N;100902960;IT;09.5.0303.140E;N;N
0000280324;0000280324;BROCA DIAMANTADA 1,4X125MM;14122016;F;200000;000;000;0000;0000;0000;BL;UN;100;000;000;A;BIOMETAL;0000280324;20;000;000;80482490003;VIGENTE;; ;N;N;100902960;IT;09.5.0104.140E;N;N
0000280413;0000280413;BROCA DIAMANTADA 1,4X125MM;14122016;F;200000;000;000;0000;0000;0000;BL;UN;100;000;000;A;BIOMETAL;0000280413;20;000;000;80482490003;VIGENTE;; ;N;N;100902960;IT;09.5.0304.140E;N;N
0000280372;0000280372;BROCA DIAMANTADA 2,1X100MM;14122016;F;200000;000;000;0000;0000;0000;BL;UN;100;000;000;A;BIOMETAL;0000280372;20;000;000;80482490003;VIGENTE;; ;N;N;100902960;IT;09.5.0203.021E;N;N
0000280392;0000280392;BROCA DIAMANTADA 2,1X100MM;14122016;F;200000;000;000;0000;0000;0000;BL;UN;100;000;000;A;BIOMETAL;0000280392;20;000;000;80482490003;VIGENTE;; ;N;N;100902960;IT;09.5.0303.021E;N;N
0000280285;0000280285;BROCA DIAMANTADA 2,3X050MM;14122016;F;200000;000;000;0000;0000;0000;BL;UN;100;000;000;A;BIOMETAL;0000280285;20;000;000;80482490003;VIGENTE;; ;N;N;100902960;IT;09.5.0101.023E;N;N
0000280325;0000280325;BROCA DIAMANTADA 2,3X050MM;14122016;F;200000;000;000;0000;0000;0000;BL;UN;100;000;000;A;BIOMETAL;0000280325;20;000;000;80482490003;VIGENTE;; ;N;N;100902960;IT;09.5.0201.023E;N;N
0000280292;0000280292;BROCA DIAMANTADA 2,3X075MM;14122016;F;200000;000;000;0000;0000;0000;BL;UN;100;000;000;A;BIOMETAL;0000280292;20;000;000;80482490003;VIGENTE;; ;N;N;100902960;IT;09.5.0102.023E;N;N
0000280365;0000280365;BROCA DIAMANTADA 2,3X075MM;14122016;F;200000;000;000;0000;0000;0000;BL;UN;100;000;000;A;BIOMETAL;0000280365;20;000;000;80482490003;VIGENTE;; ;N;N;100902960;IT;09.5.0202.023E;N;N
0000280385;0000280385;BROCA DIAMANTADA 2,3X075MM;14122016;F;200000;000;000;0000;0000;0000;BL;UN;100;000;000;A;BIOMETAL;0000280385;20;000;000;80482490003;VIGENTE;; ;N;N;100902960;IT;09.5.0302.023E;N;N
0000280306;0000280306;BROCA DIAMANTADA 2,3X100MM;14122016;F;200000;000;000;0000;0000;0000;BL;UN;100;000;000;A;BIOMETAL;0000280306;20;000;000;80482490003;VIGENTE;; ;N;N;100902960;IT;09.5.0103.023E;N;N
0000280373;0000280373;BROCA DIAMANTADA 2,3X100MM;14122016;F;200000;000;000;0000;0000;0000;BL;UN;100;000;000;A;BIOMETAL;0000280373;20;000;000;80482490003;VIGENTE;; ;N;N;100902960;IT;09.5.0203.023E;N;N
0000280394;0000280394;BROCA DIAMANTADA 2,3X100MM;14122016;F;200000;000;000;0000;0000;0000;BL;UN;100;000;000;A;BIOMETAL;0000280394;20;000;000;80482490003;VIGENTE;; ;N;N;100902960;IT;09.5.0303.023E;N;N
0000280315;0000280315;BROCA DIAMANTADA 2,3X125MM;14122016;F;200000;000;000;0000;0000;0000;BL;UN;100;000;000;A;BIOMETAL;0000280315;20;000;000;80482490003;VIGENTE;; ;N;N;100902960;IT;09.5.0104.023E;N;N
0000280381;0000280381;BROCA DIAMANTADA 2,3X125MM;14122016;F;200000;000;000;0000;0000;0000;BL;UN;100;000;000;A;BIOMETAL;0000280381;20;000;000;80482490003;VIGENTE;; ;N;N;100902960;IT;09.5.0204.023E;N;N
0000280408;0000280408;BROCA DIAMANTADA 2,3X125MM;14122016;F;200000;000;000;0000;0000;0000;BL;UN;100;000;000;A;BIOMETAL;0000280408;20;000;000;80482490003;VIGENTE;; ;N;N;100902960;IT;09.5.0304.023E;N;N
0000280326;0000280326;BROCA DIAMANTADA 3,1X050MM;14122016;F;200000;000;000;0000;0000;0000;BL;UN;100;000;000;A;BIOMETAL;0000280326;20;000;000;80482490003;VIGENTE;; ;N;N;100902960;IT;09.5.0201.031E;N;N
0000280293;0000280293;BROCA DIAMANTADA 3,1X075MM;14122016;F;200000;000;000;0000;0000;0000;BL;UN;100;000;000;A;BIOMETAL;0000280293;20;000;000;80482490003;VIGENTE;; ;N;N;100902960;IT;09.5.0102.031E;N;N
0000280366;0000280366;BROCA DIAMANTADA 3,1X075MM;14122016;F;200000;000;000;0000;0000;0000;BL;UN;100;000;000;A;BIOMETAL;0000280366;20;000;000;80482490003;VIGENTE;; ;N;N;100902960;IT;09.5.0202.031E;N;N
0000280386;0000280386;BROCA DIAMANTADA 3,1X075MM;14122016;F;200000;000;000;0000;0000;0000;BL;UN;100;000;000;A;BIOMETAL;0000280386;20;000;000;80482490003;VIGENTE;; ;N;N;100902960;IT;09.5.0302.031E;N;N
0000280308;0000280308;BROCA DIAMANTADA 3,1X100MM;14122016;F;200000;000;000;0000;0000;0000;BL;UN;100;000;000;A;BIOMETAL;0000280308;20;000;000;80482490003;VIGENTE;; ;N;N;100902960;IT;09.5.0103.031E;N;N
0000280374;0000280374;BROCA DIAMANTADA 3,1X100MM;14122016;F;200000;000;000;0000;0000;0000;BL;UN;100;000;000;A;BIOMETAL;0000280374;20;000;000;80482490003;VIGENTE;; ;N;N;100902960;IT;09.5.0203.031E;N;N
0000280395;0000280395;BROCA DIAMANTADA 3,1X100MM;14122016;F;200000;000;000;0000;0000;0000;BL;UN;100;000;000;A;BIOMETAL;0000280395;20;000;000;80482490003;VIGENTE;; ;N;N;100902960;IT;09.5.0303.031E;N;N
0000280317;0000280317;BROCA DIAMANTADA 3,1X125MM;14122016;F;200000;000;000;0000;0000;0000;BL;UN;100;000;000;A;BIOMETAL;0000280317;20;000;000;80482490003;VIGENTE;; ;N;N;100902960;IT;09.5.0104.031E;N;N
0000280382;0000280382;BROCA DIAMANTADA 3,1X125MM;14122016;F;200000;000;000;0000;0000;0000;BL;UN;100;000;000;A;BIOMETAL;0000280382;20;000;000;80482490003;VIGENTE;; ;N;N;100902960;IT;09.5.0204.031E;N;N
0000280409;0000280409;BROCA DIAMANTADA 3,1X125MM;14122016;F;200000;000;000;0000;0000;0000;BL;UN;100;000;000;A;BIOMETAL;0000280409;20;000;000;80482490003;VIGENTE;; ;N;N;100902960;IT;09.5.0304.031E;N;N
0000280286;0000280286;BROCA DIAMANTADA 4,0X050MM;14122016;F;200000;000;000;0000;0000;0000;BL;UN;100;000;000;A;BIOMETAL;0000280286;20;000;000;80482490003;VIGENTE;; ;N;N;100902960;IT;09.5.0101.040E;N;N
0000280295;0000280295;BROCA DIAMANTADA 4,0X075MM;14122016;F;200000;000;000;0000;0000;0000;BL;UN;100;000;000;A;BIOMETAL;0000280295;20;000;000;80482490003;VIGENTE;; ;N;N;100902960;IT;09.5.0102.040E;N;N
0000280367;0000280367;BROCA DIAMANTADA 4,0X075MM;14122016;F;200000;000;000;0000;0000;0000;BL;UN;100;000;000;A;BIOMETAL;0000280367;20;000;000;80482490003;VIGENTE;; ;N;N;100902960;IT;09.5.0202.040E;N;N
0000280387;0000280387;BROCA DIAMANTADA 4,0X075MM;14122016;F;200000;000;000;0000;0000;0000;BL;UN;100;000;000;A;BIOMETAL;0000280387;20;000;000;80482490003;VIGENTE;; ;N;N;100902960;IT;09.5.0302.040E;N;N
0000280310;0000280310;BROCA DIAMANTADA 4,0X100MM;14122016;F;200000;000;000;0000;0000;0000;BL;UN;100;000;000;A;BIOMETAL;0000280310;20;000;000;80482490003;VIGENTE;; ;N;N;100902960;IT;09.5.0103.040E;N;N
0000280375;0000280375;BROCA DIAMANTADA 4,0X100MM;14122016;F;200000;000;000;0000;0000;0000;BL;UN;100;000;000;A;BIOMETAL;0000280375;20;000;000;80482490003;VIGENTE;; ;N;N;100902960;IT;09.5.0203.040E;N;N
0000280397;0000280397;BROCA DIAMANTADA 4,0X100MM;14122016;F;200000;000;000;0000;0000;0000;BL;UN;100;000;000;A;BIOMETAL;0000280397;20;000;000;80482490003;VIGENTE;; ;N;N;100902960;IT;09.5.0303.040E;N;N
0000280383;0000280383;BROCA DIAMANTADA 4,0X125MM;14122016;F;200000;000;000;0000;0000;0000;BL;UN;100;000;000;A;BIOMETAL;0000280383;20;000;000;80482490003;VIGENTE;; ;N;N;100902960;IT;09.5.0204.040E;N;N
0000280327;0000280327;BROCA DIAMANTADA 4,5X050MM;14122016;F;200000;000;000;0000;0000;0000;BL;UN;100;000;000;A;BIOMETAL;0000280327;20;000;000;80482490003;VIGENTE;; ;N;N;100902960;IT;09.5.0201.045E;N;N
0000280297;0000280297;BROCA DIAMANTADA 4,5X075MM;14122016;F;200000;000;000;0000;0000;0000;BL;UN;100;000;000;A;BIOMETAL;0000280297;20;000;000;80482490003;VIGENTE;; ;N;N;100902960;IT;09.5.0102.045E;N;N
0000280368;0000280368;BROCA DIAMANTADA 4,5X075MM;14122016;F;200000;000;000;0000;0000;0000;BL;UN;100;000;000;A;BIOMETAL;0000280368;20;000;000;80482490003;VIGENTE;; ;N;N;100902960;IT;09.5.0202.045E;N;N
0000280389;0000280389;BROCA DIAMANTADA 4,5X075MM;14122016;F;200000;000;000;0000;0000;0000;BL;UN;100;000;000;A;BIOMETAL;0000280389;20;000;000;80482490003;VIGENTE;; ;N;N;100902960;IT;09.5.0302.045E;N;N
0000280376;0000280376;BROCA DIAMANTADA 4,5X100MM;14122016;F;200000;000;000;0000;0000;0000;BL;UN;100;000;000;A;BIOMETAL;0000280376;20;000;000;80482490003;VIGENTE;; ;N;N;100902960;IT;09.5.0203.045E;N;N
0000280398;0000280398;BROCA DIAMANTADA 4,5X100MM;14122016;F;200000;000;000;0000;0000;0000;BL;UN;100;000;000;A;BIOMETAL;0000280398;20;000;000;80482490003;VIGENTE;; ;N;N;100902960;IT;09.5.0303.045E;N;N
0000280318;0000280318;BROCA DIAMANTADA 4,5X125MM;14122016;F;200000;000;000;0000;0000;0000;BL;UN;100;000;000;A;BIOMETAL;0000280318;20;000;000;80482490003;VIGENTE;; ;N;N;100902960;IT;09.5.0104.045E;N;N
0000280410;0000280410;BROCA DIAMANTADA 4,5X125MM;14122016;F;200000;000;000;0000;0000;0000;BL;UN;100;000;000;A;BIOMETAL;0000280410;20;000;000;80482490003;VIGENTE;; ;N;N;100902960;IT;09.5.0304.045E;N;N
0000280288;0000280288;BROCA DIAMANTADA 5,0X050MM;14122016;F;200000;000;000;0000;0000;0000;BL;UN;100;000;000;A;BIOMETAL;0000280288;20;000;000;80482490003;VIGENTE;; ;N;N;100902960;IT;09.5.0101.050E;N;N
0000280359;0000280359;BROCA DIAMANTADA 5,0X050MM;14122016;F;200000;000;000;0000;0000;0000;BL;UN;100;000;000;A;BIOMETAL;0000280359;20;000;000;80482490003;VIGENTE;; ;N;N;100902960;IT;09.5.0201.050E;N;N
0000280300;0000280300;BROCA DIAMANTADA 5,0X075MM;14122016;F;200000;000;000;0000;0000;0000;BL;UN;100;000;000;A;BIOMETAL;0000280300;20;000;000;80482490003;VIGENTE;; ;N;N;100902960;IT;09.5.0102.050E;N;N
0000280369;0000280369;BROCA DIAMANTADA 5,0X075MM;14122016;F;200000;000;000;0000;0000;0000;BL;UN;100;000;000;A;BIOMETAL;0000280369;20;000;000;80482490003;VIGENTE;; ;N;N;100902960;IT;09.5.0202.050E;N;N
0000280390;0000280390;BROCA DIAMANTADA 5,0X075MM;14122016;F;200000;000;000;0000;0000;0000;BL;UN;100;000;000;A;BIOMETAL;0000280390;20;000;000;80482490003;VIGENTE;; ;N;N;100902960;IT;09.5.0302.050E;N;N
0000280312;0000280312;BROCA DIAMANTADA 5,0X100MM;14122016;F;200000;000;000;0000;0000;0000;BL;UN;100;000;000;A;BIOMETAL;0000280312;20;000;000;80482490003;VIGENTE;; ;N;N;100902960;IT;09.5.0103.050E;N;N
0000280378;0000280378;BROCA DIAMANTADA 5,0X100MM;14122016;F;200000;000;000;0000;0000;0000;BL;UN;100;000;000;A;BIOMETAL;0000280378;20;000;000;80482490003;VIGENTE;; ;N;N;100902960;IT;09.5.0203.050E;N;N
0000280400;0000280400;BROCA DIAMANTADA 5,0X100MM;14122016;F;200000;000;000;0000;0000;0000;BL;UN;100;000;000;A;BIOMETAL;0000280400;20;000;000;80482490003;VIGENTE;; ;N;N;100902960;IT;09.5.0303.050E;N;N
0000280321;0000280321;BROCA DIAMANTADA 5,0X125MM;14122016;F;200000;000;000;0000;0000;0000;BL;UN;100;000;000;A;BIOMETAL;0000280321;20;000;000;80482490003;VIGENTE;; ;N;N;100902960;IT;09.5.0104.050E;N;N
0000280384;0000280384;BROCA DIAMANTADA 5,0X125MM;14122016;F;200000;000;000;0000;0000;0000;BL;UN;100;000;000;A;BIOMETAL;0000280384;20;000;000;80482490003;VIGENTE;; ;N;N;100902960;IT;09.5.0204.050E;N;N
0000280411;0000280411;BROCA DIAMANTADA 5,0X125MM;14122016;F;200000;000;000;0000;0000;0000;BL;UN;100;000;000;A;BIOMETAL;0000280411;20;000;000;80482490003;VIGENTE;; ;N;N;100902960;IT;09.5.0304.050E;N;N
0000280361;0000280361;BROCA DIAMANTADA 6,0X050MM;14122016;F;200000;000;000;0000;0000;0000;BL;UN;100;000;000;A;BIOMETAL;0000280361;20;000;000;80482490003;VIGENTE;; ;N;N;100902960;IT;09.5.0201.060E;N;N
0000280302;0000280302;BROCA DIAMANTADA 6,0X075MM;14122016;F;200000;000;000;0000;0000;0000;BL;UN;100;000;000;A;BIOMETAL;0000280302;20;000;000;80482490003;VIGENTE;; ;N;N;100902960;IT;09.5.0102.060E;N;N
0000280370;0000280370;BROCA DIAMANTADA 6,0X075MM;14122016;F;200000;000;000;0000;0000;0000;BL;UN;100;000;000;A;BIOMETAL;0000280370;20;000;000;80482490003;VIGENTE;; ;N;N;100902960;IT;09.5.0202.060E;N;N
0000280391;0000280391;BROCA DIAMANTADA 6,0X075MM;14122016;F;200000;000;000;0000;0000;0000;BL;UN;100;000;000;A;BIOMETAL;0000280391;20;000;000;80482490003;VIGENTE;; ;N;N;100902960;IT;09.5.0302.060E;N;N
0000280313;0000280313;BROCA DIAMANTADA 6,0X100MM;14122016;F;200000;000;000;0000;0000;0000;BL;UN;100;000;000;A;BIOMETAL;0000280313;20;000;000;80482490003;VIGENTE;; ;N;N;100902960;IT;09.5.0103.060E;N;N
0000280379;0000280379;BROCA DIAMANTADA 6,0X100MM;14122016;F;200000;000;000;0000;0000;0000;BL;UN;100;000;000;A;BIOMETAL;0000280379;20;000;000;80482490003;VIGENTE;; ;N;N;100902960;IT;09.5.0203.060E;N;N
0000280406;0000280406;BROCA DIAMANTADA 6,0X100MM;14122016;F;200000;000;000;0000;0000;0000;BL;UN;100;000;000;A;BIOMETAL;0000280406;20;000;000;80482490003;VIGENTE;; ;N;N;100902960;IT;09.5.0303.060E;N;N
0000280323;0000280323;BROCA DIAMANTADA 6,0X125MM;14122016;F;200000;000;000;0000;0000;0000;BL;UN;100;000;000;A;BIOMETAL;0000280323;20;000;000;80482490003;VIGENTE;; ;N;N;100902960;IT;09.5.0104.060E;N;N
0000280412;0000280412;BROCA DIAMANTADA 6,0X125MM;14122016;F;200000;000;000;0000;0000;0000;BL;UN;100;000;000;A;BIOMETAL;0000280412;20;000;000;80482490003;VIGENTE;; ;N;N;100902960;IT;09.5.0304.060E;N;N
0000251226;0000251226;BROMETO PINAVERIO 100MG 30CPDS REV.;07072020;V;4968;6619;000;1656;2206;0000;CX;CPDS;3000;000;000;A;TEUTO BRAS;0000251226;50;000;000;1037005810171;31072022;7896112166146;+;N;S;90312171;  ;;S;N
0000251227;0000251227;BROMETO PINAVERIO 100MG 60CPDS REV.;07072020;V;7886;10507;000;1314;1751;0000;CX;CPDS;6000;000;000;A;TEUTO BRAS;0000251227;50;000;000;1037005810188;31072022;7896112166153;+;N;S;90312180;  ;;S;N
0000172728;0000172728;BROMETO PINAVERIO 50MG 10CPDS REV.;07072020;V;1603;2136;000;1603;2136;0000;CX;CPDS;1000;000;000;A;TEUTO BRAS;0000172728;50;000;000;1037005810013;31072022;7896112172970;-;N;S;90259238;  ;;S;N
0000172729;0000172729;BROMETO PINAVERIO 50MG 20CPDS REV.;07072020;V;3202;4266;000;1601;2133;0000;CX;CPDS;2000;000;000;A;TEUTO BRAS;0000172729;50;000;000;1037005810021;31072022;7896112151401;-;N;S;90259246;  ;;S;N
0000172730;0000172730;BROMETO PINAVERIO 50MG 30CPDS REV.;07072020;V;4802;6398;000;1601;2133;0000;CX;CPDS;3000;000;000;A;TEUTO BRAS;0000172730;50;000;000;1037005810031;31072022;7896112172987;-;N;S;90259254;  ;;S;N
0000172731;0000172731;BROMETO PINAVERIO 50MG 60CPDS REV.;07072020;V;9606;12798;000;1601;2133;0000;CX;CPDS;6000;000;000;A;TEUTO BRAS;0000172731;50;000;000;1037005810048;31072022;7896112172994;-;N;S;90259262;  ;;S;N
0000260352;0000260352;BROMIDRATO CITALOPRAM 20MG 240CPDS(EMB.HOSP.);23062020;F;114085;000;000;4754;0000;0000;CX;CPDS;24000;000;000;A;TEUTO BRAS;0000260352;50;000;000;1037006110104;31012030;7896112135401;+;S;S;90312422;  ;;S;N
0000294294;0000294294;BROMIDRATO CITALOPRAM 20MG 28CPDS REV.;09062020;V;2562;3542;000;0915;1265;0000;CX;CPDS;2800;000;000;A;TORRENT;0000294294;50;000;000;1052500660024;30092020;8903855073538;+;N;S;90343638;  ;;S;N
0000260351;0000260351;BROMIDRATO CITALOPRAM 20MG 30CPDS REV.;02022021;V;2831;3914;000;0944;1305;0000;CX;CPDS;3000;000;000;A;TEUTO BRAS;0000260351;50;000;000;1037006110041;31012030;7896112129110;+;N;S;90312430;  ;;S;N
0000140267;0000140267;BROMIDRATO FENOTEROL 5MG/ML SOL.ORAL 20ML+CGT;09032021;V;368;509;000;0184;0255;0000;FR;ML;2000;000;000;P;TEUTO BRAS;0000140267;50;000;000;1037004670013;31072025;7896112147985;+;N;S;90135890;  ;;S;N
0000271436;0000271436;BROMOPRIDA 10MG BL.PVDC 20CPDS;07072020;V;1485;1978;000;0743;0989;0000;CX;CPDS;2000;000;000;A;TEUTO BRAS;0000271436;50;000;000;1037006620110;30122020;7896112172666;-;N;S;90350839;  ;;S;N
0000252696;0000252696;BUCLINA 25MG 30CPDS;30062020;V;1175;1565;000;0392;0522;0000;CX;CPDS;3000;000;000;A;SANOFI MEDLEY;0000252696;50;000;000;1832603620021;31122027;7891058019365;-;N;S;90482697;  ;;N;N
0000239754;0000239754;BUPIUM 150MG 10CPDS REV.LIB.PROLONG.;07072020;V;2509;3469;000;2509;3469;0000;CX;CPDS;1000;000;000;A;SIGMA PHARMA;0000239754;50;000;000;1356906410010;31072021;7894916508568;+;N;S;90240430;  ;;N;N
0000302014;0000302014;BUPIUM XL 150MG 10CPDS REV.LIB.PROLONG.;07072020;V;2588;3578;000;2588;3578;0000;CX;CPDS;1000;000;000;A;SIGMA PHARMA;0000302014;50;000;000;1356907250017;31122022;7894916513159;+;N;S;90412931;  ;;N;N
0000302017;0000302017;BUPIUM XL 150MG 30CPDS REV.LIB.PROLONG.;07072020;V;7770;10742;000;2590;3581;0000;CX;CPDS;3000;000;000;A;SIGMA PHARMA;0000302017;50;000;000;1356907250033;31122022;7894916513166;+;N;S;90412940;  ;;N;N
0000302015;0000302015;BUPIUM XL 150MG 60CPDS REV.LIB.PROLONG.;07072020;V;12435;17191;000;2073;2865;0000;CX;CPDS;6000;000;000;A;SIGMA PHARMA;0000302015;50;000;000;1356907250041;31122022;7894916513173;+;N;S;90412958;  ;;N;N
0000302019;0000302019;BUPIUM XL 300MG 10CPDS REV.LIB.PROLONG.;07072020;V;3263;4511;000;3263;4511;0000;CX;CPDS;1000;000;000;A;SIGMA PHARMA;0000302019;50;000;000;1356907250084;31122022;7894916513203;+;N;S;90412966;  ;;N;N
0000302016;0000302016;BUPIUM XL 300MG 30CPDS REV.LIB.PROLONG.;07072020;V;9783;13524;000;3261;4508;0000;CX;CPDS;3000;000;000;A;SIGMA PHARMA;0000302016;50;000;000;1356907250106;31122022;7894916513180;+;N;S;90412974;  ;;N;N
0000302020;0000302020;BUPIUM XL 300MG 60CPDS REV.LIB.PROLONG.;07072020;V;15633;21612;000;2606;3602;0000;CX;CPDS;6000;000;000;A;SIGMA PHARMA;0000302020;50;000;000;1356907250114;31122022;7894916513197;+;N;S;90412982;  ;;N;N
0000302035;0000302035;BUPSTESIC C/VASO SAFETY PACK 5,0+0,0091MG/ML INJ.6FA 20ML;30062020;F;13670;000;000;22783;0000;0000;CX;FA;600;000;000;A;UNIAO QUIMICA;0000302035;50;000;000;1049702070023;28022021;7896006222095;+;S;S;90206991;  ;;N;N
0000302036;0000302036;BUPSTESIC SAFETY PACK 0,50% INJ.6FA 20ML;30062020;F;14134;000;000;23557;0000;0000;CX;FA;600;000;000;A;UNIAO QUIMICA;0000302036;50;000;000;1049701850025;31122020;7896006247609;+;S;S;90261305;  ;;N;N
0000316248;0000316248;BUSCOVERAN COMPOSTO 6,67+333,4MG/ML SOL.ORAL GTS.10ML;22072020;V;935;1246;000;0935;1246;0000;FR;ML;1000;000;000;A;UNIAO QUIMICA;0000316248;50;000;000;1057702010013;31072029;7893353041393;-;N;S;90465598;  ;;N;N
0000303902;0000303902;BUTACID 200MG 200CPDS REV.;30062020;F;10184;000;000;0509;0000;0000;CX;CPDS;20000;000;000;A;VITAPAN;0000303902;50;000;000;1039201550041;31122022;7898049794690;+;S;S;90414284;  ;;N;N
0000303901;0000303901;BUTACID 200MG 20CPDS REV.;30062020;V;822;1136;000;0411;0568;0000;CX;CPDS;2000;000;000;A;VITAPAN;0000303901;50;000;000;1039201550033;31122022;7898049794683;+;N;S;90414292;  ;;N;N
0000244533;0000244533;CABERGOLINA 0,5MG 2CPDS;24042018;V;4946;6838;000;24730;34190;0000;FR;CPDS;200;000;000;A;ZODIAC;0000244533;50;000;000;1221400900018;31082023;7892953001721;+;N;S;;  ;;S;N
0000318421;0000318421;CABERGOLINA 0,5MG 2CPDS;01112020;V;5161;7135;000;25805;35675;0000;CX;CPDS;200;000;000;A;RANBAXY;0000318421;50;000;000;1235202660010;30042030;7897076922137;+;N;S;90465695;  ;;S;N
0000244534;0000244534;CABERGOLINA 0,5MG 8CPDS;27062020;V;18598;25711;000;23248;32139;0000;FR;CPDS;800;000;000;A;ZODIAC;0000244534;50;000;000;1221400900026;31082023;7892953001738;+;N;S;90287363;  ;;S;N
0000318422;0000318422;CABERGOLINA 0,5MG 8CPDS;01112020;V;17843;14667;000;22304;18334;0000;CX;CPDS;800;000;000;A;RANBAXY;0000318422;50;000;000;1235202660037;30042030;7897076922144;+;N;S;90465709;  ;;S;N
0000242315;0000242315;CABERTRIX 0,5MG 2CPDS;27062020;V;5378;7434;000;26890;37170;0000;CX;CPDS;200;000;000;A;ZODIAC;0000242315;50;000;000;1221400910013;30092023;7892953000168;+;N;S;90288998;  ;;N;N
0000242316;0000242316;CABERTRIX 0,5MG 8CPDS;27062020;V;18598;25711;000;23248;32139;0000;CX;CPDS;800;000;000;A;ZODIAC;0000242316;50;000;000;1221400910021;30092023;7892953000175;+;N;S;90289005;  ;;N;N
0000256027;0000256027;CAMPTOSAR 20MG/ML FA 2ML(REST.HOSP.);23062020;F;84104;000;000;0000;0000;0000;CX;FA;100;000;000;A;WYETH;0000256027;50;000;000;1211004340012;28022023;7891268100150;+;S;N;90405692;  ;;N;N
0000256028;0000256028;CAMPTOSAR 20MG/ML FA 5ML(REST.HOSP.);23062020;F;207799;000;000;0000;0000;0000;CX;FA;100;000;000;A;WYETH;0000256028;50;000;000;1211004340020;28022023;7891268100167;+;S;N;90405706;  ;;N;N
0000320679;0000320679;CANABIDIOL 20MG/ML SOL.30ML+SER.;18022021;V;21016;28000;000;0000;0000;0000;FR;ML;3000;000;000;A;PRATI-DONADUZZI;0000320679;50;000;000;NOTIFICACAO;;7899547536164;-;N;N;;  ;;S;N
0000320680;0000320680;CANABIDIOL 50MG/ML SOL.30ML+SER.;18022021;V;51602;68750;000;0000;0000;0000;FR;ML;3000;000;000;A;PRATI-DONADUZZI;0000320680;50;000;000;NOTIFICACAO;;7899547536195;-;N;N;;  ;;S;N
0000297265;0000297265;CANDESARTANA CILEXETILA 16MG 60CPDS;30062020;V;9256;12796;000;1543;2133;0000;CX;CPDS;6000;000;000;A;SANDOZ;0000297265;50;000;000;1004704760061;31052020;7897595611185;+;N;S;90402863;  ;;S;N
0000297266;0000297266;CANDESARTANA CILEXETILA 8MG 60CPDS;30062020;V;9256;12796;000;1543;2133;0000;CX;CPDS;6000;000;000;A;SANDOZ;0000297266;50;000;000;1004704760035;31052020;7897595611154;+;N;S;90402855;  ;;S;N
0000257174;0000257174;CANDESARTANA CILEXETILA+HIDROCLOROTIAZIDA 16+12,5MG 30CPDS;30062020;V;6161;8517;000;2054;2839;0000;CX;CPDS;3000;000;000;A;SANDOZ;0000257174;50;000;000;1004705290024;30062024;7897595626127;+;N;S;90310381;  ;;S;N
0000271682;0000271682;CANDESSA 16MG 20CPDS;01072017;V;5308;7338;000;2654;3669;0000;CX;CPDS;2000;000;000;A;SIGMA PHARMA;0000271682;50;000;000;1356906660068;PENDENTE;7896004755847;+;N;S;90343433;  ;;N;N
0000271681;0000271681;CANDESSA 16MG 30CPDS;01072017;V;7963;11008;000;2654;3669;0000;CX;CPDS;3000;000;000;A;SIGMA PHARMA;0000271681;50;000;000;1356906660076;PENDENTE;7896004754499;+;N;S;90322690;  ;;N;N
0000271683;0000271683;CANDESSA 8MG 30CPDS;01072017;V;7451;10301;000;2484;3434;0000;CX;CPDS;3000;000;000;A;SIGMA PHARMA;0000271683;50;000;000;1356906660025;PENDENTE;7896004754505;+;N;S;90322681;  ;;N;N
0000271685;0000271685;CANDESSA HCT 16MG+12,5MG 20CPDS;01072017;V;5900;8156;000;2950;4078;0000;CX;CPDS;2000;000;000;A;SIGMA PHARMA;0000271685;50;000;000;1356906700061;PENDENTE;7896004755830;+;N;S;90343425;  ;;N;N
0000271684;0000271684;CANDESSA HCT 16MG+12,5MG 30CPDS;01072017;V;8850;12235;000;2950;4078;0000;CX;CPDS;3000;000;000;A;SIGMA PHARMA;0000271684;50;000;000;1356906700078;PENDENTE;7896004755007;+;N;S;90322738;  ;;N;N
0000271686;0000271686;CANDESSA HCT 8MG+12,5MG 30CPDS;01072017;V;8516;11773;000;2839;3924;0000;CX;CPDS;3000;000;000;A;SIGMA PHARMA;0000271686;50;000;000;1356906700027;PENDENTE;7896004755014;+;N;S;90322720;  ;;N;N
0000275623;0000275623;CANDITRAT 25000UI/G CRM.VAG.60G 14APLIC;07072020;V;2234;2976;000;0000;0000;0000;BG;GRS;6000;000;000;A;TEUTO BRAS;0000275623;50;000;000;1037000780051;30092021;7896112120285;-;N;N;90366484;  ;;N;N
0000320984;0000320984;CANETA ELETROCIRURGICA BLUEPAD DESC.;09032021;F;36000;000;000;0000;0000;0000;PCT;UN;100;000;000;I;DBI MEDICAL;0000320984;20;000;000;80722800019;05102030;; ;N;N;;MC;BP20;N;N
0000317919;0000317919;CANULA AUXILIAR P/INSUFLACAO GAS CARBONICO NEOVERESS VIGEO 1412;06102020;F;108000;000;000;0000;0000;0000;CX;UN;100;000;000;A;MM DIAGNOSTIKA;0000317919;20;000;000;80199950045;VIGENTE;; ;N;N;100299725;ME;VVVC 01412;N;N
0000317920;0000317920;CANULA AUXILIAR P/INSUFLACAO GAS CARBONICO NEOVERESS VIGEO 1415;06102020;F;108000;000;000;0000;0000;0000;CX;UN;100;000;000;A;MM DIAGNOSTIKA;0000317920;20;000;000;80199950045;VIGENTE;; ;N;N;100299830;ME;VVVC 01415;N;N
0000317982;0000317982;CANULA BIOPSIA TECIDO MOLE AUTOMATICA.DESC.VIGEO COMPACT 1410;06102020;F;154000;000;000;0000;0000;0000;CX;UN;100;000;000;A;MM DIAGNOSTIKA;0000317982;20;000;000;80199950047;VIGENTE;; ;N;N;100385940;ME;VCT1410;N;N
0000317984;0000317984;CANULA BIOPSIA TECIDO MOLE AUTOMATICA.DESC.VIGEO COMPACT 1415;06102020;F;154000;000;000;0000;0000;0000;CX;UN;100;000;000;A;MM DIAGNOSTIKA;0000317984;20;000;000;80199950047;VIGENTE;; ;N;N;100385923;ME;VCT1415;N;N
0000317985;0000317985;CANULA BIOPSIA TECIDO MOLE AUTOMATICA.DESC.VIGEO COMPACT 1610;06102020;F;154000;000;000;0000;0000;0000;CX;UN;100;000;000;A;MM DIAGNOSTIKA;0000317985;20;000;000;80199950047;VIGENTE;; ;N;N;100385850;ME;VCT1610;N;N
0000317986;0000317986;CANULA BIOPSIA TECIDO MOLE AUTOMATICA.DESC.VIGEO COMPACT 1615;06102020;F;154000;000;000;0000;0000;0000;CX;UN;100;000;000;A;MM DIAGNOSTIKA;0000317986;20;000;000;80199950047;VIGENTE;; ;N;N;100385907;ME;VCT1615;N;N
0000317987;0000317987;CANULA BIOPSIA TECIDO MOLE AUTOMATICA.DESC.VIGEO COMPACT 1620;06102020;F;154000;000;000;0000;0000;0000;CX;UN;100;000;000;A;MM DIAGNOSTIKA;0000317987;20;000;000;80199950047;VIGENTE;; ;N;N;100385893;ME;VCT1620;N;N
0000317988;0000317988;CANULA BIOPSIA TECIDO MOLE AUTOMATICA.DESC.VIGEO COMPACT 1810;06102020;F;154000;000;000;0000;0000;0000;CX;UN;100;000;000;A;MM DIAGNOSTIKA;0000317988;20;000;000;80199950047;VIGENTE;; ;N;N;100385877;ME;VCT1810;N;N
0000317989;0000317989;CANULA BIOPSIA TECIDO MOLE AUTOMATICA.DESC.VIGEO COMPACT 1815;06102020;F;154000;000;000;0000;0000;0000;CX;UN;100;000;000;A;MM DIAGNOSTIKA;0000317989;20;000;000;80199950047;VIGENTE;; ;N;N;100385931;ME;VCT1815;N;N
0000317990;0000317990;CANULA BIOPSIA TECIDO MOLE AUTOMATICA.DESC.VIGEO COMPACT 1820;06102020;F;154000;000;000;0000;0000;0000;CX;UN;100;000;000;A;MM DIAGNOSTIKA;0000317990;20;000;000;80199950047;VIGENTE;; ;N;N;100385842;ME;VCT1820;N;N
0000317992;0000317992;CANULA BIOPSIA TECIDO MOLE AUTOMATICA.DESC.VIGEO COMPACT 1825;06102020;F;154000;000;000;0000;0000;0000;CX;UN;100;000;000;A;MM DIAGNOSTIKA;0000317992;20;000;000;80199950047;VIGENTE;; ;N;N;100385869;ME;VCT1825;N;N
0000317994;0000317994;CANULA BIOPSIA TECIDO MOLE AUTOMATICA.DESC.VIGEO COMPACT 2010;06102020;F;154000;000;000;0000;0000;0000;CX;UN;100;000;000;A;MM DIAGNOSTIKA;0000317994;20;000;000;80199950047;VIGENTE;; ;N;N;100385915;ME;VCT2010;N;N
0000318019;0000318019;CANULA BIOPSIA TECIDO MOLE SEMI-AUTOMATICA DESC.VIGEO CT CORE 1410;06102020;F;112000;000;000;0000;0000;0000;CX;UN;100;000;000;A;MM DIAGNOSTIKA;0000318019;20;000;000;80199950048;VIGENTE;; ;N;N;100479774;ME;VVD01410;N;N
0000318021;0000318021;CANULA BIOPSIA TECIDO MOLE SEMI-AUTOMATICA DESC.VIGEO CT CORE 1415;06102020;F;112000;000;000;0000;0000;0000;CX;UN;100;000;000;A;MM DIAGNOSTIKA;0000318021;20;000;000;80199950048;VIGENTE;; ;N;N;100479782;ME;VVD01415;N;N
0000318024;0000318024;CANULA BIOPSIA TECIDO MOLE SEMI-AUTOMATICA DESC.VIGEO CT CORE 1610;06102020;F;112000;000;000;0000;0000;0000;CX;UN;100;000;000;A;MM DIAGNOSTIKA;0000318024;20;000;000;80199950048;VIGENTE;; ;N;N;100479790;ME;VVD01610;N;N
0000318025;0000318025;CANULA BIOPSIA TECIDO MOLE SEMI-AUTOMATICA DESC.VIGEO CT CORE 1615;06102020;F;112000;000;000;0000;0000;0000;CX;UN;100;000;000;A;MM DIAGNOSTIKA;0000318025;20;000;000;80199950048;VIGENTE;; ;N;N;100479804;ME;VVD01615;N;N
0000318026;0000318026;CANULA BIOPSIA TECIDO MOLE SEMI-AUTOMATICA DESC.VIGEO CT CORE 1620;06102020;F;112000;000;000;0000;0000;0000;CX;UN;100;000;000;A;MM DIAGNOSTIKA;0000318026;20;000;000;80199950048;VIGENTE;; ;N;N;100479812;ME;VVD01620;N;N
0000317913;0000317913;CANULA BIOPSIA TECIDO MOLE SEMI-AUTOMATICA DESC.VIGEO CT CORE 1815;06102020;F;112000;000;000;0000;0000;0000;CX;UN;100;000;000;A;MM DIAGNOSTIKA;0000317913;20;000;000;80199950048;VIGENTE;; ;N;N;100479847;ME;VVD01815;N;N
0000317914;0000317914;CANULA BIOPSIA TECIDO MOLE SEMI-AUTOMATICA DESC.VIGEO CT CORE 1820;06102020;F;112000;000;000;0000;0000;0000;CX;UN;100;000;000;A;MM DIAGNOSTIKA;0000317914;20;000;000;80199950048;VIGENTE;; ;N;N;100479855;ME;VVD01820;N;N
0000317915;0000317915;CANULA BIOPSIA TECIDO MOLE SEMI-AUTOMATICA DESC.VIGEO CT CORE 1825;06102020;F;112000;000;000;0000;0000;0000;CX;UN;100;000;000;A;MM DIAGNOSTIKA;0000317915;20;000;000;80199950048;VIGENTE;; ;N;N;100479863;ME;VVD01825;N;N
0000317916;0000317916;CANULA BIOPSIA TECIDO MOLE SEMI-AUTOMATICA DESC.VIGEO CT CORE 2010;06102020;F;112000;000;000;0000;0000;0000;CX;UN;100;000;000;A;MM DIAGNOSTIKA;0000317916;20;000;000;80199950048;VIGENTE;; ;N;N;100479871;ME;VVD02010;N;N
0000317917;0000317917;CANULA BIOPSIA TECIDO MOLE SEMI-AUTOMATICA DESC.VIGEO CT CORE 2015;06102020;F;112000;000;000;0000;0000;0000;CX;UN;100;000;000;A;MM DIAGNOSTIKA;0000317917;20;000;000;80199950048;VIGENTE;; ;N;N;100479880;ME;VVD02015;N;N
0000317918;0000317918;CANULA BIOPSIA TECIDO MOLE SEMI-AUTOMATICA DESC.VIGEO CT CORE 2020;06102020;F;112000;000;000;0000;0000;0000;CX;UN;100;000;000;A;MM DIAGNOSTIKA;0000317918;20;000;000;80199950048;VIGENTE;; ;N;N;100479898;ME;VVD02020;N;N
0000318027;0000318027;CANULA BIOPSIA TECIDO MOLE SEMI-AUTOMATICA DESC.VIGEO CTCORE 1625;06102020;F;112000;000;000;0000;0000;0000;CX;UN;100;000;000;A;MM DIAGNOSTIKA;0000318027;20;000;000;80199950048;VIGENTE;; ;N;N;100479820;ME;VVD01625;N;N
0000318028;0000318028;CANULA BIOPSIA TECIDO MOLE SEMI-AUTOMATICA DESC.VIGEO CTCORE 1810;06102020;F;112000;000;000;0000;0000;0000;CX;UN;100;000;000;A;MM DIAGNOSTIKA;0000318028;20;000;000;80199950048;VIGENTE;; ;N;N;100479839;ME;VVD01810;N;N
0000288835;0000288835;CANULA CATETER NASAL AJUST.ORELHAS 2,10MT PADRAO HUDSON;10032021;F;6700;000;000;0000;0000;0000;PCT;UN;100;000;000;A;CNPH;0000288835;20;000;200;10342600031;VIGENTE;; ;N;N;;MC;1103;N;N
0000288832;0000288832;CANULA CATETER NASAL AJUST.ORELHAS ADU.2,10MT HUDSON;10032021;F;16670;000;000;0000;0000;0000;PCT;UN;100;000;000;A;CNPH;0000288832;20;000;200;10342600031;VIGENTE;; ;N;N;;MC;1820;N;N
0000288831;0000288831;CANULA CATETER NASAL AJUST.ORELHAS ADU.7,50MT HUDSON;10032021;F;14300;000;000;0000;0000;0000;PCT;UN;100;000;000;A;CNPH;0000288831;20;000;200;10342600031;VIGENTE;; ;N;N;;MC;1824;N;N
0000288833;0000288833;CANULA CATETER NASAL AJUST.ORELHAS NEO.L 2,10MT HUDSON;10032021;F;15200;000;000;0000;0000;0000;PCT;UN;100;000;000;A;CNPH;0000288833;20;000;200;10342600031;VIGENTE;; ;N;N;;MC;1828;N;N
0000288834;0000288834;CANULA CATETER NASAL AJUST.ORELHAS PED.2,10MT HUDSON;10032021;F;14900;000;000;0000;0000;0000;PCT;UN;100;000;000;A;CNPH;0000288834;20;000;200;10342600031;VIGENTE;; ;N;N;;MC;1826;N;N
0000319809;0000319809;CANULA DEBRIDACAO BROCA OVAL 5,5MM(BOH);15122020;F;345000;000;000;0000;0000;0000;CX;UN;100;000;000;A;HORTRON;0000319809;20;000;000;81288540024;VIGENTE;; ;N;N;100074693;MC;4323.001;N;N
0000319808;0000319808;CANULA DEBRIDACAO CORTADOR MENISCO AGRESSIVO 4,5MM(CMAH);15122020;F;345000;000;000;0000;0000;0000;CX;UN;100;000;000;A;HORTRON;0000319808;20;000;000;81288540024;VIGENTE;; ;N;N;100076025;MC;4310.001;N;N
0000319810;0000319810;CANULA DEBRIDACAO CORTADOR MENISCO AGRESSIVO 5,5MM(CMAH);15122020;F;345000;000;000;0000;0000;0000;CX;UN;100;000;000;A;HORTRON;0000319810;20;000;000;81288540024;VIGENTE;; ;N;N;100074774;MC;4311.001;N;N
0000320059;0000320059;CANULA DREAL CAREVATURE PTA.2MM DOBRADA 75° BLINDAGEM PARCIAL P/BAIXO;22122020;F;4320000;000;000;0000;0000;0000;CX;UN;100;000;000;A;MEM CIRURGICA;0000320059;20;000;000;80109170035;VIGENTE;; ;N;N;100408826;ME;2L75FU;N;N
0000320063;0000320063;CANULA DREAL CAREVATURE PTA.3MM DOBRADA 10° BLINDAGEM DISTAL COMPLETA P/BAIXO ALTA VELOC.;22122020;F;4320000;000;000;0000;0000;0000;CX;UN;100;000;000;A;MEM CIRURGICA;0000320063;20;000;000;80109170035;VIGENTE;; ;N;N;100408800;ME;C3L10DS;N;N
0000320058;0000320058;CANULA DREAL CAREVATURE PTA.3MM DOBRADA 10º BLINDAGEM DISTAL COMPLETA P/BAIXO;22122020;F;4320000;000;000;0000;0000;0000;CX;UN;100;000;000;A;MEM CIRURGICA;0000320058;20;000;000;80109170035;VIGENTE;; ;N;N;100408818;ME;3L10DS;N;N
0000320054;0000320054;CANULA DREAL CAREVATURE PTA.3MM DOBRADA 45° BLINDAGEM COMPLETA P/BAIXO;22122020;F;4320000;000;000;0000;0000;0000;CX;UN;100;000;000;A;MEM CIRURGICA;0000320054;20;000;000;80109170035;VIGENTE;; ;N;N;100408761;ME;3S45FUS;N;N
0000320060;0000320060;CANULA DREAL CAREVATURE PTA.3MM DOBRADA 45° BLINDAGEM COMPLETA P/BAIXO ALTA VELOCIDADE;22122020;F;4320000;000;000;0000;0000;0000;CX;UN;100;000;000;A;MEM CIRURGICA;0000320060;20;000;000;80109170035;VIGENTE;; ;N;N;100408702;ME;C3S45FUS;N;N
0000320055;0000320055;CANULA DREAL CAREVATURE PTA.3MM DOBRADA 45° BLINDAGEM PARCIAL P/BAIXO;22122020;F;4320000;000;000;0000;0000;0000;CX;UN;100;000;000;A;MEM CIRURGICA;0000320055;20;000;000;80109170035;VIGENTE;; ;N;N;100408753;ME;3S45FU;N;N
0000320057;0000320057;CANULA DREAL CAREVATURE PTA.3MM DOBRADA 45° BLINDAGEM PARCIAL P/BAIXO;22122020;F;4320000;000;000;0000;0000;0000;CX;UN;100;000;000;A;MEM CIRURGICA;0000320057;20;000;000;80109170035;VIGENTE;; ;N;N;100408729;ME;3S45FUR;N;N
0000320061;0000320061;CANULA DREAL CAREVATURE PTA.3MM DOBRADA 45° BLINDAGEM PARCIAL P/BAIXO ALTA VELOCIDADE;22122020;F;4320000;000;000;0000;0000;0000;CX;UN;100;000;000;A;MEM CIRURGICA;0000320061;20;000;000;80109170035;VIGENTE;; ;N;N;100408770;ME;C3S45FU;N;N
0000320056;0000320056;CANULA DREAL CAREVATURE PTA.3MM DOBRADA 45° BLINDAGEM PARCIAL P/CIMA;22122020;F;4320000;000;000;0000;0000;0000;CX;UN;100;000;000;A;MEM CIRURGICA;0000320056;20;000;000;80109170035;VIGENTE;; ;N;N;100408710;ME;3S45FI;N;N
0000320062;0000320062;CANULA DREAL CAREVATURE PTA.3MM DOBRADA 45° BLINDAGEM PARCIAL P/CIMA ALTA VELOCIDADE;22122020;F;4320000;000;000;0000;0000;0000;CX;UN;100;000;000;A;MEM CIRURGICA;0000320062;20;000;000;80109170035;VIGENTE;; ;N;N;100408788;ME;C3S45FI;N;N
0000320064;0000320064;CANULA DREAL CAREVATURE TP.BAIONETA PTA.3MM DOBRADA 45° BLINDAGEM COMPLETA P/BAIXO;22122020;F;4320000;000;000;0000;0000;0000;CX;UN;100;000;000;A;MEM CIRURGICA;0000320064;20;000;000;80109170035;VIGENTE;; ;N;N;100408737;ME;B3S45FUS;N;N
0000320066;0000320066;CANULA DREAL CAREVATURE TP.BAIONETA PTA.3MM DOBRADA 45° BLINDAGEM COMPLETA P/CIMA;22122020;F;4320000;000;000;0000;0000;0000;CX;UN;100;000;000;A;MEM CIRURGICA;0000320066;20;000;000;80109170035;VIGENTE;; ;N;N;100408834;ME;B3S45FIS;N;N
0000320065;0000320065;CANULA DREAL CAREVATURE TP.BAIONETA PTA.3MM DOBRADA 45° BLINDAGEM PARCIAL P/BAIXO;22122020;F;4320000;000;000;0000;0000;0000;CX;UN;100;000;000;A;MEM CIRURGICA;0000320065;20;000;000;80109170035;VIGENTE;; ;N;N;100408745;ME;B3S45FU;N;N
0000320067;0000320067;CANULA DREAL CAREVATURE TP.BAIONETA PTA.3MM DOBRADA 45° BLINDAGEM PARCIAL P/CIMA;22122020;F;4320000;000;000;0000;0000;0000;CX;UN;100;000;000;A;MEM CIRURGICA;0000320067;20;000;000;80109170035;VIGENTE;; ;N;N;100408796;ME;B3S45FI;N;N
0000317966;0000317966;CANULA P/BIOPSIA/ASPIRACAO MEDULA OSSEA VIEGO BLOCK TP.TRAP 0810;06102020;F;118000;000;000;0000;0000;0000;CX;UN;100;000;000;A;MM DIAGNOSTIKA;0000317966;20;000;000;80199950046;VIGENTE;; ;N;N;100300081;ME;VVJT0810;N;N
0000317968;0000317968;CANULA P/BIOPSIA/ASPIRACAO MEDULA OSSEA VIEGO BLOCK TP.TRAP 0815;06102020;F;118000;000;000;0000;0000;0000;CX;UN;100;000;000;A;MM DIAGNOSTIKA;0000317968;20;000;000;80199950046;VIGENTE;; ;N;N;100300170;ME;VVJT0815;N;N
0000317970;0000317970;CANULA P/BIOPSIA/ASPIRACAO MEDULA OSSEA VIEGO BLOCK TP.TRAP 1110;06102020;F;118000;000;000;0000;0000;0000;CX;UN;100;000;000;A;MM DIAGNOSTIKA;0000317970;20;000;000;80199950046;VIGENTE;; ;N;N;100300065;ME;VVJT1110;N;N
0000317972;0000317972;CANULA P/BIOPSIA/ASPIRACAO MEDULA OSSEA VIEGO BLOCK TP.TRAP 1115;06102020;F;118000;000;000;0000;0000;0000;CX;UN;100;000;000;A;MM DIAGNOSTIKA;0000317972;20;000;000;80199950046;VIGENTE;; ;N;N;100299946;ME;VVJT1115;N;N
0000317974;0000317974;CANULA P/BIOPSIA/ASPIRACAO MEDULA OSSEA VIEGO BLOCK TP.TRAP 1307;06102020;F;118000;000;000;0000;0000;0000;CX;UN;100;000;000;A;MM DIAGNOSTIKA;0000317974;20;000;000;80199950046;VIGENTE;; ;N;N;100300022;ME;VVJT1307;N;N
0000317976;0000317976;CANULA P/BIOPSIA/ASPIRACAO MEDULA OSSEA VIEGO BLOCK TP.TRAP 1310;06102020;F;118000;000;000;0000;0000;0000;CX;UN;100;000;000;A;MM DIAGNOSTIKA;0000317976;20;000;000;80199950046;VIGENTE;; ;N;N;100300103;ME;VVJT1310;N;N
0000317928;0000317928;CANULA P/BIOPSIA/ASPIRACAO MEDULA OSSEA VIEGO ERGO 1410/50;06102020;F;92000;000;000;0000;0000;0000;CX;UN;100;000;000;A;MM DIAGNOSTIKA;0000317928;20;000;000;80199950046;VIGENTE;; ;N;N;100299903;ME;VVIL 1410/50;N;N
0000317929;0000317929;CANULA P/BIOPSIA/ASPIRACAO MEDULA OSSEA VIEGO ERGO 1430/70;06102020;F;92000;000;000;0000;0000;0000;CX;UN;100;000;000;A;MM DIAGNOSTIKA;0000317929;20;000;000;80199950046;VIGENTE;; ;N;N;100299903;ME;VVIL 1430/70;N;N
0000317930;0000317930;CANULA P/BIOPSIA/ASPIRACAO MEDULA OSSEA VIEGO ERGO 1510/50;06102020;F;92000;000;000;0000;0000;0000;CX;UN;100;000;000;A;MM DIAGNOSTIKA;0000317930;20;000;000;80199950046;VIGENTE;; ;N;N;100299903;ME;VVIL 1510/50;N;N
0000317931;0000317931;CANULA P/BIOPSIA/ASPIRACAO MEDULA OSSEA VIEGO ERGO 1530/70;06102020;F;92000;000;000;0000;0000;0000;CX;UN;100;000;000;A;MM DIAGNOSTIKA;0000317931;20;000;000;80199950046;VIGENTE;; ;N;N;100299903;ME;VVIL 1530/70;N;N
0000317933;0000317933;CANULA P/BIOPSIA/ASPIRACAO MEDULA OSSEA VIEGO ERGO 1610/50;06102020;F;92000;000;000;0000;0000;0000;CX;UN;100;000;000;A;MM DIAGNOSTIKA;0000317933;20;000;000;80199950046;VIGENTE;; ;N;N;100299903;ME;VVIL 1610/50;N;N
0000317932;0000317932;CANULA P/BIOPSIA/ASPIRACAO MEDULA OSSEA VIEGO ERGO 1630/70;06102020;F;92000;000;000;0000;0000;0000;CX;UN;100;000;000;A;MM DIAGNOSTIKA;0000317932;20;000;000;80199950046;VIGENTE;; ;N;N;100299903;ME;VVIL 1630/70;N;N
0000317934;0000317934;CANULA P/BIOPSIA/ASPIRACAO MEDULA OSSEA VIEGO ERGO 1810/50;06102020;F;92000;000;000;0000;0000;0000;CX;UN;100;000;000;A;MM DIAGNOSTIKA;0000317934;20;000;000;80199950046;VIGENTE;; ;N;N;100299903;ME;VVIL 1810/50;N;N
0000317952;0000317952;CANULA P/BIOPSIA/ASPIRACAO MEDULA OSSEA VIEGO JAMSHIDI 0810;06102020;F;110000;000;000;0000;0000;0000;CX;UN;100;000;000;A;MM DIAGNOSTIKA;0000317952;20;000;000;80199950046;VIGENTE;; ;N;N;100299997;ME;VVJ0810;N;N
0000317953;0000317953;CANULA P/BIOPSIA/ASPIRACAO MEDULA OSSEA VIEGO JAMSHIDI 0815;06102020;F;110000;000;000;0000;0000;0000;CX;UN;100;000;000;A;MM DIAGNOSTIKA;0000317953;20;000;000;80199950046;VIGENTE;; ;N;N;100300111;ME;VVJ0815;N;N
0000317955;0000317955;CANULA P/BIOPSIA/ASPIRACAO MEDULA OSSEA VIEGO JAMSHIDI 0910;06102020;F;110000;000;000;0000;0000;0000;CX;UN;100;000;000;A;MM DIAGNOSTIKA;0000317955;20;000;000;80199950046;VIGENTE;; ;N;N;100300138;ME;VVJ0910;N;N
0000317957;0000317957;CANULA P/BIOPSIA/ASPIRACAO MEDULA OSSEA VIEGO JAMSHIDI 0915;06102020;F;110000;000;000;0000;0000;0000;CX;UN;100;000;000;A;MM DIAGNOSTIKA;0000317957;20;000;000;80199950046;VIGENTE;; ;N;N;100300057;ME;VVJ0915;N;N
0000317959;0000317959;CANULA P/BIOPSIA/ASPIRACAO MEDULA OSSEA VIEGO JAMSHIDI 1110;06102020;F;110000;000;000;0000;0000;0000;CX;UN;100;000;000;A;MM DIAGNOSTIKA;0000317959;20;000;000;80199950046;VIGENTE;; ;N;N;100299938;ME;VVJ1110;N;N
0000317960;0000317960;CANULA P/BIOPSIA/ASPIRACAO MEDULA OSSEA VIEGO JAMSHIDI 1115;06102020;F;110000;000;000;0000;0000;0000;CX;UN;100;000;000;A;MM DIAGNOSTIKA;0000317960;20;000;000;80199950046;VIGENTE;; ;N;N;100300014;ME;VVJ1115;N;N
0000317961;0000317961;CANULA P/BIOPSIA/ASPIRACAO MEDULA OSSEA VIEGO JAMSHIDI 1307;06102020;F;110000;000;000;0000;0000;0000;CX;UN;100;000;000;A;MM DIAGNOSTIKA;0000317961;20;000;000;80199950046;VIGENTE;; ;N;N;100299954;ME;VVJ1307;N;N
0000317962;0000317962;CANULA P/BIOPSIA/ASPIRACAO MEDULA OSSEA VIEGO JAMSHIDI 1310;06102020;F;110000;000;000;0000;0000;0000;CX;UN;100;000;000;A;MM DIAGNOSTIKA;0000317962;20;000;000;80199950046;VIGENTE;; ;N;N;100300090;ME;VVJ1310;N;N
0000317921;0000317921;CANULA P/BIOPSIA/ASPIRACAO MEDULA OSSEA VIEGO MYELO 11410/50;06102020;F;92000;000;000;0000;0000;0000;CX;UN;100;000;000;A;MM DIAGNOSTIKA;0000317921;20;000;000;80199950046;VIGENTE;; ;N;N;100299903;ME;VVI 11410/50;N;N
0000317922;0000317922;CANULA P/BIOPSIA/ASPIRACAO MEDULA OSSEA VIEGO MYELO 11430/70;06102020;F;92000;000;000;0000;0000;0000;CX;UN;100;000;000;A;MM DIAGNOSTIKA;0000317922;20;000;000;80199950046;VIGENTE;; ;N;N;100299903;ME;VVI 11430/70;N;N
0000317923;0000317923;CANULA P/BIOPSIA/ASPIRACAO MEDULA OSSEA VIEGO MYELO 11510/50;06102020;F;92000;000;000;0000;0000;0000;CX;UN;100;000;000;A;MM DIAGNOSTIKA;0000317923;20;000;000;80199950046;VIGENTE;; ;N;N;100299903;ME;VVI 11510/50;N;N
0000317924;0000317924;CANULA P/BIOPSIA/ASPIRACAO MEDULA OSSEA VIEGO MYELO 11530/70;06102020;F;92000;000;000;0000;0000;0000;CX;UN;100;000;000;A;MM DIAGNOSTIKA;0000317924;20;000;000;80199950046;VIGENTE;; ;N;N;100299903;ME;VVI 11530/70;N;N
0000317925;0000317925;CANULA P/BIOPSIA/ASPIRACAO MEDULA OSSEA VIEGO MYELO 11610/50;06102020;F;92000;000;000;0000;0000;0000;CX;UN;100;000;000;A;MM DIAGNOSTIKA;0000317925;20;000;000;80199950046;VIGENTE;; ;N;N;100299903;ME;VVI 11610/50;N;N
0000317926;0000317926;CANULA P/BIOPSIA/ASPIRACAO MEDULA OSSEA VIEGO MYELO 11630/70;06102020;F;92000;000;000;0000;0000;0000;CX;UN;100;000;000;A;MM DIAGNOSTIKA;0000317926;20;000;000;80199950046;VIGENTE;; ;N;N;100299903;ME;VVI 11630/70;N;N
0000317927;0000317927;CANULA P/BIOPSIA/ASPIRACAO MEDULA OSSEA VIEGO MYELO 11810/50;06102020;F;92000;000;000;0000;0000;0000;CX;UN;100;000;000;A;MM DIAGNOSTIKA;0000317927;20;000;000;80199950046;VIGENTE;; ;N;N;100299903;ME;VVI 11810/50;N;N
0000317935;0000317935;CANULA P/BIOPSIA/ASPIRACAO MEDULA OSSEA VIEGO MYELO SLIM 1410/50;06102020;F;92000;000;000;0000;0000;0000;CX;UN;100;000;000;A;MM DIAGNOSTIKA;0000317935;20;000;000;80199950046;VIGENTE;; ;N;N;100300049;ME;VVI 1410/50;N;N
0000317937;0000317937;CANULA P/BIOPSIA/ASPIRACAO MEDULA OSSEA VIEGO MYELO SLIM 1430/70;06102020;F;92000;000;000;0000;0000;0000;CX;UN;100;000;000;A;MM DIAGNOSTIKA;0000317937;20;000;000;80199950046;VIGENTE;; ;N;N;100299903;ME;VVI 1430/70;N;N
0000317938;0000317938;CANULA P/BIOPSIA/ASPIRACAO MEDULA OSSEA VIEGO MYELO SLIM 1510/50;06102020;F;92000;000;000;0000;0000;0000;CX;UN;100;000;000;A;MM DIAGNOSTIKA;0000317938;20;000;000;80199950046;VIGENTE;; ;N;N;100299920;ME;VVI 1510/50;N;N
0000317940;0000317940;CANULA P/BIOPSIA/ASPIRACAO MEDULA OSSEA VIEGO MYELO SLIM 1530/70;06102020;F;92000;000;000;0000;0000;0000;CX;UN;100;000;000;A;MM DIAGNOSTIKA;0000317940;20;000;000;80199950046;VIGENTE;; ;N;N;100299903;ME;VVI 1530/70;N;N
0000317941;0000317941;CANULA P/BIOPSIA/ASPIRACAO MEDULA OSSEA VIEGO MYELO SLIM 1610/50;06102020;F;92000;000;000;0000;0000;0000;CX;UN;100;000;000;A;MM DIAGNOSTIKA;0000317941;20;000;000;80199950046;VIGENTE;; ;N;N;100300120;ME;VVI 1610/50;N;N
0000317943;0000317943;CANULA P/BIOPSIA/ASPIRACAO MEDULA OSSEA VIEGO MYELO SLIM 1630/70;06102020;F;92000;000;000;0000;0000;0000;CX;UN;100;000;000;A;MM DIAGNOSTIKA;0000317943;20;000;000;80199950046;VIGENTE;; ;N;N;100299903;ME;VVI 1630/70;N;N
0000317944;0000317944;CANULA P/BIOPSIA/ASPIRACAO MEDULA OSSEA VIEGO MYELO SLIM 1810/50;06102020;F;92000;000;000;0000;0000;0000;CX;UN;100;000;000;A;MM DIAGNOSTIKA;0000317944;20;000;000;80199950046;VIGENTE;; ;N;N;100299962;ME;VVI 1810/50;N;N
0000317951;0000317951;CANULA P/MARCACAO LESAO MAMARIA MAMAWIRE FIX HISTO CLIPS 18GAX10CM;06102020;F;148000;000;000;0000;0000;0000;CX;UN;100;000;000;A;MM DIAGNOSTIKA;0000317951;20;000;000;80199950049;VIGENTE;; ;N;N;100607330;ME;911810;N;N
0000319964;0000319964;CANULA PAIN STP;05012021;F;884000;000;000;4420000;0000;0000;CX;UN;200;000;000;A;RAZEK;0000319964;20;000;000;80356130194;VIGENTE;; ;N;S;100886876;IT;;N;N
0000284107;0000284107;CAPECITABINA 150MG 120CPDS REV.;01102020;V;51129;70683;000;4261;5890;0000;CX;CPDS;12000;000;000;A;SUN FARMACEUTICA;0000284107;50;000;000;1468200400053;30062025;7898272940123;+;N;S;90323262;  ;;S;N
0000261384;0000261384;CAPECITABINA 500MG 120CPDS REV.;21072020;V;179310;247886;000;14943;20657;0000;CX;CPDS;12000;000;000;A;SUN FARMACEUTICA;0000261384;50;000;000;1468200400096;30062020;7898272940161;+;N;S;90323300;  ;;S;N
0000178962;0000178962;CAPTOPRIL 25MG 100CPDS(EMB.HOSP.);23062020;F;3988;000;000;0399;0000;0000;CX;CPDS;10000;000;000;A;TEUTO BRAS;0000178962;50;000;000;1037004520194;31032024;7896112120742;+;S;S;90258894;  ;;S;N
0000241539;0000241539;CAPTOPRIL 25MG 280CPDS;26062020;V;23121;31963;000;0826;1142;0000;CX;CPDS;28000;000;000;A;PRATI-DONADUZZI;0000241539;50;000;000;1256801530192;31082022;7899547502763;+;N;S;90237366;  ;;S;N
0000270142;0000270142;CARBAMAZEPINA 200MG 30CPDS;07072020;V;1349;1865;000;0450;0622;0000;CX;CPDS;3000;000;000;A;TEUTO BRAS;0000270142;50;000;000;1037004720029;31082020;7896112119210;+;N;S;90339622;  ;;S;N
0000270143;0000270143;CARBAMAZEPINA 400MG 30CPDS;07072020;V;2705;3740;000;0902;1247;0000;CX;CPDS;3000;000;000;A;TEUTO BRAS;0000270143;50;000;000;1037004720061;31082020;7896112119258;+;N;S;90339614;  ;;S;N
0000172732;0000172732;CARBIDOL 25+250MG BL.AL.PVC 50CPDS(EMB.HOSP.);09042019;F;7784;000;000;1557;0000;0000;CX;CPDS;5000;000;000;A;TEUTO BRAS;0000172732;50;000;000;1037002370020;30092022;7896112126942;+;S;S;90258479;  ;;N;N
0000258305;0000258305;CARBIDOL 25+250MG BL.AL.PVDC 30CPDS;07072020;V;3912;5408;000;1304;1803;0000;CX;CPDS;3000;000;000;A;TEUTO BRAS;0000258305;50;000;000;1037002370039;30092022;7896112189923;+;N;S;90312368;  ;;N;N
0000260353;0000260353;CARBIDOL 25+250MG BL.AL.PVDC 50CPDS(EMB.HOSP.);23062020;F;8035;000;000;1607;0000;0000;CX;CPDS;5000;000;000;A;TEUTO BRAS;0000260353;50;000;000;1037002370047;30092022;7896112189930;+;S;S;90312376;  ;;N;N
0000277765;0000277765;CARBITAL 200MG 120AMP 1ML(EMB.HOSP.);23062020;F;15912;000;000;1326;0000;0000;CX;AMP;12000;000;000;A;TEUTO BRAS;0000277765;50;000;000;1037003220146;30062021;7896112119838;+;S;S;90363175;  ;;N;N
0000306666;0000306666;CARBOFOR 20SACH.25G;29042020;F;140200;000;000;70100;0000;0000;CX;SACH;2000;000;000;A;VITAFOR;0000306666;50;000;000;ISENTO;;7898665430439; ;N;S;;  ;;N;S
0000289611;0000289611;CARBOFOR 400G;29042020;F;21000;000;000;0000;0000;0000;LT;GRS;40000;000;000;A;VITAFOR;0000289611;50;000;000;6542600090019;31012025;7898949730781; ;N;N;;  ;;N;S
0000267831;0000267831;CARDCOR 0,25MG 20CPDS;07072020;V;677;936;000;0339;0468;0000;CX;CPDS;2000;000;000;A;TEUTO BRAS;0000267831;50;000;000;1037006650011;31122020;7896112197423;+;N;S;;  ;;N;N
0000267824;0000267824;CARDCOR 0,25MG 30CPDS;07072020;V;923;1276;000;0308;0425;0000;CX;CPDS;3000;000;000;A;TEUTO BRAS;0000267824;50;000;000;1037006650036;31122020;7896112197447;+;N;S;90339550;  ;;N;N
0000309540;0000309540;CARGA P/ GRAMPEADOR CORTE LINEAR ENDOSCOPICO REACH ENDO III 45X2,0MM CINZA;08082019;F;220000;000;000;0000;0000;0000;CX;UN;100;000;000;A;REACH SURGICAL;0000309540;20;000;000;81504790199;13122028;; ;N;N;100845223;ME;REC45GRA;N;N
0000309541;0000309541;CARGA P/ GRAMPEADOR CORTE LINEAR ENDOSCOPICO REACH ENDO III 45X2,5MM BRANCA;08082019;F;220000;000;000;0000;0000;0000;CX;UN;100;000;000;A;REACH SURGICAL;0000309541;20;000;000;81504790199;13122028;; ;N;N;100845282;ME;REC45WHT;N;N
0000309542;0000309542;CARGA P/ GRAMPEADOR CORTE LINEAR ENDOSCOPICO REACH ENDO III 45X3,5MM AZUL;08082019;F;220000;000;000;0000;0000;0000;CX;UN;100;000;000;A;REACH SURGICAL;0000309542;20;000;000;81504790199;13122028;; ;N;N;100845240;ME;REC45BLU;N;N
0000309543;0000309543;CARGA P/ GRAMPEADOR CORTE LINEAR ENDOSCOPICO REACH ENDO III 45X3,8MM DOURADA;08082019;F;220000;000;000;0000;0000;0000;CX;UN;100;000;000;A;REACH SURGICAL;0000309543;20;000;000;81504790199;13122028;; ;N;N;100845207;ME;REC45GLD;N;N
0000309544;0000309544;CARGA P/ GRAMPEADOR CORTE LINEAR ENDOSCOPICO REACH ENDO III 45X4,1MM VERDE;08082019;F;220000;000;000;0000;0000;0000;CX;UN;100;000;000;A;REACH SURGICAL;0000309544;20;000;000;81504790199;13122028;; ;N;N;100845312;ME;REC45GRN;N;N
0000309539;0000309539;CARGA P/ GRAMPEADOR CORTE LINEAR ENDOSCOPICO REACH ENDO III 60X4,0MM PRETA;08082019;F;220000;000;000;0000;0000;0000;CX;UN;100;000;000;A;REACH SURGICAL;0000309539;20;000;000;81504790199;13122028;; ;N;N;100845215;ME;REC60BLK;N;N
0000309533;0000309533;CARGA P/GRAMPEADOR CORTE LINEAR ENDOSCOPICO REACH ENDO III 45X4,0MM PRETA;08082019;F;220000;000;000;0000;0000;0000;CX;UN;100;000;000;A;REACH SURGICAL;0000309533;20;000;000;81504790199;13122028;; ;N;N;100845258;ME;REC45BLK;N;N
0000309528;0000309528;CARGA P/GRAMPEADOR CORTE LINEAR ENDOSCOPICO REACH ENDO III 60X2,0MM CINZA;08082019;F;220000;000;000;0000;0000;0000;CX;UN;100;000;000;A;REACH SURGICAL;0000309528;20;000;000;81504790199;13122028;; ;N;N;100845266;ME;REC60GRA;N;N
0000309529;0000309529;CARGA P/GRAMPEADOR CORTE LINEAR ENDOSCOPICO REACH ENDO III 60X2,5MM BRANCA;08082019;F;220000;000;000;0000;0000;0000;CX;UN;100;000;000;A;REACH SURGICAL;0000309529;20;000;000;81504790199;13122028;; ;N;N;100845304;ME;REC60WHT;N;N
0000309530;0000309530;CARGA P/GRAMPEADOR CORTE LINEAR ENDOSCOPICO REACH ENDO III 60X3,5MM AZUL;08082019;F;220000;000;000;0000;0000;0000;CX;UN;100;000;000;A;REACH SURGICAL;0000309530;20;000;000;81504790199;13122028;; ;N;N;100845231;ME;REC60BLU;N;N
0000309531;0000309531;CARGA P/GRAMPEADOR CORTE LINEAR ENDOSCOPICO REACH ENDO III 60X3,8MM DOURADA;08082019;F;220000;000;000;0000;0000;0000;CX;UN;100;000;000;A;REACH SURGICAL;0000309531;20;000;000;81504790199;13122028;; ;N;N;100845290;ME;REC60GLD;N;N
0000309532;0000309532;CARGA P/GRAMPEADOR CORTE LINEAR ENDOSCOPICO REACH ENDO III 60X4,1MM VERDE;08082019;F;220000;000;000;0000;0000;0000;CX;UN;100;000;000;A;REACH SURGICAL;0000309532;20;000;000;81504790199;13122028;; ;N;N;100845274;ME;REC60GRN;N;N
0000269546;0000269546;CARLIT 300MG 25CPDS REV.;30062020;V;1429;1976;000;0572;0790;0000;CX;CPDS;2500;000;000;A;SUPERA;0000269546;50;000;000;1037202500076;31072020;7899420506314;+;N;S;90329937;  ;;N;N
0000269547;0000269547;CARLIT 300MG 50CPDS REV.;30062020;V;2856;3948;000;0571;0790;0000;CX;CPDS;5000;000;000;A;SUPERA;0000269547;50;000;000;1037202500092;31072020;7899420506390;+;N;S;90329945;  ;;N;N
0000269549;0000269549;CARLIT XR 450MG 30CPDS REV.LIB.PROLONG.;30062020;V;4120;5696;000;1373;1899;0000;CX;CPDS;3000;000;000;A;SUPERA;0000269549;50;000;000;1037202500068;31072020;7899420506307;+;N;S;90329929;  ;;N;N
0000311703;0000311703;CARVEDILOL 12,5MG 15CPDS REV.;23102020;V;3627;5014;000;2418;3343;0000;CX;CPDS;1500;000;000;A;ZYDUS NIKKHO;0000311703;50;000;000;1565100680031;31012024;7898940658879;+;N;S;90454308;  ;;S;N
0000175397;0000175397;CARVEDILOL 12,5MG 30CPDS;01042017;V;2784;3849;000;0928;1283;0000;CX;CPDS;3000;000;000;A;TORRENT;0000175397;50;000;000;1052500380064;30092024;8902220108165;+;N;S;90261933;  ;;S;N
0000311704;0000311704;CARVEDILOL 25MG 15CPDS REV.;23102020;V;4067;5622;000;2711;3748;0000;CX;CPDS;1500;000;000;A;ZYDUS NIKKHO;0000311704;50;000;000;1565100680048;31012024;7898940658886;+;N;S;90454480;  ;;S;N
0000175398;0000175398;CARVEDILOL 25MG 30CPDS;01042017;V;4696;6492;000;1565;2164;0000;CX;CPDS;3000;000;000;A;TORRENT;0000175398;50;000;000;1052500380080;30092024;8902220109049;+;N;S;90261950;  ;;S;N
0000311701;0000311701;CARVEDILOL 3,125MG 15CPDS REV.;30062020;V;832;1150;000;0555;0767;0000;CX;CPDS;1500;000;000;A;ZYDUS NIKKHO;0000311701;50;000;000;1565100680013;31012024;7898940658855;+;N;S;90454499;  ;;S;N
0000311702;0000311702;CARVEDILOL 6,25MG 15CPDS REV.;23102020;V;3257;4503;000;2171;3002;0000;CX;CPDS;1500;000;000;A;ZYDUS NIKKHO;0000311702;50;000;000;1565100680021;31012024;7898940658862;+;N;S;90454294;  ;;S;N
0000175396;0000175396;CARVEDILOL 6,25MG 30CPDS;01042017;V;2403;3322;000;0801;1107;0000;CX;CPDS;3000;000;000;A;TORRENT;0000175396;50;000;000;1052500380048;30092024;8902220108141;+;N;S;90261917;  ;;S;N
0000278357;0000278357;CASSETE COLETOR/FLUIDO P/EVA C/SACO COLETOR 2,0LT.;22072020;F;155000;000;000;0000;0000;0000;CX;UN;100;000;000;A;EYEHOME;0000278357;20;000;800;80117580378;VIGENTE;; ;N;N;100884130;ME;8100.CAR02;N;N
0000289226;0000289226;CATETER ATERECTOMIA LASER TURBO ELITE OTW 6FR 2,0MMX150CM;08082017;F;6200000;000;000;0000;0000;0000;CX;UN;100;000;000;A;BIO MINAS;0000289226;20;000;000;80279421088;28122025;; ;N;N;100896790;ME;420-006;N;N
0000289232;0000289232;CATETER ATERECTOMIA LASER TURBO ELITE RX 4FR 0,9MMX150CM;08082017;F;6200000;000;000;0000;0000;0000;CX;UN;100;000;000;A;BIO MINAS;0000289232;20;000;000;80279421088;28122025;; ;N;N;100896790;ME;410-154;N;N
0000289233;0000289233;CATETER ATERECTOMIA LASER TURBO ELITE RX 5FR 1,4MMX150CM;08082017;F;6200000;000;000;0000;0000;0000;CX;UN;100;000;000;A;BIO MINAS;0000289233;20;000;000;80279421088;28122025;; ;N;N;100896790;ME;414-159;N;N
0000289235;0000289235;CATETER ATERECTOMIA LASER TURBO ELITE RX 6FR 1,7MMX150CM;08082017;F;6200000;000;000;0000;0000;0000;CX;UN;100;000;000;A;BIO MINAS;0000289235;20;000;000;80279421088;28122025;; ;N;N;100896790;ME;417-156;N;N
0000289236;0000289236;CATETER ATERECTOMIA LASER TURBO ELITE RX 7FR 2,0MMX150CM;08082017;F;6200000;000;000;0000;0000;0000;CX;UN;100;000;000;A;BIO MINAS;0000289236;20;000;000;80279421088;28122025;; ;N;N;100896790;ME;420-159;N;N
0000311185;0000311185;CATETER BALAO ATP LUMINOR 35 C/LIB.PACLITAXEL 05X150MM;22102019;F;2400000;000;000;0000;0000;0000;CX;UN;100;000;000;A;VIDE BULA;0000311185;20;000;000;80433810007;01072029;; ;N;N;100927866;ME;BP DPC35 140 500 150;N;N
0000311180;0000311180;CATETER BALAO ATP LUMINOR 35 C/LIB.PACLITAXEL 05X20MM;22102019;F;2400000;000;000;0000;0000;0000;CX;UN;100;000;000;A;VIDE BULA;0000311180;20;000;000;80433810007;01072029;; ;N;N;100927777;ME;BP DPC35 140 500 020;N;N
0000311181;0000311181;CATETER BALAO ATP LUMINOR 35 C/LIB.PACLITAXEL 05X40MM;22102019;F;2400000;000;000;0000;0000;0000;CX;UN;100;000;000;A;VIDE BULA;0000311181;20;000;000;80433810007;01072029;; ;N;N;100927726;ME;BP DPC35 140 500 040;N;N
0000311182;0000311182;CATETER BALAO ATP LUMINOR 35 C/LIB.PACLITAXEL 05X60MM;22102019;F;2400000;000;000;0000;0000;0000;CX;UN;100;000;000;A;VIDE BULA;0000311182;20;000;000;80433810007;01072029;; ;N;N;100928021;ME;BP DPC35 140 500 060;N;N
0000311183;0000311183;CATETER BALAO ATP LUMINOR 35 C/LIB.PACLITAXEL 05X80MM;22102019;F;2400000;000;000;0000;0000;0000;CX;UN;100;000;000;A;VIDE BULA;0000311183;20;000;000;80433810007;01072029;; ;N;N;100927769;ME;BP DPC35 140 500 080;N;N
0000311190;0000311190;CATETER BALAO ATP LUMINOR 35 C/LIB.PACLITAXEL 06X120MM;22102019;F;2400000;000;000;0000;0000;0000;CX;UN;100;000;000;A;VIDE BULA;0000311190;20;000;000;80433810007;01072029;; ;N;N;100927971;ME;BP DPC35 140 600 120;N;N
0000311191;0000311191;CATETER BALAO ATP LUMINOR 35 C/LIB.PACLITAXEL 06X150MM;22102019;F;2400000;000;000;0000;0000;0000;CX;UN;100;000;000;A;VIDE BULA;0000311191;20;000;000;80433810007;01072029;; ;N;N;100927718;ME;BP DPC35 140 600 150;N;N
0000311186;0000311186;CATETER BALAO ATP LUMINOR 35 C/LIB.PACLITAXEL 06X20MM;22102019;F;2400000;000;000;0000;0000;0000;CX;UN;100;000;000;A;VIDE BULA;0000311186;20;000;000;80433810007;01072029;; ;N;N;100927807;ME;BP DPC35 140 600 020;N;N
0000311187;0000311187;CATETER BALAO ATP LUMINOR 35 C/LIB.PACLITAXEL 06X40MM;22102019;F;2400000;000;000;0000;0000;0000;CX;UN;100;000;000;A;VIDE BULA;0000311187;20;000;000;80433810007;01072029;; ;N;N;100928030;ME;BP DPC35 140 600 040;N;N
0000311188;0000311188;CATETER BALAO ATP LUMINOR 35 C/LIB.PACLITAXEL 06X60MM;22102019;F;2400000;000;000;0000;0000;0000;CX;UN;100;000;000;A;VIDE BULA;0000311188;20;000;000;80433810007;01072029;; ;N;N;100927912;ME;BP DPC35 140 600 060;N;N
0000311189;0000311189;CATETER BALAO ATP LUMINOR 35 C/LIB.PACLITAXEL 06X80MM;22102019;F;2400000;000;000;0000;0000;0000;CX;UN;100;000;000;A;VIDE BULA;0000311189;20;000;000;80433810007;01072029;; ;N;N;100927823;ME;BP DPC35 140 600 080;N;N
0000311196;0000311196;CATETER BALAO ATP LUMINOR 35 C/LIB.PACLITAXEL 07X120MM;22102019;F;2400000;000;000;0000;0000;0000;CX;UN;100;000;000;A;VIDE BULA;0000311196;20;000;000;80433810007;01072029;; ;N;N;100927955;ME;BP DPC35 140 700 120;N;N
0000311192;0000311192;CATETER BALAO ATP LUMINOR 35 C/LIB.PACLITAXEL 07X20MM;22102019;F;2400000;000;000;0000;0000;0000;CX;UN;100;000;000;A;VIDE BULA;0000311192;20;000;000;80433810007;01072029;; ;N;N;100928005;ME;BP DPC35 140 700 020;N;N
0000311193;0000311193;CATETER BALAO ATP LUMINOR 35 C/LIB.PACLITAXEL 07X40MM;22102019;F;2400000;000;000;0000;0000;0000;CX;UN;100;000;000;A;VIDE BULA;0000311193;20;000;000;80433810007;01072029;; ;N;N;100927840;ME;BP DPC35 140 700 040;N;N
0000311194;0000311194;CATETER BALAO ATP LUMINOR 35 C/LIB.PACLITAXEL 07X60MM;22102019;F;2400000;000;000;0000;0000;0000;CX;UN;100;000;000;A;VIDE BULA;0000311194;20;000;000;80433810007;01072029;; ;N;N;100927831;ME;BP DPC35 140 700 060;N;N
0000311195;0000311195;CATETER BALAO ATP LUMINOR 35 C/LIB.PACLITAXEL 07X80MM;22102019;F;2400000;000;000;0000;0000;0000;CX;UN;100;000;000;A;VIDE BULA;0000311195;20;000;000;80433810007;01072029;; ;N;N;100928013;ME;BP DPC35 140 700 080;N;N
0000317042;0000317042;CATETER BALAO P/DILATACAO PERIFERICA 0,035" PASSEO-35 XEO 10/100/130;04032021;F;1006125;000;000;0000;0000;0000;CX;UN;100;000;000;A;BIOTRONIK;0000317042;20;000;000;80224390292;VIGENTE;; ;N;N;100533507;ME;428894;N;N
0000316971;0000316971;CATETER BALAO P/DILATACAO PERIFERICA 0,035" PASSEO-35 XEO 10/100/90;04032021;F;1006125;000;000;0000;0000;0000;CX;UN;100;000;000;A;BIOTRONIK;0000316971;20;000;000;80224390292;VIGENTE;; ;N;N;100533230;ME;428820;N;N
0000316898;0000316898;CATETER BALAO P/DILATACAO PERIFERICA 0,035" PASSEO-35 XEO 10/120/130;04032021;F;1006125;000;000;0000;0000;0000;CX;UN;100;000;000;A;BIOTRONIK;0000316898;20;000;000;80224390292;VIGENTE;; ;N;N;100533248;ME;428903;N;N
0000317006;0000317006;CATETER BALAO P/DILATACAO PERIFERICA 0,035" PASSEO-35 XEO 10/20/130;04032021;F;1006125;000;000;0000;0000;0000;CX;UN;100;000;000;A;BIOTRONIK;0000317006;20;000;000;80224390292;VIGENTE;; ;N;N;100534120;ME;428858;N;N
0000316885;0000316885;CATETER BALAO P/DILATACAO PERIFERICA 0,035" PASSEO-35 XEO 10/20/90;04032021;F;1006125;000;000;0000;0000;0000;CX;UN;100;000;000;A;BIOTRONIK;0000316885;20;000;000;80224390292;VIGENTE;; ;N;N;100533655;ME;428784;N;N
0000317014;0000317014;CATETER BALAO P/DILATACAO PERIFERICA 0,035" PASSEO-35 XEO 10/40/130;04032021;F;1006125;000;000;0000;0000;0000;CX;UN;100;000;000;A;BIOTRONIK;0000317014;20;000;000;80224390292;VIGENTE;; ;N;N;100534520;ME;428867;N;N
0000316943;0000316943;CATETER BALAO P/DILATACAO PERIFERICA 0,035" PASSEO-35 XEO 10/40/170;04032021;F;1006125;000;000;0000;0000;0000;CX;UN;100;000;000;A;BIOTRONIK;0000316943;20;000;000;80224390292;VIGENTE;; ;N;N;100533698;ME;428941;N;N
0000316895;0000316895;CATETER BALAO P/DILATACAO PERIFERICA 0,035" PASSEO-35 XEO 10/40/90;04032021;F;1006125;000;000;0000;0000;0000;CX;UN;100;000;000;A;BIOTRONIK;0000316895;20;000;000;80224390292;VIGENTE;; ;N;N;100534252;ME;428793;N;N
0000317023;0000317023;CATETER BALAO P/DILATACAO PERIFERICA 0,035" PASSEO-35 XEO 10/60/130;04032021;F;1006125;000;000;0000;0000;0000;CX;UN;100;000;000;A;BIOTRONIK;0000317023;20;000;000;80224390292;VIGENTE;; ;N;N;100533426;ME;428876;N;N
0000316955;0000316955;CATETER BALAO P/DILATACAO PERIFERICA 0,035" PASSEO-35 XEO 10/60/170;04032021;F;1006125;000;000;0000;0000;0000;CX;UN;100;000;000;A;BIOTRONIK;0000316955;20;000;000;80224390292;VIGENTE;; ;N;N;100533515;ME;428950;N;N
0000316930;0000316930;CATETER BALAO P/DILATACAO PERIFERICA 0,035" PASSEO-35 XEO 10/60/90;04032021;F;1006125;000;000;0000;0000;0000;CX;UN;100;000;000;A;BIOTRONIK;0000316930;20;000;000;80224390292;VIGENTE;; ;N;N;100533620;ME;428802;N;N
0000317032;0000317032;CATETER BALAO P/DILATACAO PERIFERICA 0,035" PASSEO-35 XEO 10/80/130;04032021;F;1006125;000;000;0000;0000;0000;CX;UN;100;000;000;A;BIOTRONIK;0000317032;20;000;000;80224390292;VIGENTE;; ;N;N;100534406;ME;428885;N;N
0000316967;0000316967;CATETER BALAO P/DILATACAO PERIFERICA 0,035" PASSEO-35 XEO 10/80/170;04032021;F;1006125;000;000;0000;0000;0000;CX;UN;100;000;000;A;BIOTRONIK;0000316967;20;000;000;80224390292;VIGENTE;; ;N;N;100534015;ME;428959;N;N
0000316950;0000316950;CATETER BALAO P/DILATACAO PERIFERICA 0,035" PASSEO-35 XEO 10/80/90;04032021;F;1006125;000;000;0000;0000;0000;CX;UN;100;000;000;A;BIOTRONIK;0000316950;20;000;000;80224390292;VIGENTE;; ;N;N;100534287;ME;428811;N;N
0000317043;0000317043;CATETER BALAO P/DILATACAO PERIFERICA 0,035" PASSEO-35 XEO 12/100/130;04032021;F;1006125;000;000;0000;0000;0000;CX;UN;100;000;000;A;BIOTRONIK;0000317043;20;000;000;80224390292;VIGENTE;; ;N;N;100534716;ME;428895;N;N
0000316973;0000316973;CATETER BALAO P/DILATACAO PERIFERICA 0,035" PASSEO-35 XEO 12/100/90;04032021;F;1006125;000;000;0000;0000;0000;CX;UN;100;000;000;A;BIOTRONIK;0000316973;20;000;000;80224390292;VIGENTE;; ;N;N;100533892;ME;428821;N;N
0000316899;0000316899;CATETER BALAO P/DILATACAO PERIFERICA 0,035" PASSEO-35 XEO 12/120/130;04032021;F;1006125;000;000;0000;0000;0000;CX;UN;100;000;000;A;BIOTRONIK;0000316899;20;000;000;80224390292;VIGENTE;; ;N;N;100533124;ME;428904;N;N
0000317015;0000317015;CATETER BALAO P/DILATACAO PERIFERICA 0,035" PASSEO-35 XEO 12/40/130;04032021;F;1006125;000;000;0000;0000;0000;CX;UN;100;000;000;A;BIOTRONIK;0000317015;20;000;000;80224390292;VIGENTE;; ;N;N;100534996;ME;428868;N;N
0000316897;0000316897;CATETER BALAO P/DILATACAO PERIFERICA 0,035" PASSEO-35 XEO 12/40/90;04032021;F;1006125;000;000;0000;0000;0000;CX;UN;100;000;000;A;BIOTRONIK;0000316897;20;000;000;80224390292;VIGENTE;; ;N;N;100533744;ME;428794;N;N
0000317024;0000317024;CATETER BALAO P/DILATACAO PERIFERICA 0,035" PASSEO-35 XEO 12/60/130;04032021;F;1006125;000;000;0000;0000;0000;CX;UN;100;000;000;A;BIOTRONIK;0000317024;20;000;000;80224390292;VIGENTE;; ;N;N;100534872;ME;428877;N;N
0000316932;0000316932;CATETER BALAO P/DILATACAO PERIFERICA 0,035" PASSEO-35 XEO 12/60/90;04032021;F;1006125;000;000;0000;0000;0000;CX;UN;100;000;000;A;BIOTRONIK;0000316932;20;000;000;80224390292;VIGENTE;; ;N;N;100535100;ME;428803;N;N
0000317033;0000317033;CATETER BALAO P/DILATACAO PERIFERICA 0,035" PASSEO-35 XEO 12/80/130;04032021;F;1006125;000;000;0000;0000;0000;CX;UN;100;000;000;A;BIOTRONIK;0000317033;20;000;000;80224390292;VIGENTE;; ;N;N;100534279;ME;428886;N;N
0000316953;0000316953;CATETER BALAO P/DILATACAO PERIFERICA 0,035" PASSEO-35 XEO 12/80/90;04032021;F;1006125;000;000;0000;0000;0000;CX;UN;100;000;000;A;BIOTRONIK;0000316953;20;000;000;80224390292;VIGENTE;; ;N;N;100533329;ME;428812;N;N
0000317034;0000317034;CATETER BALAO P/DILATACAO PERIFERICA 0,035" PASSEO-35 XEO 3/100/130;04032021;F;1006125;000;000;0000;0000;0000;CX;UN;100;000;000;A;BIOTRONIK;0000317034;20;000;000;80224390292;VIGENTE;; ;N;N;100534538;ME;428887;N;N
0000317044;0000317044;CATETER BALAO P/DILATACAO PERIFERICA 0,035" PASSEO-35 XEO 3/120/130;04032021;F;1006125;000;000;0000;0000;0000;CX;UN;100;000;000;A;BIOTRONIK;0000317044;20;000;000;80224390292;VIGENTE;; ;N;N;100533132;ME;428896;N;N
0000316900;0000316900;CATETER BALAO P/DILATACAO PERIFERICA 0,035" PASSEO-35 XEO 3/150/130;04032021;F;1006125;000;000;0000;0000;0000;CX;UN;100;000;000;A;BIOTRONIK;0000316900;20;000;000;80224390292;VIGENTE;; ;N;N;100534627;ME;428905;N;N
0000316905;0000316905;CATETER BALAO P/DILATACAO PERIFERICA 0,035" PASSEO-35 XEO 3/170/130;04032021;F;1006125;000;000;0000;0000;0000;CX;UN;100;000;000;A;BIOTRONIK;0000316905;20;000;000;80224390292;VIGENTE;; ;N;N;100533779;ME;428910;N;N
0000316997;0000316997;CATETER BALAO P/DILATACAO PERIFERICA 0,035" PASSEO-35 XEO 3/20/130;04032021;F;1006125;000;000;0000;0000;0000;CX;UN;100;000;000;A;BIOTRONIK;0000316997;20;000;000;80224390292;VIGENTE;; ;N;N;100534732;ME;428851;N;N
0000316878;0000316878;CATETER BALAO P/DILATACAO PERIFERICA 0,035" PASSEO-35 XEO 3/20/90;04032021;F;1006125;000;000;0000;0000;0000;CX;UN;100;000;000;A;BIOTRONIK;0000316878;20;000;000;80224390292;VIGENTE;; ;N;N;100533205;ME;428777;N;N
0000316913;0000316913;CATETER BALAO P/DILATACAO PERIFERICA 0,035" PASSEO-35 XEO 3/200/130;04032021;F;1006125;000;000;0000;0000;0000;CX;UN;100;000;000;A;BIOTRONIK;0000316913;20;000;000;80224390292;VIGENTE;; ;N;N;100535216;ME;428915;N;N
0000316921;0000316921;CATETER BALAO P/DILATACAO PERIFERICA 0,035" PASSEO-35 XEO 3/250/130;04032021;F;1006125;000;000;0000;0000;0000;CX;UN;100;000;000;A;BIOTRONIK;0000316921;20;000;000;80224390292;VIGENTE;; ;N;N;100533469;ME;428920;N;N
0000317007;0000317007;CATETER BALAO P/DILATACAO PERIFERICA 0,035" PASSEO-35 XEO 3/40/130;04032021;F;1006125;000;000;0000;0000;0000;CX;UN;100;000;000;A;BIOTRONIK;0000317007;20;000;000;80224390292;VIGENTE;; ;N;N;100533221;ME;428860;N;N
0000316886;0000316886;CATETER BALAO P/DILATACAO PERIFERICA 0,035" PASSEO-35 XEO 3/40/90;04032021;F;1006125;000;000;0000;0000;0000;CX;UN;100;000;000;A;BIOTRONIK;0000316886;20;000;000;80224390292;VIGENTE;; ;N;N;100533264;ME;428786;N;N
0000317016;0000317016;CATETER BALAO P/DILATACAO PERIFERICA 0,035" PASSEO-35 XEO 3/60/130;04032021;F;1006125;000;000;0000;0000;0000;CX;UN;100;000;000;A;BIOTRONIK;0000317016;20;000;000;80224390292;VIGENTE;; ;N;N;100534813;ME;428869;N;N
0000316906;0000316906;CATETER BALAO P/DILATACAO PERIFERICA 0,035" PASSEO-35 XEO 3/60/90;04032021;F;1006125;000;000;0000;0000;0000;CX;UN;100;000;000;A;BIOTRONIK;0000316906;20;000;000;80224390292;VIGENTE;; ;N;N;100533337;ME;428795;N;N
0000317025;0000317025;CATETER BALAO P/DILATACAO PERIFERICA 0,035" PASSEO-35 XEO 3/80/130;04032021;F;1006125;000;000;0000;0000;0000;CX;UN;100;000;000;A;BIOTRONIK;0000317025;20;000;000;80224390292;VIGENTE;; ;N;N;100533566;ME;428878;N;N
0000316935;0000316935;CATETER BALAO P/DILATACAO PERIFERICA 0,035" PASSEO-35 XEO 3/80/90;04032021;F;1006125;000;000;0000;0000;0000;CX;UN;100;000;000;A;BIOTRONIK;0000316935;20;000;000;80224390292;VIGENTE;; ;N;N;100534902;ME;428804;N;N
0000317035;0000317035;CATETER BALAO P/DILATACAO PERIFERICA 0,035" PASSEO-35 XEO 4/100/130;04032021;F;1006125;000;000;0000;0000;0000;CX;UN;100;000;000;A;BIOTRONIK;0000317035;20;000;000;80224390292;VIGENTE;; ;N;N;100534589;ME;428888;N;N
0000316956;0000316956;CATETER BALAO P/DILATACAO PERIFERICA 0,035" PASSEO-35 XEO 4/100/90;04032021;F;1006125;000;000;0000;0000;0000;CX;UN;100;000;000;A;BIOTRONIK;0000316956;20;000;000;80224390292;VIGENTE;; ;N;N;100534112;ME;428814;N;N
0000317045;0000317045;CATETER BALAO P/DILATACAO PERIFERICA 0,035" PASSEO-35 XEO 4/120/130;04032021;F;1006125;000;000;0000;0000;0000;CX;UN;100;000;000;A;BIOTRONIK;0000317045;20;000;000;80224390292;VIGENTE;; ;N;N;100533752;ME;428897;N;N
0000316969;0000316969;CATETER BALAO P/DILATACAO PERIFERICA 0,035" PASSEO-35 XEO 4/120/170;04032021;F;1006125;000;000;0000;0000;0000;CX;UN;100;000;000;A;BIOTRONIK;0000316969;20;000;000;80224390292;VIGENTE;; ;N;N;100534767;ME;428971;N;N
0000316975;0000316975;CATETER BALAO P/DILATACAO PERIFERICA 0,035" PASSEO-35 XEO 4/120/90;04032021;F;1006125;000;000;0000;0000;0000;CX;UN;100;000;000;A;BIOTRONIK;0000316975;20;000;000;80224390292;VIGENTE;; ;N;N;100534570;ME;428823;N;N
0000316901;0000316901;CATETER BALAO P/DILATACAO PERIFERICA 0,035" PASSEO-35 XEO 4/150/130;04032021;F;1006125;000;000;0000;0000;0000;CX;UN;100;000;000;A;BIOTRONIK;0000316901;20;000;000;80224390292;VIGENTE;; ;N;N;100533590;ME;428906;N;N
0000316974;0000316974;CATETER BALAO P/DILATACAO PERIFERICA 0,035" PASSEO-35 XEO 4/150/170;04032021;F;1006125;000;000;0000;0000;0000;CX;UN;100;000;000;A;BIOTRONIK;0000316974;20;000;000;80224390292;VIGENTE;; ;N;N;100533159;ME;428980;N;N
0000316907;0000316907;CATETER BALAO P/DILATACAO PERIFERICA 0,035" PASSEO-35 XEO 4/170/130;04032021;F;1006125;000;000;0000;0000;0000;CX;UN;100;000;000;A;BIOTRONIK;0000316907;20;000;000;80224390292;VIGENTE;; ;N;N;100535011;ME;428911;N;N
0000316999;0000316999;CATETER BALAO P/DILATACAO PERIFERICA 0,035" PASSEO-35 XEO 4/20/130;04032021;F;1006125;000;000;0000;0000;0000;CX;UN;100;000;000;A;BIOTRONIK;0000316999;20;000;000;80224390292;VIGENTE;; ;N;N;100534147;ME;428852;N;N
0000316879;0000316879;CATETER BALAO P/DILATACAO PERIFERICA 0,035" PASSEO-35 XEO 4/20/90;04032021;F;1006125;000;000;0000;0000;0000;CX;UN;100;000;000;A;BIOTRONIK;0000316879;20;000;000;80224390292;VIGENTE;; ;N;N;100534066;ME;428778;N;N
0000316915;0000316915;CATETER BALAO P/DILATACAO PERIFERICA 0,035" PASSEO-35 XEO 4/200/130;04032021;F;1006125;000;000;0000;0000;0000;CX;UN;100;000;000;A;BIOTRONIK;0000316915;20;000;000;80224390292;VIGENTE;; ;N;N;100533850;ME;428916;N;N
0000316979;0000316979;CATETER BALAO P/DILATACAO PERIFERICA 0,035" PASSEO-35 XEO 4/200/170;04032021;F;1006125;000;000;0000;0000;0000;CX;UN;100;000;000;A;BIOTRONIK;0000316979;20;000;000;80224390292;VIGENTE;; ;N;N;100533639;ME;428990;N;N
0000316922;0000316922;CATETER BALAO P/DILATACAO PERIFERICA 0,035" PASSEO-35 XEO 4/250/130;04032021;F;1006125;000;000;0000;0000;0000;CX;UN;100;000;000;A;BIOTRONIK;0000316922;20;000;000;80224390292;VIGENTE;; ;N;N;100533361;ME;428921;N;N
0000316983;0000316983;CATETER BALAO P/DILATACAO PERIFERICA 0,035" PASSEO-35 XEO 4/250/170;04032021;F;1006125;000;000;0000;0000;0000;CX;UN;100;000;000;A;BIOTRONIK;0000316983;20;000;000;80224390292;VIGENTE;; ;N;N;100534848;ME;428995;N;N
0000317008;0000317008;CATETER BALAO P/DILATACAO PERIFERICA 0,035" PASSEO-35 XEO 4/40/130;04032021;F;1006125;000;000;0000;0000;0000;CX;UN;100;000;000;A;BIOTRONIK;0000317008;20;000;000;80224390292;VIGENTE;; ;N;N;100534350;ME;428861;N;N
0000316933;0000316933;CATETER BALAO P/DILATACAO PERIFERICA 0,035" PASSEO-35 XEO 4/40/170;04032021;F;1006125;000;000;0000;0000;0000;CX;UN;100;000;000;A;BIOTRONIK;0000316933;20;000;000;80224390292;VIGENTE;; ;N;N;100534058;ME;428935;N;N
0000316887;0000316887;CATETER BALAO P/DILATACAO PERIFERICA 0,035" PASSEO-35 XEO 4/40/90;04032021;F;1006125;000;000;0000;0000;0000;CX;UN;100;000;000;A;BIOTRONIK;0000316887;20;000;000;80224390292;VIGENTE;; ;N;N;100533710;ME;428787;N;N
0000317017;0000317017;CATETER BALAO P/DILATACAO PERIFERICA 0,035" PASSEO-35 XEO 4/60/130;04032021;F;1006125;000;000;0000;0000;0000;CX;UN;100;000;000;A;BIOTRONIK;0000317017;20;000;000;80224390292;VIGENTE;; ;N;N;100533728;ME;428870;N;N
0000316945;0000316945;CATETER BALAO P/DILATACAO PERIFERICA 0,035" PASSEO-35 XEO 4/60/170;04032021;F;1006125;000;000;0000;0000;0000;CX;UN;100;000;000;A;BIOTRONIK;0000316945;20;000;000;80224390292;VIGENTE;; ;N;N;100533760;ME;428944;N;N
0000316908;0000316908;CATETER BALAO P/DILATACAO PERIFERICA 0,035" PASSEO-35 XEO 4/60/90;04032021;F;1006125;000;000;0000;0000;0000;CX;UN;100;000;000;A;BIOTRONIK;0000316908;20;000;000;80224390292;VIGENTE;; ;N;N;100533116;ME;428796;N;N
0000317026;0000317026;CATETER BALAO P/DILATACAO PERIFERICA 0,035" PASSEO-35 XEO 4/80/130;04032021;F;1006125;000;000;0000;0000;0000;CX;UN;100;000;000;A;BIOTRONIK;0000317026;20;000;000;80224390292;VIGENTE;; ;N;N;100533094;ME;428879;N;N
0000316957;0000316957;CATETER BALAO P/DILATACAO PERIFERICA 0,035" PASSEO-35 XEO 4/80/170;04032021;F;1006125;000;000;0000;0000;0000;CX;UN;100;000;000;A;BIOTRONIK;0000316957;20;000;000;80224390292;VIGENTE;; ;N;N;100534961;ME;428953;N;N
0000316937;0000316937;CATETER BALAO P/DILATACAO PERIFERICA 0,035" PASSEO-35 XEO 4/80/90;04032021;F;1006125;000;000;0000;0000;0000;CX;UN;100;000;000;A;BIOTRONIK;0000316937;20;000;000;80224390292;VIGENTE;; ;N;N;100533558;ME;428805;N;N
0000317036;0000317036;CATETER BALAO P/DILATACAO PERIFERICA 0,035" PASSEO-35 XEO 5/100/130;04032021;F;1006125;000;000;0000;0000;0000;CX;UN;100;000;000;A;BIOTRONIK;0000317036;20;000;000;80224390292;VIGENTE;; ;N;N;100533809;ME;428889;N;N
0000316959;0000316959;CATETER BALAO P/DILATACAO PERIFERICA 0,035" PASSEO-35 XEO 5/100/90;04032021;F;1006125;000;000;0000;0000;0000;CX;UN;100;000;000;A;BIOTRONIK;0000316959;20;000;000;80224390292;VIGENTE;; ;N;N;100534724;ME;428815;N;N
0000317046;0000317046;CATETER BALAO P/DILATACAO PERIFERICA 0,035" PASSEO-35 XEO 5/120/130;04032021;F;1006125;000;000;0000;0000;0000;CX;UN;100;000;000;A;BIOTRONIK;0000317046;20;000;000;80224390292;VIGENTE;; ;N;N;100533647;ME;428898;N;N
0000316970;0000316970;CATETER BALAO P/DILATACAO PERIFERICA 0,035" PASSEO-35 XEO 5/120/170;04032021;F;1006125;000;000;0000;0000;0000;CX;UN;100;000;000;A;BIOTRONIK;0000316970;20;000;000;80224390292;VIGENTE;; ;N;N;100534295;ME;428972;N;N
0000316977;0000316977;CATETER BALAO P/DILATACAO PERIFERICA 0,035" PASSEO-35 XEO 5/120/90;04032021;F;1006125;000;000;0000;0000;0000;CX;UN;100;000;000;A;BIOTRONIK;0000316977;20;000;000;80224390292;VIGENTE;; ;N;N;100533078;ME;428824;N;N
0000316902;0000316902;CATETER BALAO P/DILATACAO PERIFERICA 0,035" PASSEO-35 XEO 5/150/130;04032021;F;1006125;000;000;0000;0000;0000;CX;UN;100;000;000;A;BIOTRONIK;0000316902;20;000;000;80224390292;VIGENTE;; ;N;N;100533922;ME;428907;N;N
0000316976;0000316976;CATETER BALAO P/DILATACAO PERIFERICA 0,035" PASSEO-35 XEO 5/150/170;04032021;F;1006125;000;000;0000;0000;0000;CX;UN;100;000;000;A;BIOTRONIK;0000316976;20;000;000;80224390292;VIGENTE;; ;N;N;100534007;ME;428981;N;N
0000316985;0000316985;CATETER BALAO P/DILATACAO PERIFERICA 0,035" PASSEO-35 XEO 5/150/90;04032021;F;1006125;000;000;0000;0000;0000;CX;UN;100;000;000;A;BIOTRONIK;0000316985;20;000;000;80224390292;VIGENTE;; ;N;N;100534180;ME;428833;N;N
0000316909;0000316909;CATETER BALAO P/DILATACAO PERIFERICA 0,035" PASSEO-35 XEO 5/170/130;04032021;F;1006125;000;000;0000;0000;0000;CX;UN;100;000;000;A;BIOTRONIK;0000316909;20;000;000;80224390292;VIGENTE;; ;N;N;100534821;ME;428912;N;N
0000317000;0000317000;CATETER BALAO P/DILATACAO PERIFERICA 0,035" PASSEO-35 XEO 5/20/130;04032021;F;1006125;000;000;0000;0000;0000;CX;UN;100;000;000;A;BIOTRONIK;0000317000;20;000;000;80224390292;VIGENTE;; ;N;N;100535232;ME;428853;N;N
0000316926;0000316926;CATETER BALAO P/DILATACAO PERIFERICA 0,035" PASSEO-35 XEO 5/20/170;04032021;F;1006125;000;000;0000;0000;0000;CX;UN;100;000;000;A;BIOTRONIK;0000316926;20;000;000;80224390292;VIGENTE;; ;N;N;100535020;ME;428927;N;N
0000316880;0000316880;CATETER BALAO P/DILATACAO PERIFERICA 0,035" PASSEO-35 XEO 5/20/90;04032021;F;1006125;000;000;0000;0000;0000;CX;UN;100;000;000;A;BIOTRONIK;0000316880;20;000;000;80224390292;VIGENTE;; ;N;N;100534481;ME;428779;N;N
0000316916;0000316916;CATETER BALAO P/DILATACAO PERIFERICA 0,035" PASSEO-35 XEO 5/200/130;04032021;F;1006125;000;000;0000;0000;0000;CX;UN;100;000;000;A;BIOTRONIK;0000316916;20;000;000;80224390292;VIGENTE;; ;N;N;100535160;ME;428917;N;N
0000316980;0000316980;CATETER BALAO P/DILATACAO PERIFERICA 0,035" PASSEO-35 XEO 5/200/170;04032021;F;1006125;000;000;0000;0000;0000;CX;UN;100;000;000;A;BIOTRONIK;0000316980;20;000;000;80224390292;VIGENTE;; ;N;N;100533353;ME;428991;N;N
0000316988;0000316988;CATETER BALAO P/DILATACAO PERIFERICA 0,035" PASSEO-35 XEO 5/200/90;04032021;F;1006125;000;000;0000;0000;0000;CX;UN;100;000;000;A;BIOTRONIK;0000316988;20;000;000;80224390292;VIGENTE;; ;N;N;100534856;ME;428843;N;N
0000316923;0000316923;CATETER BALAO P/DILATACAO PERIFERICA 0,035" PASSEO-35 XEO 5/250/130;04032021;F;1006125;000;000;0000;0000;0000;CX;UN;100;000;000;A;BIOTRONIK;0000316923;20;000;000;80224390292;VIGENTE;; ;N;N;100533450;ME;428922;N;N
0000316984;0000316984;CATETER BALAO P/DILATACAO PERIFERICA 0,035" PASSEO-35 XEO 5/250/170;04032021;F;1006125;000;000;0000;0000;0000;CX;UN;100;000;000;A;BIOTRONIK;0000316984;20;000;000;80224390292;VIGENTE;; ;N;N;100534171;ME;428996;N;N
0000316992;0000316992;CATETER BALAO P/DILATACAO PERIFERICA 0,035" PASSEO-35 XEO 5/250/90;04032021;F;1006125;000;000;0000;0000;0000;CX;UN;100;000;000;A;BIOTRONIK;0000316992;20;000;000;80224390292;VIGENTE;; ;N;N;100533876;ME;428848;N;N
0000317009;0000317009;CATETER BALAO P/DILATACAO PERIFERICA 0,035" PASSEO-35 XEO 5/40/130;04032021;F;1006125;000;000;0000;0000;0000;CX;UN;100;000;000;A;BIOTRONIK;0000317009;20;000;000;80224390292;VIGENTE;; ;N;N;100535062;ME;428862;N;N
0000316934;0000316934;CATETER BALAO P/DILATACAO PERIFERICA 0,035" PASSEO-35 XEO 5/40/170;04032021;F;1006125;000;000;0000;0000;0000;CX;UN;100;000;000;A;BIOTRONIK;0000316934;20;000;000;80224390292;VIGENTE;; ;N;N;100533086;ME;428936;N;N
0000316888;0000316888;CATETER BALAO P/DILATACAO PERIFERICA 0,035" PASSEO-35 XEO 5/40/90;04032021;F;1006125;000;000;0000;0000;0000;CX;UN;100;000;000;A;BIOTRONIK;0000316888;20;000;000;80224390292;VIGENTE;; ;N;N;100534600;ME;428788;N;N
0000317018;0000317018;CATETER BALAO P/DILATACAO PERIFERICA 0,035" PASSEO-35 XEO 5/60/130;04032021;F;1006125;000;000;0000;0000;0000;CX;UN;100;000;000;A;BIOTRONIK;0000317018;20;000;000;80224390292;VIGENTE;; ;N;N;100533388;ME;428871;N;N
0000316947;0000316947;CATETER BALAO P/DILATACAO PERIFERICA 0,035" PASSEO-35 XEO 5/60/170;04032021;F;1006125;000;000;0000;0000;0000;CX;UN;100;000;000;A;BIOTRONIK;0000316947;20;000;000;80224390292;VIGENTE;; ;N;N;100534970;ME;428945;N;N
0000316911;0000316911;CATETER BALAO P/DILATACAO PERIFERICA 0,035" PASSEO-35 XEO 5/60/90;04032021;F;1006125;000;000;0000;0000;0000;CX;UN;100;000;000;A;BIOTRONIK;0000316911;20;000;000;80224390292;VIGENTE;; ;N;N;100535194;ME;428797;N;N
0000317027;0000317027;CATETER BALAO P/DILATACAO PERIFERICA 0,035" PASSEO-35 XEO 5/80/130;04032021;F;1006125;000;000;0000;0000;0000;CX;UN;100;000;000;A;BIOTRONIK;0000317027;20;000;000;80224390292;VIGENTE;; ;N;N;100534899;ME;428880;N;N
0000316958;0000316958;CATETER BALAO P/DILATACAO PERIFERICA 0,035" PASSEO-35 XEO 5/80/170;04032021;F;1006125;000;000;0000;0000;0000;CX;UN;100;000;000;A;BIOTRONIK;0000316958;20;000;000;80224390292;VIGENTE;; ;N;N;100534228;ME;428954;N;N
0000316939;0000316939;CATETER BALAO P/DILATACAO PERIFERICA 0,035" PASSEO-35 XEO 5/80/90;04032021;F;1006125;000;000;0000;0000;0000;CX;UN;100;000;000;A;BIOTRONIK;0000316939;20;000;000;80224390292;VIGENTE;; ;N;N;100534341;ME;428806;N;N
0000317037;0000317037;CATETER BALAO P/DILATACAO PERIFERICA 0,035" PASSEO-35 XEO 6/100/130;04032021;F;1006125;000;000;0000;0000;0000;CX;UN;100;000;000;A;BIOTRONIK;0000317037;20;000;000;80224390292;VIGENTE;; ;N;N;100534376;ME;428890;N;N
0000316962;0000316962;CATETER BALAO P/DILATACAO PERIFERICA 0,035" PASSEO-35 XEO 6/100/90;04032021;F;1006125;000;000;0000;0000;0000;CX;UN;100;000;000;A;BIOTRONIK;0000316962;20;000;000;80224390292;VIGENTE;; ;N;N;100533256;ME;428816;N;N
0000317047;0000317047;CATETER BALAO P/DILATACAO PERIFERICA 0,035" PASSEO-35 XEO 6/120/130;04032021;F;1006125;000;000;0000;0000;0000;CX;UN;100;000;000;A;BIOTRONIK;0000317047;20;000;000;80224390292;VIGENTE;; ;N;N;100535224;ME;428899;N;N
0000316972;0000316972;CATETER BALAO P/DILATACAO PERIFERICA 0,035" PASSEO-35 XEO 6/120/170;04032021;F;1006125;000;000;0000;0000;0000;CX;UN;100;000;000;A;BIOTRONIK;0000316972;20;000;000;80224390292;VIGENTE;; ;N;N;100533914;ME;428973;N;N
0000316982;0000316982;CATETER BALAO P/DILATACAO PERIFERICA 0,035" PASSEO-35 XEO 6/120/90;04032021;F;1006125;000;000;0000;0000;0000;CX;UN;100;000;000;A;BIOTRONIK;0000316982;20;000;000;80224390292;VIGENTE;; ;N;N;100535089;ME;428825;N;N
0000316903;0000316903;CATETER BALAO P/DILATACAO PERIFERICA 0,035" PASSEO-35 XEO 6/150/130;04032021;F;1006125;000;000;0000;0000;0000;CX;UN;100;000;000;A;BIOTRONIK;0000316903;20;000;000;80224390292;VIGENTE;; ;N;N;100533272;ME;428908;N;N
0000316978;0000316978;CATETER BALAO P/DILATACAO PERIFERICA 0,035" PASSEO-35 XEO 6/150/170;04032021;F;1006125;000;000;0000;0000;0000;CX;UN;100;000;000;A;BIOTRONIK;0000316978;20;000;000;80224390292;VIGENTE;; ;N;N;100534023;ME;428982;N;N
0000316987;0000316987;CATETER BALAO P/DILATACAO PERIFERICA 0,035" PASSEO-35 XEO 6/150/90;04032021;F;1006125;000;000;0000;0000;0000;CX;UN;100;000;000;A;BIOTRONIK;0000316987;20;000;000;80224390292;VIGENTE;; ;N;N;100533736;ME;428834;N;N
0000316910;0000316910;CATETER BALAO P/DILATACAO PERIFERICA 0,035" PASSEO-35 XEO 6/170/130;04032021;F;1006125;000;000;0000;0000;0000;CX;UN;100;000;000;A;BIOTRONIK;0000316910;20;000;000;80224390292;VIGENTE;; ;N;N;100534953;ME;428913;N;N
0000317002;0000317002;CATETER BALAO P/DILATACAO PERIFERICA 0,035" PASSEO-35 XEO 6/20/130;04032021;F;1006125;000;000;0000;0000;0000;CX;UN;100;000;000;A;BIOTRONIK;0000317002;20;000;000;80224390292;VIGENTE;; ;N;N;100534686;ME;428854;N;N
0000316928;0000316928;CATETER BALAO P/DILATACAO PERIFERICA 0,035" PASSEO-35 XEO 6/20/170;04032021;F;1006125;000;000;0000;0000;0000;CX;UN;100;000;000;A;BIOTRONIK;0000316928;20;000;000;80224390292;VIGENTE;; ;N;N;100533485;ME;428928;N;N
0000316881;0000316881;CATETER BALAO P/DILATACAO PERIFERICA 0,035" PASSEO-35 XEO 6/20/90;04032021;F;1006125;000;000;0000;0000;0000;CX;UN;100;000;000;A;BIOTRONIK;0000316881;20;000;000;80224390292;VIGENTE;; ;N;N;100534074;ME;428780;N;N
0000316918;0000316918;CATETER BALAO P/DILATACAO PERIFERICA 0,035" PASSEO-35 XEO 6/200/130;04032021;F;1006125;000;000;0000;0000;0000;CX;UN;100;000;000;A;BIOTRONIK;0000316918;20;000;000;80224390292;VIGENTE;; ;N;N;100534562;ME;428918;N;N
0000316981;0000316981;CATETER BALAO P/DILATACAO PERIFERICA 0,035" PASSEO-35 XEO 6/200/170;04032021;F;1006125;000;000;0000;0000;0000;CX;UN;100;000;000;A;BIOTRONIK;0000316981;20;000;000;80224390292;VIGENTE;; ;N;N;100533612;ME;428992;N;N
0000316989;0000316989;CATETER BALAO P/DILATACAO PERIFERICA 0,035" PASSEO-35 XEO 6/200/90;04032021;F;1006125;000;000;0000;0000;0000;CX;UN;100;000;000;A;BIOTRONIK;0000316989;20;000;000;80224390292;VIGENTE;; ;N;N;100533400;ME;428844;N;N
0000316924;0000316924;CATETER BALAO P/DILATACAO PERIFERICA 0,035" PASSEO-35 XEO 6/250/130;04032021;F;1006125;000;000;0000;0000;0000;CX;UN;100;000;000;A;BIOTRONIK;0000316924;20;000;000;80224390292;VIGENTE;; ;N;N;100535143;ME;428923;N;N
0000316986;0000316986;CATETER BALAO P/DILATACAO PERIFERICA 0,035" PASSEO-35 XEO 6/250/170;04032021;F;1006125;000;000;0000;0000;0000;CX;UN;100;000;000;A;BIOTRONIK;0000316986;20;000;000;80224390292;VIGENTE;; ;N;N;100534864;ME;428997;N;N
0000316994;0000316994;CATETER BALAO P/DILATACAO PERIFERICA 0,035" PASSEO-35 XEO 6/250/90;04032021;F;1006125;000;000;0000;0000;0000;CX;UN;100;000;000;A;BIOTRONIK;0000316994;20;000;000;80224390292;VIGENTE;; ;N;N;100533981;ME;428849;N;N
0000317010;0000317010;CATETER BALAO P/DILATACAO PERIFERICA 0,035" PASSEO-35 XEO 6/40/130;04032021;F;1006125;000;000;0000;0000;0000;CX;UN;100;000;000;A;BIOTRONIK;0000317010;20;000;000;80224390292;VIGENTE;; ;N;N;100534708;ME;428863;N;N
0000316936;0000316936;CATETER BALAO P/DILATACAO PERIFERICA 0,035" PASSEO-35 XEO 6/40/170;04032021;F;1006125;000;000;0000;0000;0000;CX;UN;100;000;000;A;BIOTRONIK;0000316936;20;000;000;80224390292;VIGENTE;; ;N;N;100533531;ME;428937;N;N
0000316889;0000316889;CATETER BALAO P/DILATACAO PERIFERICA 0,035" PASSEO-35 XEO 6/40/90;04032021;F;1006125;000;000;0000;0000;0000;CX;UN;100;000;000;A;BIOTRONIK;0000316889;20;000;000;80224390292;VIGENTE;; ;N;N;100533493;ME;428789;N;N
0000317019;0000317019;CATETER BALAO P/DILATACAO PERIFERICA 0,035" PASSEO-35 XEO 6/60/130;04032021;F;1006125;000;000;0000;0000;0000;CX;UN;100;000;000;A;BIOTRONIK;0000317019;20;000;000;80224390292;VIGENTE;; ;N;N;100534201;ME;428872;N;N
0000316949;0000316949;CATETER BALAO P/DILATACAO PERIFERICA 0,035" PASSEO-35 XEO 6/60/170;04032021;F;1006125;000;000;0000;0000;0000;CX;UN;100;000;000;A;BIOTRONIK;0000316949;20;000;000;80224390292;VIGENTE;; ;N;N;100534325;ME;428946;N;N
0000316914;0000316914;CATETER BALAO P/DILATACAO PERIFERICA 0,035" PASSEO-35 XEO 6/60/90;04032021;F;1006125;000;000;0000;0000;0000;CX;UN;100;000;000;A;BIOTRONIK;0000316914;20;000;000;80224390292;VIGENTE;; ;N;N;100534880;ME;428798;N;N
0000317028;0000317028;CATETER BALAO P/DILATACAO PERIFERICA 0,035" PASSEO-35 XEO 6/80/130;04032021;F;1006125;000;000;0000;0000;0000;CX;UN;100;000;000;A;BIOTRONIK;0000317028;20;000;000;80224390292;VIGENTE;; ;N;N;100533973;ME;428881;N;N
0000316960;0000316960;CATETER BALAO P/DILATACAO PERIFERICA 0,035" PASSEO-35 XEO 6/80/170;04032021;F;1006125;000;000;0000;0000;0000;CX;UN;100;000;000;A;BIOTRONIK;0000316960;20;000;000;80224390292;VIGENTE;; ;N;N;100534368;ME;428955;N;N
0000316941;0000316941;CATETER BALAO P/DILATACAO PERIFERICA 0,035" PASSEO-35 XEO 6/80/90;04032021;F;1006125;000;000;0000;0000;0000;CX;UN;100;000;000;A;BIOTRONIK;0000316941;20;000;000;80224390292;VIGENTE;; ;N;N;100533108;ME;428807;N;N
0000317038;0000317038;CATETER BALAO P/DILATACAO PERIFERICA 0,035" PASSEO-35 XEO 7/100/130;04032021;F;1006125;000;000;0000;0000;0000;CX;UN;100;000;000;A;BIOTRONIK;0000317038;20;000;000;80224390292;VIGENTE;; ;N;N;100534317;ME;428891;N;N
0000316964;0000316964;CATETER BALAO P/DILATACAO PERIFERICA 0,035" PASSEO-35 XEO 7/100/90;04032021;F;1006125;000;000;0000;0000;0000;CX;UN;100;000;000;A;BIOTRONIK;0000316964;20;000;000;80224390292;VIGENTE;; ;N;N;100533477;ME;428817;N;N
0000316893;0000316893;CATETER BALAO P/DILATACAO PERIFERICA 0,035" PASSEO-35 XEO 7/120/130;04032021;F;1006125;000;000;0000;0000;0000;CX;UN;100;000;000;A;BIOTRONIK;0000316893;20;000;000;80224390292;VIGENTE;; ;N;N;100534090;ME;428900;N;N
0000316904;0000316904;CATETER BALAO P/DILATACAO PERIFERICA 0,035" PASSEO-35 XEO 7/150/130;04032021;F;1006125;000;000;0000;0000;0000;CX;UN;100;000;000;A;BIOTRONIK;0000316904;20;000;000;80224390292;VIGENTE;; ;N;N;100534449;ME;428909;N;N
0000316912;0000316912;CATETER BALAO P/DILATACAO PERIFERICA 0,035" PASSEO-35 XEO 7/170/130;04032021;F;1006125;000;000;0000;0000;0000;CX;UN;100;000;000;A;BIOTRONIK;0000316912;20;000;000;80224390292;VIGENTE;; ;N;N;100534260;ME;428914;N;N
0000317003;0000317003;CATETER BALAO P/DILATACAO PERIFERICA 0,035" PASSEO-35 XEO 7/20/130;04032021;F;1006125;000;000;0000;0000;0000;CX;UN;100;000;000;A;BIOTRONIK;0000317003;20;000;000;80224390292;VIGENTE;; ;N;N;100533310;ME;428855;N;N
0000316929;0000316929;CATETER BALAO P/DILATACAO PERIFERICA 0,035" PASSEO-35 XEO 7/20/170;04032021;F;1006125;000;000;0000;0000;0000;CX;UN;100;000;000;A;BIOTRONIK;0000316929;20;000;000;80224390292;VIGENTE;; ;N;N;100535208;ME;428929;N;N
0000316882;0000316882;CATETER BALAO P/DILATACAO PERIFERICA 0,035" PASSEO-35 XEO 7/20/90;04032021;F;1006125;000;000;0000;0000;0000;CX;UN;100;000;000;A;BIOTRONIK;0000316882;20;000;000;80224390292;VIGENTE;; ;N;N;100534392;ME;428781;N;N
0000316920;0000316920;CATETER BALAO P/DILATACAO PERIFERICA 0,035" PASSEO-35 XEO 7/200/130;04032021;F;1006125;000;000;0000;0000;0000;CX;UN;100;000;000;A;BIOTRONIK;0000316920;20;000;000;80224390292;VIGENTE;; ;N;N;100535070;ME;428919;N;N
0000316925;0000316925;CATETER BALAO P/DILATACAO PERIFERICA 0,035" PASSEO-35 XEO 7/250/130;04032021;F;1006125;000;000;0000;0000;0000;CX;UN;100;000;000;A;BIOTRONIK;0000316925;20;000;000;80224390292;VIGENTE;; ;N;N;100534546;ME;428924;N;N
0000317011;0000317011;CATETER BALAO P/DILATACAO PERIFERICA 0,035" PASSEO-35 XEO 7/40/130;04032021;F;1006125;000;000;0000;0000;0000;CX;UN;100;000;000;A;BIOTRONIK;0000317011;20;000;000;80224390292;VIGENTE;; ;N;N;100534988;ME;428864;N;N
0000316938;0000316938;CATETER BALAO P/DILATACAO PERIFERICA 0,035" PASSEO-35 XEO 7/40/170;04032021;F;1006125;000;000;0000;0000;0000;CX;UN;100;000;000;A;BIOTRONIK;0000316938;20;000;000;80224390292;VIGENTE;; ;N;N;100534198;ME;428938;N;N
0000316890;0000316890;CATETER BALAO P/DILATACAO PERIFERICA 0,035" PASSEO-35 XEO 7/40/90;04032021;F;1006125;000;000;0000;0000;0000;CX;UN;100;000;000;A;BIOTRONIK;0000316890;20;000;000;80224390292;VIGENTE;; ;N;N;100533787;ME;428790;N;N
0000317020;0000317020;CATETER BALAO P/DILATACAO PERIFERICA 0,035" PASSEO-35 XEO 7/60/130;04032021;F;1006125;000;000;0000;0000;0000;CX;UN;100;000;000;A;BIOTRONIK;0000317020;20;000;000;80224390292;VIGENTE;; ;N;N;100535186;ME;428873;N;N
0000316951;0000316951;CATETER BALAO P/DILATACAO PERIFERICA 0,035" PASSEO-35 XEO 7/60/170;04032021;F;1006125;000;000;0000;0000;0000;CX;UN;100;000;000;A;BIOTRONIK;0000316951;20;000;000;80224390292;VIGENTE;; ;N;N;100535240;ME;428947;N;N
0000316917;0000316917;CATETER BALAO P/DILATACAO PERIFERICA 0,035" PASSEO-35 XEO 7/60/90;04032021;F;1006125;000;000;0000;0000;0000;CX;UN;100;000;000;A;BIOTRONIK;0000316917;20;000;000;80224390292;VIGENTE;; ;N;N;100533299;ME;428799;N;N
0000317029;0000317029;CATETER BALAO P/DILATACAO PERIFERICA 0,035" PASSEO-35 XEO 7/80/130;04032021;F;1006125;000;000;0000;0000;0000;CX;UN;100;000;000;A;BIOTRONIK;0000317029;20;000;000;80224390292;VIGENTE;; ;N;N;100534660;ME;428882;N;N
0000316961;0000316961;CATETER BALAO P/DILATACAO PERIFERICA 0,035" PASSEO-35 XEO 7/80/170;04032021;F;1006125;000;000;0000;0000;0000;CX;UN;100;000;000;A;BIOTRONIK;0000316961;20;000;000;80224390292;VIGENTE;; ;N;N;100534805;ME;428956;N;N
0000316944;0000316944;CATETER BALAO P/DILATACAO PERIFERICA 0,035" PASSEO-35 XEO 7/80/90;04032021;F;1006125;000;000;0000;0000;0000;CX;UN;100;000;000;A;BIOTRONIK;0000316944;20;000;000;80224390292;VIGENTE;; ;N;N;100534457;ME;428808;N;N
0000317040;0000317040;CATETER BALAO P/DILATACAO PERIFERICA 0,035" PASSEO-35 XEO 8/100/130;04032021;F;1006125;000;000;0000;0000;0000;CX;UN;100;000;000;A;BIOTRONIK;0000317040;20;000;000;80224390292;VIGENTE;; ;N;N;100534619;ME;428892;N;N
0000316966;0000316966;CATETER BALAO P/DILATACAO PERIFERICA 0,035" PASSEO-35 XEO 8/100/90;04032021;F;1006125;000;000;0000;0000;0000;CX;UN;100;000;000;A;BIOTRONIK;0000316966;20;000;000;80224390292;VIGENTE;; ;N;N;100533825;ME;428818;N;N
0000316894;0000316894;CATETER BALAO P/DILATACAO PERIFERICA 0,035" PASSEO-35 XEO 8/120/130;04032021;F;1006125;000;000;0000;0000;0000;CX;UN;100;000;000;A;BIOTRONIK;0000316894;20;000;000;80224390292;VIGENTE;; ;N;N;100534635;ME;428901;N;N
0000317004;0000317004;CATETER BALAO P/DILATACAO PERIFERICA 0,035" PASSEO-35 XEO 8/20/130;04032021;F;1006125;000;000;0000;0000;0000;CX;UN;100;000;000;A;BIOTRONIK;0000317004;20;000;000;80224390292;VIGENTE;; ;N;N;100533302;ME;428856;N;N
0000316931;0000316931;CATETER BALAO P/DILATACAO PERIFERICA 0,035" PASSEO-35 XEO 8/20/170;04032021;F;1006125;000;000;0000;0000;0000;CX;UN;100;000;000;A;BIOTRONIK;0000316931;20;000;000;80224390292;VIGENTE;; ;N;N;100535151;ME;428930;N;N
0000316883;0000316883;CATETER BALAO P/DILATACAO PERIFERICA 0,035" PASSEO-35 XEO 8/20/90;04032021;F;1006125;000;000;0000;0000;0000;CX;UN;100;000;000;A;BIOTRONIK;0000316883;20;000;000;80224390292;VIGENTE;; ;N;N;100533167;ME;428782;N;N
0000317012;0000317012;CATETER BALAO P/DILATACAO PERIFERICA 0,035" PASSEO-35 XEO 8/40/130;04032021;F;1006125;000;000;0000;0000;0000;CX;UN;100;000;000;A;BIOTRONIK;0000317012;20;000;000;80224390292;VIGENTE;; ;N;N;100533949;ME;428865;N;N
0000316940;0000316940;CATETER BALAO P/DILATACAO PERIFERICA 0,035" PASSEO-35 XEO 8/40/170;04032021;F;1006125;000;000;0000;0000;0000;CX;UN;100;000;000;A;BIOTRONIK;0000316940;20;000;000;80224390292;VIGENTE;; ;N;N;100533280;ME;428939;N;N
0000316891;0000316891;CATETER BALAO P/DILATACAO PERIFERICA 0,035" PASSEO-35 XEO 8/40/90;04032021;F;1006125;000;000;0000;0000;0000;CX;UN;100;000;000;A;BIOTRONIK;0000316891;20;000;000;80224390292;VIGENTE;; ;N;N;100534775;ME;428791;N;N
0000317021;0000317021;CATETER BALAO P/DILATACAO PERIFERICA 0,035" PASSEO-35 XEO 8/60/130;04032021;F;1006125;000;000;0000;0000;0000;CX;UN;100;000;000;A;BIOTRONIK;0000317021;20;000;000;80224390292;VIGENTE;; ;N;N;100533213;ME;428874;N;N
0000316952;0000316952;CATETER BALAO P/DILATACAO PERIFERICA 0,035" PASSEO-35 XEO 8/60/170;04032021;F;1006125;000;000;0000;0000;0000;CX;UN;100;000;000;A;BIOTRONIK;0000316952;20;000;000;80224390292;VIGENTE;; ;N;N;100534490;ME;428948;N;N
0000316919;0000316919;CATETER BALAO P/DILATACAO PERIFERICA 0,035" PASSEO-35 XEO 8/60/90;04032021;F;1006125;000;000;0000;0000;0000;CX;UN;100;000;000;A;BIOTRONIK;0000316919;20;000;000;80224390292;VIGENTE;; ;N;N;100533434;ME;428800;N;N
0000317030;0000317030;CATETER BALAO P/DILATACAO PERIFERICA 0,035" PASSEO-35 XEO 8/80/130;04032021;F;1006125;000;000;0000;0000;0000;CX;UN;100;000;000;A;BIOTRONIK;0000317030;20;000;000;80224390292;VIGENTE;; ;N;N;100535127;ME;428883;N;N
0000316963;0000316963;CATETER BALAO P/DILATACAO PERIFERICA 0,035" PASSEO-35 XEO 8/80/170;04032021;F;1006125;000;000;0000;0000;0000;CX;UN;100;000;000;A;BIOTRONIK;0000316963;20;000;000;80224390292;VIGENTE;; ;N;N;100533370;ME;428957;N;N
0000316946;0000316946;CATETER BALAO P/DILATACAO PERIFERICA 0,035" PASSEO-35 XEO 8/80/90;04032021;F;1006125;000;000;0000;0000;0000;CX;UN;100;000;000;A;BIOTRONIK;0000316946;20;000;000;80224390292;VIGENTE;; ;N;N;100534791;ME;428809;N;N
0000317041;0000317041;CATETER BALAO P/DILATACAO PERIFERICA 0,035" PASSEO-35 XEO 9/100/130;04032021;F;1006125;000;000;0000;0000;0000;CX;UN;100;000;000;A;BIOTRONIK;0000317041;20;000;000;80224390292;VIGENTE;; ;N;N;100534031;ME;428893;N;N
0000316968;0000316968;CATETER BALAO P/DILATACAO PERIFERICA 0,035" PASSEO-35 XEO 9/100/90;04032021;F;1006125;000;000;0000;0000;0000;CX;UN;100;000;000;A;BIOTRONIK;0000316968;20;000;000;80224390292;VIGENTE;; ;N;N;100534910;ME;428819;N;N
0000316896;0000316896;CATETER BALAO P/DILATACAO PERIFERICA 0,035" PASSEO-35 XEO 9/120/130;04032021;F;1006125;000;000;0000;0000;0000;CX;UN;100;000;000;A;BIOTRONIK;0000316896;20;000;000;80224390292;VIGENTE;; ;N;N;100533884;ME;428902;N;N
0000317005;0000317005;CATETER BALAO P/DILATACAO PERIFERICA 0,035" PASSEO-35 XEO 9/20/130;04032021;F;1006125;000;000;0000;0000;0000;CX;UN;100;000;000;A;BIOTRONIK;0000317005;20;000;000;80224390292;VIGENTE;; ;N;N;100533604;ME;428857;N;N
0000316884;0000316884;CATETER BALAO P/DILATACAO PERIFERICA 0,035" PASSEO-35 XEO 9/20/90;04032021;F;1006125;000;000;0000;0000;0000;CX;UN;100;000;000;A;BIOTRONIK;0000316884;20;000;000;80224390292;VIGENTE;; ;N;N;100533574;ME;428783;N;N
0000317013;0000317013;CATETER BALAO P/DILATACAO PERIFERICA 0,035" PASSEO-35 XEO 9/40/130;04032021;F;1006125;000;000;0000;0000;0000;CX;UN;100;000;000;A;BIOTRONIK;0000317013;20;000;000;80224390292;VIGENTE;; ;N;N;100534309;ME;428866;N;N
0000316942;0000316942;CATETER BALAO P/DILATACAO PERIFERICA 0,035" PASSEO-35 XEO 9/40/170;04032021;F;1006125;000;000;0000;0000;0000;CX;UN;100;000;000;A;BIOTRONIK;0000316942;20;000;000;80224390292;VIGENTE;; ;N;N;100534104;ME;428940;N;N
0000316892;0000316892;CATETER BALAO P/DILATACAO PERIFERICA 0,035" PASSEO-35 XEO 9/40/90;04032021;F;1006125;000;000;0000;0000;0000;CX;UN;100;000;000;A;BIOTRONIK;0000316892;20;000;000;80224390292;VIGENTE;; ;N;N;100533906;ME;428792;N;N
0000317022;0000317022;CATETER BALAO P/DILATACAO PERIFERICA 0,035" PASSEO-35 XEO 9/60/130;04032021;F;1006125;000;000;0000;0000;0000;CX;UN;100;000;000;A;BIOTRONIK;0000317022;20;000;000;80224390292;VIGENTE;; ;N;N;100534139;ME;428875;N;N
0000316954;0000316954;CATETER BALAO P/DILATACAO PERIFERICA 0,035" PASSEO-35 XEO 9/60/170;04032021;F;1006125;000;000;0000;0000;0000;CX;UN;100;000;000;A;BIOTRONIK;0000316954;20;000;000;80224390292;VIGENTE;; ;N;N;100533868;ME;428949;N;N
0000316927;0000316927;CATETER BALAO P/DILATACAO PERIFERICA 0,035" PASSEO-35 XEO 9/60/90;04032021;F;1006125;000;000;0000;0000;0000;CX;UN;100;000;000;A;BIOTRONIK;0000316927;20;000;000;80224390292;VIGENTE;; ;N;N;100533140;ME;428801;N;N
0000317031;0000317031;CATETER BALAO P/DILATACAO PERIFERICA 0,035" PASSEO-35 XEO 9/80/130;04032021;F;1006125;000;000;0000;0000;0000;CX;UN;100;000;000;A;BIOTRONIK;0000317031;20;000;000;80224390292;VIGENTE;; ;N;N;100533345;ME;428884;N;N
0000316965;0000316965;CATETER BALAO P/DILATACAO PERIFERICA 0,035" PASSEO-35 XEO 9/80/170;04032021;F;1006125;000;000;0000;0000;0000;CX;UN;100;000;000;A;BIOTRONIK;0000316965;20;000;000;80224390292;VIGENTE;; ;N;N;100534678;ME;428958;N;N
0000316948;0000316948;CATETER BALAO P/DILATACAO PERIFERICA 0,035" PASSEO-35 XEO 9/80/90;04032021;F;1006125;000;000;0000;0000;0000;CX;UN;100;000;000;A;BIOTRONIK;0000316948;20;000;000;80224390292;VIGENTE;; ;N;N;100534422;ME;428810;N;N
0000317718;0000317718;CATETER BALAO P/PTCA SIMPASS CTO RX 1,00X10MM;25092020;F;480000;000;000;0000;0000;0000;CX;UN;100;000;000;A;ANGIOLUX;0000317718;20;000;000;10407990087;11052030;; ;N;N;100631860;ME;STO10010;N;N
0000317720;0000317720;CATETER BALAO P/PTCA SIMPASS CTO RX 1,00X15MM;25092020;F;480000;000;000;0000;0000;0000;CX;UN;100;000;000;A;ANGIOLUX;0000317720;20;000;000;10407990087;11052030;; ;N;N;100631878;ME;STO10015;N;N
0000317722;0000317722;CATETER BALAO P/PTCA SIMPASS CTO RX 1,00X20MM;25092020;F;480000;000;000;0000;0000;0000;CX;UN;100;000;000;A;ANGIOLUX;0000317722;20;000;000;10407990087;11052030;; ;N;N;100631894;ME;STO10020;N;N
0000317724;0000317724;CATETER BALAO P/PTCA SIMPASS CTO RX 1,25X10MM;25092020;F;480000;000;000;0000;0000;0000;CX;UN;100;000;000;A;ANGIOLUX;0000317724;20;000;000;10407990087;11052030;; ;N;N;100631967;ME;STO12510;N;N
0000317726;0000317726;CATETER BALAO P/PTCA SIMPASS CTO RX 1,25X15MM;25092020;F;480000;000;000;0000;0000;0000;CX;UN;100;000;000;A;ANGIOLUX;0000317726;20;000;000;10407990087;11052030;; ;N;N;100631924;ME;STO12515;N;N
0000317727;0000317727;CATETER BALAO P/PTCA SIMPASS CTO RX 1,25X20MM;25092020;F;480000;000;000;0000;0000;0000;CX;UN;100;000;000;A;ANGIOLUX;0000317727;20;000;000;10407990087;11052030;; ;N;N;100631940;ME;STO12520;N;N
0000317729;0000317729;CATETER BALAO P/PTCA SIMPASS CTO RX 1,50X10MM;25092020;F;480000;000;000;0000;0000;0000;CX;UN;100;000;000;A;ANGIOLUX;0000317729;20;000;000;10407990087;11052030;; ;N;N;100631959;ME;STO15010;N;N
0000317731;0000317731;CATETER BALAO P/PTCA SIMPASS CTO RX 1,50X15MM;25092020;F;480000;000;000;0000;0000;0000;CX;UN;100;000;000;A;ANGIOLUX;0000317731;20;000;000;10407990087;11052030;; ;N;N;100631886;ME;STO15015;N;N
0000317733;0000317733;CATETER BALAO P/PTCA SIMPASS CTO RX 1,50X20MM;25092020;F;480000;000;000;0000;0000;0000;CX;UN;100;000;000;A;ANGIOLUX;0000317733;20;000;000;10407990087;11052030;; ;N;N;100631908;ME;STO15020;N;N
0000317736;0000317736;CATETER BALAO P/PTCA SIMPASS CTO RX 2,00X10MM;25092020;F;480000;000;000;0000;0000;0000;CX;UN;100;000;000;A;ANGIOLUX;0000317736;20;000;000;10407990087;11052030;; ;N;N;100631983;ME;STO20010;N;N
0000317737;0000317737;CATETER BALAO P/PTCA SIMPASS CTO RX 2,00X15MM;25092020;F;480000;000;000;0000;0000;0000;CX;UN;100;000;000;A;ANGIOLUX;0000317737;20;000;000;10407990087;11052030;; ;N;N;100631851;ME;STO20015;N;N
0000317738;0000317738;CATETER BALAO P/PTCA SIMPASS CTO RX 2,00X20MM;25092020;F;480000;000;000;0000;0000;0000;CX;UN;100;000;000;A;ANGIOLUX;0000317738;20;000;000;10407990087;11052030;; ;N;N;100631916;ME;STO20020;N;N
0000317739;0000317739;CATETER BALAO P/PTCA SIMPASS CTO RX 2,50X10MM;25092020;F;480000;000;000;0000;0000;0000;CX;UN;100;000;000;A;ANGIOLUX;0000317739;20;000;000;10407990087;11052030;; ;N;N;100631975;ME;STO25010;N;N
0000317740;0000317740;CATETER BALAO P/PTCA SIMPASS CTO RX 2,50X15MM;25092020;F;480000;000;000;0000;0000;0000;CX;UN;100;000;000;A;ANGIOLUX;0000317740;20;000;000;10407990087;11052030;; ;N;N;100631932;ME;STO25015;N;N
0000317741;0000317741;CATETER BALAO P/PTCA SIMPASS CTO RX 2,50X20MM;25092020;F;480000;000;000;0000;0000;0000;CX;UN;100;000;000;A;ANGIOLUX;0000317741;20;000;000;10407990087;11052030;; ;N;N;100631991;ME;STO25020;N;N
0000317711;0000317711;CATETER BALAO P/PTCA SIMPASS HP-NC RX 2,0X15MM 145CM;25092020;F;480000;000;000;0000;0000;0000;CX;UN;100;000;000;A;ANGIOLUX;0000317711;20;000;000;10407990082;06012030;; ;N;N;100302327;ME;SNC20015;N;N
0000317713;0000317713;CATETER BALAO P/PTCA SIMPASS HP-NC RX 2,5X15MM 145CM;25092020;F;480000;000;000;0000;0000;0000;CX;UN;100;000;000;A;ANGIOLUX;0000317713;20;000;000;10407990082;06012030;; ;N;N;100302157;ME;SNC25015;N;N
0000317715;0000317715;CATETER BALAO P/PTCA SIMPASS HP-NC RX 2,5X20MM 145CM;25092020;F;480000;000;000;0000;0000;0000;CX;UN;100;000;000;A;ANGIOLUX;0000317715;20;000;000;10407990082;06012030;; ;N;N;100302360;ME;SNC25020;N;N
0000317706;0000317706;CATETER BALAO P/PTCA SIMPASS PLUS RX 2,0X15MM 145CM;25092020;F;480000;000;000;0000;0000;0000;CX;UN;100;000;000;A;ANGIOLUX;0000317706;20;000;000;10407990081;06012030;; ;N;N;100301142;ME;PS20015;N;N
0000317708;0000317708;CATETER BALAO P/PTCA SIMPASS PLUS RX 2,5X15MM 145CM;25092020;F;480000;000;000;0000;0000;0000;CX;UN;100;000;000;A;ANGIOLUX;0000317708;20;000;000;10407990081;06012030;; ;N;N;100301827;ME;PS25015;N;N
0000317709;0000317709;CATETER BALAO P/PTCA SIMPASS PLUS RX 3,0X20MM 145CM;25092020;F;480000;000;000;0000;0000;0000;CX;UN;100;000;000;A;ANGIOLUX;0000317709;20;000;000;10407990081;06012030;; ;N;N;100301720;ME;PS30020;N;N
0000320402;0000320402;CATETER CRUZAMENTO GOBACK 2,9FR 120CM;02022021;F;2500000;000;000;0000;0000;0000;PGC;UN;100;000;000;A;TECMEDIC;0000320402;20;000;000;80202919006;VIGENTE;; ;N;N;101025742;ME;GB 603 014P 120L;N;N
0000320403;0000320403;CATETER CRUZAMENTO GOBACK 2,9FR 80CM;02022021;F;2500000;000;000;0000;0000;0000;PGC;UN;100;000;000;A;TECMEDIC;0000320403;20;000;000;80202919006;VIGENTE;; ;N;N;101025742;ME;GB 603 014P 80L;N;N
0000320400;0000320400;CATETER CRUZAMENTO GOBACK 4FR 120CM;02022021;F;2500000;000;000;0000;0000;0000;PGC;UN;100;000;000;A;TECMEDIC;0000320400;20;000;000;80202919006;VIGENTE;; ;N;N;101025742;ME;GB 600 018P 120L;N;N
0000320401;0000320401;CATETER CRUZAMENTO GOBACK 4FR 80CM;02022021;F;2500000;000;000;0000;0000;0000;PGC;UN;100;000;000;A;TECMEDIC;0000320401;20;000;000;80202919006;VIGENTE;; ;N;N;101025742;ME;GB 600 018P 80L;N;N
0000320351;0000320351;CATETER DUPLO LUMEN P/HISTEROSSALPINGOGRAFIA(PU) C/BALAO SILICONE 2,0ML 5FRX30CM;27012021;F;98670;000;000;0000;0000;0000;CX;UN;100;000;000;A;MEDIKA;0000320351;20;000;000;10289680220;VIGENTE;; ;N;N;101024754;ME;BA05F;N;N
0000320352;0000320352;CATETER DUPLO LUMEN P/HISTEROSSALPINGOGRAFIA(PU) C/BALAO SILICONE 3,5ML 7FRX30CM;27012021;F;98670;000;000;0000;0000;0000;CX;UN;100;000;000;A;MEDIKA;0000320352;20;000;000;10289680220;VIGENTE;; ;N;N;101024754;ME;BA07F;N;N
0000131354;0000131354;CATETER IMPLANTAVEL PRIMO PORT C/CATETER SILICONE 6,6FR;21042020;F;527346;000;000;0000;0000;0000;   ;UN;100;000;000;A;BMR MEDICAL;0000131354;20;000;000;80299880017;09062023;; ;N;N;100707394;ME;131-201-1;N;N
0000131355;0000131355;CATETER IMPLANTAVEL PRIMO PORT C/CATETER SILICONE 9,6FR;21042020;F;527346;000;000;0000;0000;0000;   ;UN;100;000;000;A;BMR MEDICAL;0000131355;20;000;000;80299880017;09062023;; ;N;N;100707416;ME;131-201-2;N;N
0000174114;0000174114;CATETER IMPLANTAVEL PRIMO PORT LOW PROFILE TITANIO C/CATETER SILICONE 6,6FR;21042020;F;606448;000;000;0000;0000;0000;   ;UN;100;000;000;A;BMR MEDICAL;0000174114;20;000;000;80299880017;09062023;; ;N;N;100707386;ME;;N;N
0000174115;0000174115;CATETER IMPLANTAVEL PRIMO PORT LOW PROFILE TITANIO C/CATETER SILICONE 9,6FR;21042020;F;606448;000;000;0000;0000;0000;   ;UN;100;000;000;A;BMR MEDICAL;0000174115;20;000;000;80299880017;09062023;; ;N;N;100707408;ME;;N;N
0000318204;0000318204;CATETER INTRAVENOSO C/SIST.SEG.FECHADO INTROCAN SAFETY DEEP ACCESS PUR 18GAX64MM;14102020;F;79500;000;000;0000;0000;0000;CX;UN;100;000;000;A;B.BRAUN;0000318204;20;000;000;80136990948;VIGENTE;; ;N;N;100913881;MC;4251620-01;N;N
0000318205;0000318205;CATETER INTRAVENOSO C/SIST.SEG.FECHADO INTROCAN SAFETY DEEP ACCESS PUR 20GAX64MM;14102020;F;79500;000;000;0000;0000;0000;CX;UN;100;000;000;A;B.BRAUN;0000318205;20;000;000;80136990948;VIGENTE;; ;N;N;100913881;MC;4251621-01;N;N
0000318206;0000318206;CATETER INTRAVENOSO C/SIST.SEG.FECHADO INTROCAN SAFETY DEEP ACCESS PUR 22GAX64MM;14102020;F;79500;000;000;0000;0000;0000;CX;UN;100;000;000;A;B.BRAUN;0000318206;20;000;000;80136990948;VIGENTE;; ;N;N;100913881;MC;4251622-01;N;N
0000318207;0000318207;CATETER INTRAVENOSO C/SIST.SEG.FECHADO INTROCAN SAFETY DEEP ACCESS PUR 24GAX32MM;14102020;F;79500;000;000;0000;0000;0000;CX;UN;100;000;000;A;B.BRAUN;0000318207;20;000;000;80136990948;VIGENTE;; ;N;N;100913881;MC;4251623-01;N;N
0000317977;0000317977;CATETER P/HISTEROSSALPINOGRAFIA VIGEO ISTERIX 5FR;06102020;F;93000;000;000;0000;0000;0000;CX;UN;100;000;000;A;MM DIAGNOSTIKA;0000317977;20;000;000;80199950050;VIGENTE;; ;N;N;100901115;ME;VMI 1154;N;N
0000317978;0000317978;CATETER P/HISTEROSSALPINOGRAFIA VIGEO ISTERIX 7FR;06102020;F;93000;000;000;0000;0000;0000;CX;UN;100;000;000;A;MM DIAGNOSTIKA;0000317978;20;000;000;80199950050;VIGENTE;; ;N;N;100901115;ME;VMI 1155;N;N
0000317231;0000317231;CATETER P/RETIRADA BALAO 2,3MMX180CM TP.PINCA;03092020;F;65000;000;000;0000;0000;0000;CX;UN;100;000;000;A;MEDICONE;0000317231;20;000;000;80020550072;VIGENTE;898258295544; ;N;N;100883516;ME;94889;N;N
0000317230;0000317230;CATETER P/RETIRADA BALAO INTRAGASTRICO TP.AGULHA;03092020;F;65000;000;000;0000;0000;0000;CX;UN;100;000;000;A;MEDICONE;0000317230;20;000;000;80020559005;VIGENTE;898258295506; ;N;N;100895301;ME;94897;N;N
0000313436;0000313436;CATETER SPRAY MTW;10032020;F;150000;000;000;0000;0000;0000;PGC;UN;100;000;000;A;PROSURGERY;0000313436;20;000;000;81040530073;VIGENTE;; ;N;N;100888950;ME;;N;N
0000320344;0000320344;CATETER TRIPLO LUMEN TRIO-CT 13,5FX12CM;27012021;F;352500;000;000;0000;0000;0000;PGC;UN;100;000;000;A;MEDCORP;0000320344;20;000;000;10312210086;11012031;; ;N;N;101052529;ME;AS01135121GL;N;N
0000320345;0000320345;CATETER TRIPLO LUMEN TRIO-CT 13,5FX15CM;27012021;F;352500;000;000;0000;0000;0000;PGC;UN;100;000;000;A;MEDCORP;0000320345;20;000;000;10312210086;11012031;; ;N;N;101052529;ME;AS01135151GL;N;N
0000320346;0000320346;CATETER TRIPLO LUMEN TRIO-CT 13,5FX20CM;27012021;F;352500;000;000;0000;0000;0000;PGC;UN;100;000;000;A;MEDCORP;0000320346;20;000;000;10312210086;11012031;; ;N;N;101052529;ME;AS01135201GL;N;N
0000320347;0000320347;CATETER TRIPLO LUMEN TRIO-CT 13,5FX24CM;27012021;F;352500;000;000;0000;0000;0000;PGC;UN;100;000;000;A;MEDCORP;0000320347;20;000;000;10312210086;11012031;; ;N;N;101052529;ME;AS01135241GL;N;N
0000320348;0000320348;CATETER TRIPLO LUMEN TRIO-CT 13,5FX30CM;27012021;F;352500;000;000;0000;0000;0000;PGC;UN;100;000;000;A;MEDCORP;0000320348;20;000;000;10312210086;11012031;; ;N;N;101052529;ME;AS01135301GL;N;N
0000314935;0000314935;CATETER URETERAL P/PIELOGRAFIA NELATON 3FR 70CM;02062020;F;45000;000;000;0000;0000;0000;CX;UN;100;000;000;A;MEDI-GLOBE;0000314935;20;000;000;80073110099;VIGENTE;; ;N;N;100913440;ME;UR-830370;N;N
0000314936;0000314936;CATETER URETERAL P/PIELOGRAFIA NELATON 4FR 70CM;02062020;F;45000;000;000;0000;0000;0000;CX;UN;100;000;000;A;MEDI-GLOBE;0000314936;20;000;000;80073110099;VIGENTE;; ;N;N;100913440;ME;UR-830470;N;N
0000314937;0000314937;CATETER URETERAL P/PIELOGRAFIA NELATON 5FR 70CM;02062020;F;45000;000;000;0000;0000;0000;CX;UN;100;000;000;A;MEDI-GLOBE;0000314937;20;000;000;80073110099;VIGENTE;; ;N;N;100913440;ME;UR-830570;N;N
0000314938;0000314938;CATETER URETERAL P/PIELOGRAFIA NELATON 6FR 70CM;02062020;F;45000;000;000;0000;0000;0000;CX;UN;100;000;000;A;MEDI-GLOBE;0000314938;20;000;000;80073110099;VIGENTE;; ;N;N;100913440;ME;UR-830670;N;N
0000314939;0000314939;CATETER URETERAL P/PIELOGRAFIA TIEMANN 5FR 70CM;02062020;F;45000;000;000;0000;0000;0000;CX;UN;100;000;000;A;MEDI-GLOBE;0000314939;20;000;000;80073110099;VIGENTE;; ;N;N;100913440;ME;UR-850570;N;N
0000314940;0000314940;CATETER URETERAL P/PIELOGRAFIA TIEMANN 6FR 70CM;02062020;F;45000;000;000;0000;0000;0000;CX;UN;100;000;000;A;MEDI-GLOBE;0000314940;20;000;000;80073110099;VIGENTE;; ;N;N;100913440;ME;UR-850670;N;N
0000318409;0000318409;CATETER URETRAL HIDROFILICO PRONTO P/USO PTA.FLEXIVEL/GUIA MASC.CH10 SPEEDICATH NAVI;27102020;F;4992;000;000;0000;0000;0000;   ;UN;100;000;000;A;COLOPLAST CONTINENCE;0000318409;20;000;000;10430310150;06012030;; ;N;N;100883346;MC;29010;N;N
0000318410;0000318410;CATETER URETRAL HIDROFILICO PRONTO P/USO PTA.FLEXIVEL/GUIA MASC.CH12 SPEEDICATH NAVI;27102020;F;4992;000;000;0000;0000;0000;   ;UN;100;000;000;A;COLOPLAST CONTINENCE;0000318410;20;000;000;10430310150;06012030;; ;N;N;100883346;MC;29012;N;N
0000318411;0000318411;CATETER URETRAL HIDROFILICO PRONTO P/USO PTA.FLEXIVEL/GUIA MASC.CH14 SPEEDICATH NAVI;27102020;F;4992;000;000;0000;0000;0000;   ;UN;100;000;000;A;COLOPLAST CONTINENCE;0000318411;20;000;000;10430310150;06012030;; ;N;N;100883346;MC;29014;N;N
0000318412;0000318412;CATETER URETRAL HIDROFILICO PRONTO P/USO PTA.FLEXIVEL/GUIA MASC.CH16 SPEEDICATH NAVI;27102020;F;4992;000;000;0000;0000;0000;   ;UN;100;000;000;A;COLOPLAST CONTINENCE;0000318412;20;000;000;10430310150;06012030;; ;N;N;100883346;MC;29016;N;N
0000314633;0000314633;CEBION 1G 10CPDS EFERV.S/ACUCAR;12062020;V;1226;1633;000;1226;1633;0000;CX;CPDS;1000;000;000;A;PROCTER;0000314633;50;000;000;1214206680137;31082020;;-;N;S;90478444;  ;;N;N
0000314628;0000314628;CEBION 1G 10CPDS EFERV.SABOR ACEROLA;12062020;V;1167;1555;000;1167;1555;0000;CX;CPDS;1000;000;000;A;PROCTER;0000314628;50;000;000;1214206680072;31082020;;-;N;S;90478495;  ;;N;N
0000314623;0000314623;CEBION 1G 10CPDS EFERV.SABOR LARANJA;12062020;V;1310;1745;000;1310;1745;0000;CX;CPDS;1000;000;000;A;PROCTER;0000314623;50;000;000;1214206680021;31082020;;-;N;S;90478479;  ;;N;N
0000314625;0000314625;CEBION 1G 30CPDS EFERV.SABOR LARANJA;12062020;V;3068;4088;000;1023;1363;0000;CX;CPDS;3000;000;000;A;PROCTER;0000314625;50;000;000;1214206680102;31082020;;-;N;S;90478509;  ;;N;N
0000314620;0000314620;CEBION 200MG/ML SOL.ORAL 30ML;12062020;V;1189;1584;000;0396;0528;0000;FR;ML;3000;000;000;A;PROCTER;0000314620;50;000;000;1214206680013;31082020;;-;N;S;90478460;  ;;N;N
0000314636;0000314636;CEBION 2G TB.10CPDS EFERV.;12062020;V;1744;2324;000;1744;2324;0000;CX;CPDS;1000;000;000;A;PROCTER;0000314636;50;000;000;1214206680031;31082020;;-;N;S;90478487;  ;;N;N
0000314639;0000314639;CEBION 500MG 30CPDS LIB.PROLONG.;12062020;V;2105;2805;000;0702;0935;0000;CX;CPDS;3000;000;000;A;PROCTER;0000314639;50;000;000;1214206680161;31082020;;-;N;S;90478517;  ;;N;N
0000314643;0000314643;CEBION CALCIO 500+600MG 10CPDS EFERV.;12062020;V;1450;1932;000;1450;1932;0000;CX;CPDS;1000;000;000;A;PROCTER;0000314643;50;000;000;1214206640011;31052020;;-;N;S;90479653;  ;;N;N
0000317773;0000317773;CEF 500MG 10CAPS GEL.DURA;01102020;V;1584;2190;000;1584;2190;0000;CX;CAPS;1000;000;000;A;UNIAO QUIMICA;0000317773;50;000;000;1049714430046;30062030;7896006217626;+;N;S;90479939;  ;;N;N
0000173865;0000173865;CEFALEXINA 500MG 500CPDS(EMB.HOSP.);23062020;F;87345;000;000;1747;0000;0000;CX;CPDS;50000;000;000;A;TEUTO BRAS;0000173865;50;000;000;1037003820062;31082022;7896112132257;+;S;S;90258797;  ;;S;N
0000175495;0000175495;CEFALOTINA SODICA 1G PO 50FA.TRANSP.+50DIL.4ML(EMB.HOSP.);23062020;F;39561;000;000;7912;0000;0000;CX;FA;5000;000;000;A;TEUTO BRAS;0000175495;50;000;000;1037002980041;30042025;7896112129745;+;N;S;90258533;  ;;S;N
0000302045;0000302045;CEFALOTINA SODICA 1G PO SOL.INJ.50FA(EMB.HOSP.);23062020;F;39561;000;000;7912;0000;0000;CX;FA;5000;000;000;A;TEUTO BRAS;0000302045;50;000;000;1037002980066;30042025;7896112192695;+;S;S;90404351;  ;;S;N
0000297038;0000297038;CEFTRIAXONA DISSODICA 1G PO INJ.3,5ML;07072020;V;2491;3444;000;24910;34440;0000;CX;FR;100;000;000;A;TEUTO BRAS;0000297038;50;000;000;1037007120030;31012023;7896112196266;+;N;S;90404262;  ;;S;N
0000299503;0000299503;CEFTRIAXONA DISSODICA 1G PO INJ.50FA(EMB.HOSP.);23062020;F;187517;000;000;37503;0000;0000;CX;FA;5000;000;000;A;TEUTO BRAS;0000299503;50;000;000;1037007120154;31012023;7896112196327;+;S;S;90404360;  ;;S;N
0000297037;0000297037;CEFTRIAXONA DISSODICA 500MG PO INJ.2ML;07072020;V;1656;2289;000;16560;22890;0000;CX;FR;100;000;000;A;TEUTO BRAS;0000297037;50;000;000;1037007120014;31012023;7896112196181;+;N;S;90404254;  ;;S;N
0000248744;0000248744;CELECOXIBE 100MG 20CAPS;07072020;V;3400;4700;000;1700;2350;0000;CX;CAPS;2000;000;000;A;TEUTO BRAS;0000248744;50;000;000;1037005980032;31082023;7896112182092;+;N;S;90312023;  ;;S;N
0000248745;0000248745;CELECOXIBE 200MG 10CAPS;07072020;V;2798;3868;000;2798;3868;0000;CX;CAPS;1000;000;000;A;TEUTO BRAS;0000248745;50;000;000;1037005980091;31082023;7896112164838;+;N;S;90312031;  ;;S;N
0000317790;0000317790;CELECOXIBE 200MG 10CAPS GEL DURA;01102020;V;2796;3865;000;2796;3865;0000;CX;CAPS;1000;000;000;A;RANBAXY;0000317790;50;000;000;1235202600034;30112029;7897076922243;+;N;S;;  ;;S;N
0000248746;0000248746;CELECOXIBE 200MG 15CAPS;07072020;V;3913;5409;000;2609;3606;0000;CX;CAPS;1500;000;000;A;TEUTO BRAS;0000248746;50;000;000;1037005980105;31082023;7896112181842;+;N;S;90312040;  ;;S;N
0000317791;0000317791;CELECOXIBE 200MG 15CAPS DURA;01102020;V;4140;5723;000;2760;3815;0000;CX;CAPS;1500;000;000;A;RANBAXY;0000317791;50;000;000;1235202600042;30112029;7897076922250;+;N;S;90466152;  ;;S;N
0000248747;0000248747;CELECOXIBE 200MG 30CAPS;07072020;V;7438;10283;000;2479;3428;0000;CX;CAPS;3000;000;000;A;TEUTO BRAS;0000248747;50;000;000;1037005980121;31082023;7896112164845;+;N;S;90312058;  ;;S;N
0000320070;0000320070;CELECOXIBE 200MG 30CAPS DURA;23122020;V;5825;8053;000;1942;2684;0000;CX;CAPS;3000;000;000;A;ZYDUS NIKKHO;0000320070;50;000;000;1565100780018;31082029;7898940658473;+;N;S;90493923;  ;;S;N
0000315252;0000315252;CELESTRAT 2+0,25MG 20CPDS;30062020;V;1060;1413;000;0530;0707;0000;CX;CPDS;2000;000;000;A;UNIAO QUIMICA;0000315252;50;000;000;1049711420031;31032029;7896006241003;-;N;S;90440030;  ;;N;N
0000297518;0000297518;CELLTRIAXON 1G PO SOL.INJ.50FA;12082020;V;150068;207460;000;30014;41492;0000;CX;FA;5000;000;000;A;MYLAN;0000297518;50;000;000;1883000160041;30112020;7898560662973;+;N;S;90328248;  ;;N;N
0000309944;0000309944;CERDELGA 100MG 60CAPS DURA;16062020;V;12960303;17267120;000;2160051;2877853;0000;CX;CAPS;6000;000;000;A;SANOFI MEDLEY;0000309944;50;000;000;1130012030019;31032022;7898328480511;-;N;S;90442660;  ;;N;N
0000299054;0000299054;CETOCONAZOL 200MG BL.AL.AL.10CPDS;07072020;V;1898;2624;000;1898;2624;0000;CX;CPDS;1000;000;000;A;TEUTO BRAS;0000299054;50;000;000;1037007150061;30042023;7896112122692;+;N;S;90404297;  ;;S;N
0000299055;0000299055;CETOCONAZOL 200MG BL.AL.AL.30CPDS;07072020;V;4082;5643;000;1361;1881;0000;CX;CPDS;3000;000;000;A;TEUTO BRAS;0000299055;50;000;000;1037007150071;30042023;7896112122708;+;N;S;90404300;  ;;S;N
0000299053;0000299053;CETOCONAZOL 20MG/G CRM.DERM.30G;07072020;V;1450;1932;000;0483;0644;0000;BG;GRS;3000;000;000;A;TEUTO BRAS;0000299053;50;000;000;1037007150045;30042023;7896112101635;-;N;S;;  ;;S;N
0000285405;0000285405;CETOCORT N 20+0,64+2,5MG/G CRM.DERM.30G;07072020;V;1568;2089;000;0523;0696;0000;BG;GRS;3000;000;000;A;TEUTO BRAS;0000285405;50;000;000;1037007000019;30032022;7896112127758;-;N;S;90381130;  ;;N;N
0000279750;0000279750;CETOCORT N 20+0,64+2,5MG/G POM.DERM.30G;07072020;V;1568;2089;000;0000;0000;0000;BG;GRS;3000;000;000;A;TEUTO BRAS;0000279750;50;000;000;1037006930012;30092021;7896112103370;-;N;N;90372182;  ;;N;N
0000302029;0000302029;CETOPROFENO 150MG 10CPDS REV.LIB.PROL.;01092020;V;2799;3869;000;2799;3869;0000;CX;CPDS;1000;000;000;A;SANOFI MEDLEY;0000302029;50;000;000;1832604520098;31052027;7891058002961;+;N;S;90480104;  ;;S;N
0000298535;0000298535;CETOPROFENO 50MG 24CAPS GEL.DURA;19062020;V;2087;2885;000;0870;1202;0000;CX;CPDS;2400;000;000;A;SANOFI MEDLEY;0000298535;50;000;000;1832602340033;31032023;7896422507349;+;N;S;90422252;  ;;S;N
0000300919;0000300919;CETROLAC 30MG/ML SOL.INJ.10AMP.1ML;30062020;F;7354;000;000;7354;0000;0000;CX;AMP;1000;000;000;A;UNIAO QUIMICA;0000300919;50;000;000;1049712860116;31052021;7896006290094;+;S;S;90414080;  ;;N;N
0000244991;0000244991;CETROLAC MD 4MG/ML SOL.OFT.FR 10ML;30062020;V;6591;9112;000;0000;0000;0000;FR;ML;1000;000;000;A;UNIAO QUIMICA;0000244991;50;000;000;1049712860078;31052021;7896006207665;+;N;N;90323912;  ;;N;N
0000305646;0000305646;CETROLAC MD 4MG/ML SOL.OFT.FR GOT.5ML;05082020;V;3159;4367;000;0000;0000;0000;CX;FR;100;000;000;A;UNIAO QUIMICA;0000305646;50;000;000;1049712860124;31052021;7896006290124;+;N;N;90434242;  ;;N;N
0000318444;0000318444;CEWIN 500MG 30CPDS LIB.PROLONG.;01112020;F;2173;000;000;0724;0000;0000;CX;CPDS;3000;000;000;A;SANOFI MEDLEY;0000318444;50;000;000;ISENTO;;7891058000295; ;N;S;;  ;;N;N
0000239893;0000239893;CHOFRAFIG SOL.ORAL 60FLAC.10ML;30062020;V;10630;14162;000;1772;2360;0000;CX;FLAC;6000;000;000;A;UNIAO QUIMICA;0000239893;50;000;000;1049713680030;30092020;7896006291862;-;N;S;90261674;  ;;N;N
0000320394;0000320394;CIBEX 200MG 10CAPS GEL.DURA;02022021;V;2439;3372;000;2439;3372;0000;CX;CAPS;1000;000;000;A;SUPERA;0000320394;50;000;000;1037202810024;28022028;7899420508219;+;N;S;90490320;  ;;N;N
0000304698;0000304698;CICLOVULAR 150MG+10MG SOL.INJ.1AMP 1ML+SER+AG.;30062020;V;1243;1718;000;0000;0000;0000;AMP;ML;100;000;000;A;UNIAO QUIMICA;0000304698;50;000;000;1049700990028;30092024;7896006252856;+;N;N;90414225;  ;;N;N
0000289773;0000289773;CIPROFIBRATO 100MG 30CPDS;30062020;V;4279;5915;000;1426;1972;0000;CX;CPDS;3000;000;000;A;VITAPAN;0000289773;50;000;000;1039201800021;31052022;7898049796083;+;N;S;90387260;  ;;S;N
0000317085;0000317085;CIPROFIBRATO 100MG 30CPDS;01092020;V;4379;6054;000;1460;2018;0000;CX;CPDS;3000;000;000;A;TEUTO BRAS;0000317085;50;000;000;1037007370029;30112029;7896112136156;+;N;S;90466454;  ;;S;N
0000320637;0000320637;CIPROFIBRATO 100MG 60CPDS;17022021;V;7680;10617;000;1280;1770;0000;CX;CPDS;6000;000;000;A;SANOFI MEDLEY;0000320637;50;000;000;1832604220035;31102027;7896422524827;+;N;S;90493990;  ;;S;N
0000314661;0000314661;CITONEURIN 100+100MG/ML SOL.INJ.IM 1AMP.1ML+1000MCG/ML 1AMP.1ML;12062020;V;255;353;000;0000;0000;0000;CX;AMP;200;000;000;A;PROCTER;0000314661;50;000;000;1214206690019;31102021;;+;N;N;90468660;  ;;N;N
0000314671;0000314671;CITONEURIN 100+100MG/ML SOL.INJ.IM 1AMP.1ML+5000MCG/ML 1AMP.1ML;12062020;V;370;512;000;0000;0000;0000;CX;AMP;200;000;000;A;PROCTER;0000314671;50;000;000;1214206690043;31102021;;+;N;N;90468694;  ;;N;N
0000314657;0000314657;CITONEURIN 100+100MG/ML SOL.INJ.IM 3AMP.1ML+1000MCG/ML 3AMP.1ML;12062020;V;763;1055;000;0000;0000;0000;CX;AMP;600;000;000;A;PROCTER;0000314657;50;000;000;1214206690027;31102021;;+;N;N;90468678;  ;;N;N
0000314664;0000314664;CITONEURIN 100+100MG/ML SOL.INJ.IM 3AMP.1ML+5000MCG/ML 3AMP.1ML;12062020;V;1115;1541;000;0000;0000;0000;CX;AMP;600;000;000;A;PROCTER;0000314664;50;000;000;1214206690035;31102021;;+;N;N;90468686;  ;;N;N
0000314647;0000314647;CITONEURIN 5000MCG+100+100MG 20DRGS;12062020;V;4160;5751;000;2080;2876;0000;CX;DRGS;2000;000;000;A;PROCTER;0000314647;50;000;000;1214206690061;31102021;;+;N;S;90468546;  ;;N;N
0000314649;0000314649;CITONEURIN 5000MCG+100+100MG 60DRGS;12062020;V;10783;14907;000;1797;2485;0000;CX;DRGS;6000;000;000;A;PROCTER;0000314649;50;000;000;1214206690086;31102021;;+;N;S;90468554;  ;;N;N
0000314654;0000314654;CITONEURIN 5000MCG+100+100MG BL.90DRGS;12062020;V;14555;20121;000;1617;2236;0000;CX;DRGS;9000;000;000;A;PROCTER;0000314654;50;000;000;1214206690094;31102021;;+;N;S;90468562;  ;;N;N
0000320755;0000320755;CITRATO FENTANILA 50MCG/ML SOL.INJ.50AMP 10ML;25022021;F;27023;000;000;5405;0000;0000;CX;AMP;5000;000;000;A;NOVAFARMA;0000320755;50;000;000;1004101660063;31082023;7899498608217;+;S;S;90494040;  ;;S;N
0000320756;0000320756;CITRATO FENTANILA 50MCG/ML SOL.INJ.50AMP 2ML;02032021;F;9694;000;000;1939;0000;0000;CX;AMP;5000;000;000;A;NOVAFARMA;0000320756;50;000;000;1004101660039;31082023;7899498608200;+;S;S;90494032;  ;;S;N
0000316329;0000316329;CITRATO FENTANILA 50MCG/ML SOL.INJ.5AMP 10ML;01082020;F;2702;000;000;5404;0000;0000;CX;AMP;500;000;000;A;TEUTO BRAS;0000316329;50;000;000;1037005880143;31122027;7896112105251;+;S;S;90480279;  ;;S;N
0000316327;0000316327;CITRATO FENTANILA 50MCG/ML SOL.INJ.5AMP 2ML;21012021;F;935;000;000;1870;0000;0000;CX;AMP;500;000;000;A;TEUTO BRAS;0000316327;50;000;000;1037005880100;31122027;7896112105213;+;S;S;90480260;  ;;S;N
0000316328;0000316328;CITRATO FENTANILA 50MCG/ML SOL.INJ.5AMP 5ML;01082020;F;1976;000;000;3952;0000;0000;CX;AMP;500;000;000;A;TEUTO BRAS;0000316328;50;000;000;1037005880127;31122027;7896112105237;+;S;S;90480309;  ;;S;N
0000283974;0000283974;CITRATO SILDENAFILA 50MG 1CPD REV.;07082020;V;617;822;000;0000;0000;0000;CX;CPD;100;000;000;A;RANBAXY;0000283974;50;000;000;1235202420257;30042021;7897076916228;-;N;N;90360109;  ;;S;N
0000283975;0000283975;CITRATO SILDENAFILA 50MG 2CPDS REV.;07082020;V;1239;1651;000;6195;8255;0000;CX;CPD;200;000;000;A;RANBAXY;0000283975;50;000;000;1235202420265;30042021;7897076916235;-;N;S;90360176;  ;;S;N
0000283976;0000283976;CITRATO SILDENAFILA 50MG 4CPDS REV.;07082020;V;2479;3303;000;6198;8258;0000;CX;CPD;400;000;000;A;RANBAXY;0000283976;50;000;000;1235202420273;30042021;7897076916242;-;N;S;90360249;  ;;S;N
0000315377;0000315377;CLABAT 25MG/ML GRAN.SUSP.ORAL 60ML+DIL.31ML+SER.;14082020;V;4246;5870;000;0000;0000;0000;FR;ML;6000;000;000;A;SIGMA PHARMA;0000315377;50;000;000;1023513160013;31102029;7894916515344;+;N;N;90463030;  ;;N;N
0000315374;0000315374;CLABAT 500MG 10CPDS REV.;07072020;V;5132;7095;000;5132;7095;0000;CX;CPDS;1000;000;000;A;SIGMA PHARMA;0000315374;50;000;000;1023513150018;31102029;7894916515320;+;N;S;90462998;  ;;N;N
0000315370;0000315370;CLABAT 500MG 14CPDS REV.;07072020;V;7187;9936;000;5134;7097;0000;CX;CPDS;1400;000;000;A;SIGMA PHARMA;0000315370;50;000;000;1023513150026;31102029;7894916515313;+;N;S;90463005;  ;;N;N
0000315372;0000315372;CLABAT 500MG 20CPDS REV.;07072020;V;10368;14333;000;5184;7167;0000;CX;CPDS;2000;000;000;A;SIGMA PHARMA;0000315372;50;000;000;1023513150034;31102029;7894916515337;+;N;S;90463013;  ;;N;N
0000315379;0000315379;CLABAT 50MG/ML GRAN.SUSP.ORAL 60ML+DIL.31ML+SER.;07072020;V;8450;11682;000;0000;0000;0000;FR;ML;6000;000;000;A;SIGMA PHARMA;0000315379;50;000;000;1023513160021;31102029;7894916515351;+;N;N;90463129;  ;;N;N
0000277149;0000277149;CLAXAM 500+125MG 14CPDS REV.;30062020;V;5302;7330;000;3787;5236;0000;CX;CPDS;1400;000;000;A;SANDOZ;0000277149;50;000;000;1004704520204;30042023;7897595624604;+;N;S;90310462;  ;;N;N
0000277150;0000277150;CLAXAM 500+125MG 21CPDS REV.;30062020;V;5707;7890;000;2718;3757;0000;CX;CPDS;2100;000;000;A;SANDOZ;0000277150;50;000;000;1004704520212;30042023;7897595624611;+;N;S;90310470;  ;;N;N
0000307840;0000307840;CLEXANE 40MG SOL.INJ.6SER.PREENCH.0,4ML+SIST.SEG;30062020;V;28598;39535;000;47663;65892;0000;CX;SER;600;000;000;A;SANOFI MEDLEY;0000307840;50;000;000;1832603360143;31102027;7891058004460;+;N;S;90458338;  ;;N;N
0000263897;0000263897;CLINDAMIN-C 300MG 16CAPS GEL.DURA;01102020;V;5094;7042;000;3184;4401;0000;CX;CAPS;1600;000;000;A;TEUTO BRAS;0000263897;50;000;000;1037006270012;30062020;7896112196846;+;N;S;90339169;  ;;N;N
0000241542;0000241542;CLONAZEPAN 2,5MG/ML SOL.ORAL 100FR 20ML(EMB.HOSP.);26062020;F;100969;000;000;10097;0000;0000;CX;FR;10000;000;000;A;PRATI-DONADUZZI;0000241542;50;000;000;1256802300034;28022022;7899547502275;+;S;S;90237439;  ;;S;N
0000241541;0000241541;CLONAZEPAN 2,5MG/ML SOL.ORAL 20ML;26062020;V;977;1351;000;0489;0676;0000;FR;ML;2000;000;000;A;PRATI-DONADUZZI;0000241541;50;000;000;1256802300018;28022022;7899547502251;+;N;S;90237412;  ;;S;N
0000304008;0000304008;CLONAZEPAN 2MG 30CPDS;26062020;V;1136;1570;000;0379;0523;0000;CX;CPDS;3000;000;000;A;PRATI-DONADUZZI;0000304008;50;000;000;1256802700105;31102023;7899547528367;+;N;S;90411323;  ;;S;N
0000304009;0000304009;CLONAZEPAN 2MG 60CPDS;26062020;V;2035;2813;000;0339;0469;0000;CX;CPDS;6000;000;000;A;PRATI-DONADUZZI;0000304009;50;000;000;1256802700113;31102023;7899547528374;+;N;S;90411331;  ;;S;N
0000261146;0000261146;CLOREXIDINA 2% REFIL 800ML;04062019;F;2067;000;000;0026;0000;0000;FR;ML;80000;000;000;A;VIC PHARMA;0000261146;50;000;000;NOTIFICACAO;;7897877705885; ;N;S;;  ;;N;N
0000319171;0000319171;CLORIDRATO AMBROXOL 7,5MG/ML SOL.ORAL 50FR GTS.50ML;17112020;F;67605;000;000;13521;0000;0000;CX;FR;5000;000;000;A;PRATI-DONADUZZI;0000319171;50;000;000;1256800380022;31012027;7898148293827;-;S;S;;  ;;S;N
0000260428;0000260428;CLORIDRATO AMIODARONA 100MG 30CPDS;02042019;V;1290;1783;000;0430;0594;0000;CX;CPDS;3000;000;000;A;RANBAXY;0000260428;50;000;000;1235201890020;31122021;7897076911568;+;N;S;90289951;  ;;S;N
0000307272;0000307272;CLORIDRATO AMIODARONA 100MG 30CPDS;19062020;V;1346;1861;000;0449;0620;0000;CX;CPDS;3000;000;000;A;SANOFI MEDLEY;0000307272;50;000;000;1832602940030;30092023;7891058001667;+;N;S;90422376;  ;;S;N
0000318315;0000318315;CLORIDRATO AMIODARONA 100MG 30CPDS;23102020;V;1290;1784;000;0430;0595;0000;CX;CPDS;3000;000;000;A;ZYDUS NIKKHO;0000318315;50;000;000;1565100700014;31012029;7898940658190;+;N;S;90494423;  ;;S;N
0000307273;0000307273;CLORIDRATO AMIODARONA 200MG 30CPDS;19062020;V;2570;3553;000;0857;1184;0000;CX;CPDS;3000;000;000;A;SANOFI MEDLEY;0000307273;50;000;000;1832602940049;30092023;7891058001681;+;N;S;90422384;  ;;S;N
0000311698;0000311698;CLORIDRATO AMIODARONA 200MG 30CPDS;30062020;V;2460;3401;000;0820;1134;0000;CX;CPDS;3000;000;000;A;ZYDUS NIKKHO;0000311698;50;000;000;1565100700022;31012024;7898940658183;+;N;S;90452100;  ;;S;N
0000241430;0000241430;CLORIDRATO AMITRIPTILINA 25MG 30CPDS REV.;07072020;V;1147;1586;000;0382;0529;0000;CX;CPDS;3000;000;000;A;TEUTO BRAS;0000241430;50;000;000;1037005100024;31012023;7896112124429;+;N;S;90286685;  ;;S;N
0000316169;0000316169;CLORIDRATO AMITRIPTILINA 25MG 30CPDS REV.;01092020;V;999;1381;000;0333;0460;0000;CX;CPDS;3000;000;000;A;SANOFI MEDLEY;0000316169;50;000;000;1832601330034;30042025;7896422524636;+;N;S;90466861;  ;;S;N
0000316170;0000316170;CLORIDRATO AMITRIPTILINA 75MG 30CPDS REV.;01092020;V;3480;4811;000;1160;1604;0000;CX;CPDS;3000;000;000;A;SANOFI MEDLEY;0000316170;50;000;000;1832601330077;30042025;7896422524643;+;N;S;90466870;  ;;S;N
0000304944;0000304944;CLORIDRATO BUPROPIONA 150MG 30CPDS REV.LIB.PROLONG.;30062020;V;6573;9037;000;2191;3012;0000;CX;CPDS;3000;000;000;A;UNIAO QUIMICA;0000304944;50;000;000;1049714130018;30112027;7896006206897;+;N;S;90414195;  ;;S;N
0000315154;0000315154;CLORIDRATO BUPROPIONA 150MG 30CPDS REV.LIB.PROLONG.;26062020;V;4949;6842;000;1650;2281;0000;CX;CPDS;3000;000;000;A;PRATI-DONADUZZI;0000315154;50;000;000;1256802980027;31102024;7899547510768;+;N;S;90445538;  ;;S;N
0000299523;0000299523;CLORIDRATO BUPROPIONA 150MG 60CPDS REV.LIB.PROLONG.;30062020;V;12409;17154;000;2068;2859;0000;CX;CPDS;6000;000;000;A;UNIAO QUIMICA;0000299523;50;000;000;1049714130026;30112027;7896006210818;+;N;S;90414071;  ;;S;N
0000315155;0000315155;CLORIDRATO BUPROPIONA 150MG 60CPDS REV.LIB.PROLONG.;26062020;V;9404;13000;000;1567;2167;0000;CX;CPDS;6000;000;000;A;PRATI-DONADUZZI;0000315155;50;000;000;1256802980035;31102024;7899547510775;+;N;S;90445520;  ;;S;N
0000308774;0000308774;CLORIDRATO CEFEPIMA 1G PO SOL.INJ.50FA(EMB.HOSP);23062020;F;185213;000;000;37043;0000;0000;CX;FA;5000;000;000;A;TEUTO BRAS;0000308774;50;000;000;1037006460032;30092020;7896112196129;+;S;S;90450043;  ;;S;N
0000308775;0000308775;CLORIDRATO CEFEPIMA 2G PO SOL.INJ.50FA(EMB.HOSP);23062020;F;336789;000;000;67358;0000;0000;CX;FA;5000;000;000;A;TEUTO BRAS;0000308775;50;000;000;1037006460040;30092020;7896112196143;+;S;S;90450051;  ;;S;N
0000297267;0000297267;CLORIDRATO CINACALCETE 30MG 30CPDS REV.,;30062020;V;48909;65162;000;16303;21721;0000;CX;CPDS;3000;000;000;A;SANDOZ;0000297267;50;000;000;1004705890013;31052021;7897595630988;-;N;S;90402960;  ;;S;N
0000261041;0000261041;CLORIDRATO CIPROFLOXACINO 500MG 6CPDS REV.;07072020;V;1473;2036;000;2455;3393;0000;CX;CPDS;600;000;000;A;TEUTO BRAS;0000261041;50;000;000;1037005680012;31122021;7896112156055;+;N;S;90312384;  ;;S;N
0000178963;0000178963;CLORIDRATO CIPROFLOXACINO 500MG 7CPDS REV.;07072020;V;1830;2530;000;2614;3614;0000;CX;CPDS;700;000;000;A;TEUTO BRAS;0000178963;50;000;000;1037005680020;31122021;7896112156062;+;N;S;90259114;  ;;S;N
0000309764;0000309764;CLORIDRATO DE CICLOBENZAPRINA 05MG 15CPDS REV.;26062020;V;696;927;000;0464;0618;0000;CX;CPDS;1500;000;000;A;PRATI-DONADUZZI;0000309764;50;000;000;1256802800525;31052024;7899547501537;-;N;S;90440781;  ;;S;N
0000309765;0000309765;CLORIDRATO DE CICLOBENZAPRINA 05MG 300CPDS REV.;26062020;F;23155;000;000;0772;0000;0000;CX;CPDS;30000;000;000;A;PRATI-DONADUZZI;0000309765;50;000;000;1256802800436;31052024;7899547501629;-;N;S;90440790;  ;;S;N
0000309766;0000309766;CLORIDRATO DE CICLOBENZAPRINA 05MG 30CPDS REV.;26062020;V;1393;1856;000;0464;0619;0000;CX;CPDS;3000;000;000;A;PRATI-DONADUZZI;0000309766;50;000;000;1256802800509;31052024;7899547501551;-;N;S;90440803;  ;;S;N
0000309758;0000309758;CLORIDRATO DE CICLOBENZAPRINA 10MG 15CPDS REV.;26062020;V;804;1071;000;0536;0714;0000;CX;CPDS;1500;000;000;A;PRATI-DONADUZZI;0000309758;50;000;000;1256802800258;31052024;7899547501667;-;N;S;90440757;  ;;S;N
0000309762;0000309762;CLORIDRATO DE CICLOBENZAPRINA 10MG 300CPDS REV.;26062020;F;25765;000;000;0859;0000;0000;CX;CPDS;30000;000;000;A;PRATI-DONADUZZI;0000309762;50;000;000;1256802800177;31052024;7899547501759;-;N;S;90440773;  ;;S;N
0000309763;0000309763;CLORIDRATO DE CICLOBENZAPRINA 10MG 30CPDS REV.;26062020;V;1610;2145;000;0537;0715;0000;CX;CPDS;3000;000;000;A;PRATI-DONADUZZI;0000309763;50;000;000;1256802800282;31052024;7899547501681;-;N;S;90440765;  ;;S;N
0000309769;0000309769;CLORIDRATO DE FLUOXETINA 20MG 30CPDS REV.;26062020;V;2297;3175;000;0766;1058;0000;CX;CPDS;3000;000;000;A;PRATI-DONADUZZI;0000309769;50;000;000;1256802830051;30062024;7899547526301;+;N;S;90440951;  ;;S;N
0000269310;0000269310;CLORIDRATO DEXMEDETOMIDINA 100MCG/ML SOL.INJ.5FA 2ML;30062020;F;56473;000;000;112946;0000;0000;CX;FA;500;000;000;A;UNIAO QUIMICA;0000269310;50;000;000;1049713910011;30112020;7896006210467;+;S;S;90343816;  ;;S;N
0000301909;0000301909;CLORIDRATO DEXMEDETOMIDINA 100MCG/ML SOL.INJ.5FA 2ML;07082020;F;56473;000;000;112946;0000;0000;CX;FA;500;000;000;A;WYETH;0000301909;50;000;000;1211004210011;31082022;7898916127781;+;S;S;90406818;  ;;S;N
0000317090;0000317090;CLORIDRATO DILTIAZEM 60MG 50CPDS;01092020;V;2524;3489;000;0505;0698;0000;CX;CPDS;5000;000;000;A;TEUTO BRAS;0000317090;50;000;000;1037007440019;30042030;7896112199946;+;N;S;90480945;  ;;S;N
0000251230;0000251230;CLORIDRATO DOBUTAMINA 250MG 50AMP 20ML(EMB.HOSP.);23062020;F;119957;000;000;23991;0000;0000;CX;AMP;5000;000;000;A;TEUTO BRAS;0000251230;50;000;000;1037005820035;30092022;7896112136378;+;S;S;90259270;  ;;S;N
0000311699;0000311699;CLORIDRATO DONEPEZILA 05MG 30CPDS REV.;30062020;V;4560;6304;000;1520;2101;0000;CX;CPDS;3000;000;000;A;ZYDUS NIKKHO;0000311699;50;000;000;1565100720015;31032024;7898940658829;+;N;S;90454286;  ;;S;N
0000175401;0000175401;CLORIDRATO DONEPEZILA 10MG 30CPDS REV.;05042019;V;15287;21134;000;5096;7045;0000;CX;CPDS;3000;000;000;A;TORRENT;0000175401;50;000;000;1052500420058;30042025;8902220108721;+;N;S;90262069;  ;;S;N
0000311700;0000311700;CLORIDRATO DONEPEZILA 10MG 30CPDS REV.;30062020;V;4560;6304;000;1520;2101;0000;CX;CPDS;3000;000;000;A;ZYDUS NIKKHO;0000311700;50;000;000;1565100720023;31032024;7898940658336;+;N;S;90454278;  ;;S;N
0000175399;0000175399;CLORIDRATO DONEPEZILA 5MG 30CPDS REV.;05042019;V;13928;19255;000;4643;6418;0000;CX;CPDS;3000;000;000;A;TORRENT;0000175399;50;000;000;1052500420023;30042025;8902220108677;+;N;S;90262042;  ;;S;N
0000241084;0000241084;CLORIDRATO DORZOLAMIDA 20MG/ML SOL.OFT.5ML;07072020;V;4323;5976;000;0000;0000;0000;FR;ML;500;000;000;A;NOVA QUIMICA GEN;0000241084;50;000;000;1356905340035;PENDENTE;7895296186018;+;N;N;90287517;  ;;S;N
0000307532;0000307532;CLORIDRATO DOXICICLINA 100MG 15CPDS REV.;07072020;V;2043;2824;000;1362;1883;0000;CX;CPDS;1500;000;000;A;TEUTO BRAS;0000307532;50;000;000;1037007290017;28022024;7896112102946;+;N;S;90448260;  ;;S;N
0000267825;0000267825;CLORIDRATO FLUOXETINA 20MG 30CAPS GEL DURA;09032021;V;2190;3028;000;0730;1009;0000;CX;CAPS;3000;000;000;P;TEUTO BRAS;0000267825;50;000;000;1037004870039;31102021;7896112125617;+;N;S;90339541;  ;;S;N
0000276771;0000276771;CLORIDRATO FLUOXETINA 20MG 30CAPS GEL.DURA;19062020;V;4250;5875;000;1417;1958;0000;CX;CAPS;3000;000;000;A;SANOFI MEDLEY;0000276771;50;000;000;1832602050043;30112021;7896422513784;+;N;S;90357515;  ;;S;N
0000305510;0000305510;CLORIDRATO FLUOXETINA 20MG 30CAPS GEL.DURA;30062020;V;2123;2935;000;0708;0978;0000;CX;CAPS;3000;000;000;A;VITAPAN;0000305510;50;000;000;1039201890071;31012024;7898049795925;+;N;S;90434293;  ;;S;N
0000305643;0000305643;CLORIDRATO FLUOXETINA 20MG 30CAPS GEL.DURA;30062020;V;2090;2889;000;0697;0963;0000;CX;CAPS;3000;000;000;A;UNIAO QUIMICA;0000305643;50;000;000;1049714280044;31122023;7896006213093;+;N;S;90429168;  ;;S;N
0000305511;0000305511;CLORIDRATO FLUOXETINA 20MG 60CAPS GEL.DURA;30062020;V;4246;5870;000;0708;0978;0000;CX;CAPS;6000;000;000;A;VITAPAN;0000305511;50;000;000;1039201890063;31012024;7898049796182;+;N;S;90434307;  ;;S;N
0000311366;0000311366;CLORIDRATO GENCITABINA 1G PO LIOF.1FA 50ML;30062020;F;66091;000;000;0000;0000;0000;CX;FA;100;000;000;A;ZYDUS NIKKHO;0000311366;50;000;000;1565100610023;31082021;7898940658541;+;S;N;90460529;  ;;S;N
0000257176;0000257176;CLORIDRATO LOPERAMIDA 2MG 12CPDS;30062020;V;452;602;000;0377;0502;0000;CX;CPDS;1200;000;000;A;SANDOZ;0000257176;50;000;000;1004705250014;30082023;7897595620279;-;N;S;90310403;  ;;S;N
0000304311;0000304311;CLORIDRATO MEMANTINA 10MG 120CPDS REV.;26062020;V;8336;11524;000;0695;0960;0000;CX;CPDS;12000;000;000;A;PRATI-DONADUZZI;0000304311;50;000;000;1256802640056;31052023;7899547508451;+;N;S;90410750;  ;;S;N
0000308651;0000308651;CLORIDRATO MEMANTINA 10MG 200CPDS REV.;26062020;F;105034;000;000;5252;0000;0000;CX;CPDS;20000;000;000;A;PRATI-DONADUZZI;0000308651;50;000;000;1256802640072;31052023;7899547508475;+;S;S;90410777;  ;;S;N
0000242008;0000242008;CLORIDRATO MEMANTINA 10MG 30CPDS REV.;02022021;V;4149;5736;000;1383;1912;0000;CX;CPDS;3000;000;000;A;TEUTO BRAS;0000242008;50;000;000;1037005950125;30082023;7896112167198;+;N;S;90290046;  ;;S;N
0000277152;0000277152;CLORIDRATO MEMANTINA 10MG 30CPDS REV.;30062020;V;6696;9257;000;2232;3086;0000;CX;CPDS;3000;000;000;A;SANDOZ;0000277152;50;000;000;1004705790019;31012021;7897595627223;+;N;S;90350464;  ;;S;N
0000304312;0000304312;CLORIDRATO MEMANTINA 10MG 30CPDS REV.;26062020;V;4784;6614;000;1595;2205;0000;CX;CPDS;3000;000;000;A;PRATI-DONADUZZI;0000304312;50;000;000;1256802640021;31052023;7899547508420;+;N;S;90410726;  ;;S;N
0000310594;0000310594;CLORIDRATO MEMANTINA 10MG 30CPDS REV.;19062020;V;5459;7547;000;1820;2516;0000;CX;CPDS;3000;000;000;A;SANOFI MEDLEY;0000310594;50;000;000;1832603660015;31072024;7896422520591;+;N;S;90452844;  ;;S;N
0000242010;0000242010;CLORIDRATO MEMANTINA 10MG 500CPDS REV.;23062020;F;263423;000;000;5268;0000;0000;CX;CPDS;50000;000;000;A;TEUTO BRAS;0000242010;50;000;000;1037005950168;01082028;7896112167235;+;S;S;90290062;  ;;S;N
0000242009;0000242009;CLORIDRATO MEMANTINA 10MG 60CPDS REV.;02022021;V;8967;12396;000;1495;2066;0000;CX;CPDS;6000;000;000;A;TEUTO BRAS;0000242009;50;000;000;1037005950141;01082028;7896112167211;+;N;S;90290054;  ;;S;N
0000277153;0000277153;CLORIDRATO MEMANTINA 10MG 60CPDS REV.;30062020;V;13061;18056;000;2177;3009;0000;CX;CPDS;6000;000;000;A;SANDOZ;0000277153;50;000;000;1004705790027;31012021;7897595627230;+;N;S;90350472;  ;;S;N
0000304313;0000304313;CLORIDRATO MEMANTINA 10MG 60CPDS REV.;26062020;V;4376;6050;000;0729;1008;0000;CX;CPDS;6000;000;000;A;PRATI-DONADUZZI;0000304313;50;000;000;1256802640031;31052023;7899547508437;+;N;S;90410734;  ;;S;N
0000310596;0000310596;CLORIDRATO MEMANTINA 10MG 60CPDS REV.;19062020;V;10695;14785;000;1783;2464;0000;CX;CPDS;6000;000;000;A;SANOFI MEDLEY;0000310596;50;000;000;1832603660023;31072024;7896422520584;+;N;S;90452976;  ;;S;N
0000302032;0000302032;CLORIDRATO METFORMINA 500MG 30CPDS LIB.PROLONG.;09062020;V;434;599;000;0145;0200;0000;CX;CPDS;3000;000;000;A;TORRENT;0000302032;50;000;000;1052500650037;30092020;8902220107205;+;N;S;90429117;  ;;S;N
0000241543;0000241543;CLORIDRATO METFORMINA 500MG 400CPDS REV.(EMB.HOSP.);26062020;F;7349;000;000;0184;0000;0000;CX;CPDS;40000;000;000;A;PRATI-DONADUZZI;0000241543;50;000;000;1256801510061;31032023;7898148291281;+;S;S;90238214;  ;;S;N
0000252419;0000252419;CLORIDRATO METFORMINA 500MG 50CPDS(EMB.HOSP.);23062020;F;1705;000;000;0341;0000;0000;CX;CPDS;5000;000;000;A;TEUTO BRAS;0000252419;50;000;000;1037005060081;31102022;7896112131120;+;S;S;90312120;  ;;S;N
0000298890;0000298890;CLORIDRATO METFORMINA 500MG 60CPDS LIB.PROLONG.;26062020;V;1168;1615;000;0195;0269;0000;CX;CPDS;6000;000;000;A;PRATI-DONADUZZI;0000298890;50;000;000;1256802470215;28022025;7899547528602;+;N;S;90361334;  ;;S;N
0000294607;0000294607;CLORIDRATO METFORMINA 500MG 60CPDS REV.;26062020;V;732;1012;000;0122;0169;0000;CX;CPDS;6000;000;000;A;PRATI-DONADUZZI;0000294607;50;000;000;1256801510205;31032023;7899547528633;+;N;S;90355075;  ;;S;N
0000294608;0000294608;CLORIDRATO METFORMINA 850MG 200CPDS REV.;26062020;F;3868;000;000;0193;0000;0000;CX;CPDS;20000;000;000;A;PRATI-DONADUZZI;0000294608;50;000;000;1256801510027;31032023;7898148291304;+;S;S;90355121;  ;;S;N
0000298891;0000298891;CLORIDRATO METFORMINA 850MG 60CPDS REV.;26062020;V;818;1131;000;0136;0189;0000;CX;CPDS;6000;000;000;A;PRATI-DONADUZZI;0000298891;50;000;000;1256801510183;31032023;7899547528640;+;N;S;90355083;  ;;S;N
0000253717;0000253717;CLORIDRATO METFORMINA XR 500MG LIB.PROLONG.30CPDS;26062020;V;569;773;000;0190;0258;0000;CX;CPDS;3000;000;000;A;PRATI-DONADUZZI;0000253717;50;000;000;1256802470029;28022025;7899547511031;+;N;S;90321448;  ;;S;N
0000253718;0000253718;CLORIDRATO METFORMINA XR 750MG LIB.PROLONG.30CPDS;26062020;V;1450;2005;000;0483;0668;0000;CX;CPDS;3000;000;000;A;PRATI-DONADUZZI;0000253718;50;000;000;1256802470126;28022025;7899547511130;+;N;S;90321464;  ;;S;N
0000242007;0000242007;CLORIDRATO METOCLOPRAMIDA 10MG/2ML 120AMP AMB 2ML;23062020;F;6629;000;000;0552;0000;0000;CX;AMP;12000;000;000;A;TEUTO BRAS;0000242007;50;000;000;1037002810063;28022030;7896112183693;-;S;S;90290330;  ;;S;N
0000297143;0000297143;CLORIDRATO MOXIFLOXACINO 1,6MG/ML SOL.INJ.BOLSA SISTEMA FECHADO 250ML;07072020;F;12471;000;000;0000;0000;0000;BOL;ML;25000;000;000;A;SUN FARMACEUTICA;0000297143;50;000;000;1468200580019;17072022;7898524981768;+;S;N;90386680;  ;;S;N
0000315156;0000315156;CLORIDRATO MOXIFLOXACINO 400MG BL.AL.PLAS.5CPDS REV.;26062020;V;8336;11524;000;16672;23048;0000;CX;CPDS;500;000;000;A;PRATI-DONADUZZI;0000315156;50;000;000;1256802840012;31072029;7899547523195;+;N;S;90453514;  ;;S;N
0000315157;0000315157;CLORIDRATO MOXIFLOXACINO 400MG BL.AL.PLAS.7CPDS REV.;26062020;V;11671;16134;000;16673;23049;0000;CX;CPDS;700;000;000;A;PRATI-DONADUZZI;0000315157;50;000;000;1256802840020;31072029;7899547523201;+;N;S;90453522;  ;;S;N
0000175435;0000175435;CLORIDRATO NEBIVOLOL 5MG 30CPDS;05042019;V;5604;7466;000;1868;2489;0000;CX;CPDS;3000;000;000;A;TORRENT;0000175435;50;000;000;1052500540045;31052022;8902220114906;-;N;S;90262328;  ;;S;N
0000286273;0000286273;CLORIDRATO NEBIVOLOL 5MG 30CPDS;07072020;V;5397;7190;000;1799;2397;0000;CX;CPDS;3000;000;000;A;TEUTO BRAS;0000286273;50;000;000;1037006890045;30072021;7896112103028;-;N;S;90361440;  ;;S;N
0000286274;0000286274;CLORIDRATO NEBIVOLOL 5MG 60CPDS;07072020;V;9948;13254;000;1658;2209;0000;CX;CPDS;6000;000;000;A;TEUTO BRAS;0000286274;50;000;000;1037006890071;30072021;7896112105497;-;N;S;90381092;  ;;S;N
0000263390;0000263390;CLORIDRATO PAROXETINA 20MG 30CPDS REV.;30062020;V;3090;4272;000;1030;1424;0000;CX;CPDS;3000;000;000;A;UNIAO QUIMICA;0000263390;50;000;000;1049713870026;30082020;7896006207436;+;N;S;90343743;  ;;S;N
0000175403;0000175403;CLORIDRATO PIOGLITAZONA 15MG 30CPDS;01042017;V;7155;9891;000;2385;3297;0000;CX;CPDS;3000;000;000;A;TORRENT;0000175403;50;000;000;1052500510022;30062021;8902220109766;+;N;S;90262140;  ;;S;N
0000277766;0000277766;CLORIDRATO PROMETAZINA 20MG/G CRM.DERM.30G;07072020;V;897;1195;000;0299;0398;0000;BG;GRS;3000;000;000;A;TEUTO BRAS;0000277766;50;000;000;1037006910062;31082021;7896112171287;-;N;S;90368622;  ;;S;N
0000293214;0000293214;CLORIDRATO PROMETAZINA 20MG/G CRM.DERM.BG.REV.EPOXIFENOLICO OURO 30G;07072020;V;897;1195;000;0299;0398;0000;BG;GRS;3000;000;000;A;TEUTO BRAS;0000293214;50;000;000;1037006910151;31082021;7896112181002;-;N;S;90404181;  ;;S;N
0000251231;0000251231;CLORIDRATO PROMETAZINA 25MG 200CPDS REV.(EMB.HOSP.);23062020;F;7011;000;000;0351;0000;0000;CX;CPDS;20000;000;000;A;TEUTO BRAS;0000251231;50;000;000;1037006910011;31082021;7896112100546;-;N;S;90361644;  ;;S;N
0000241774;0000241774;CLORIDRATO PROMETAZINA 25MG 20CPDS REV.;07072020;V;702;935;000;0351;0468;0000;CX;CPDS;2000;000;000;A;TEUTO BRAS;0000241774;50;000;000;1037006910021;31082021;7896112100539;-;N;S;90361636;  ;;S;N
0000294606;0000294606;CLORIDRATO PROPAFENONA 300MG 300CPDS REV.(EMB.HOSP.);26062020;F;52807;000;000;1760;0000;0000;CX;CPDS;30000;000;000;A;PRATI-DONADUZZI;0000294606;50;000;000;1256802550359;31072021;7899547514995;+;S;S;90441214;  ;;S;N
0000294604;0000294604;CLORIDRATO PROPAFENONA 300MG 30CPDS REV.;26062020;V;4585;6338;000;1528;2113;0000;CX;CPDS;3000;000;000;A;PRATI-DONADUZZI;0000294604;50;000;000;1256802550227;31072021;7899547514865;+;N;S;90441192;  ;;S;N
0000294605;0000294605;CLORIDRATO PROPAFENONA 300MG 60CPDS REV.;26062020;V;7919;10948;000;1320;1825;0000;CX;CPDS;6000;000;000;A;PRATI-DONADUZZI;0000294605;50;000;000;1256802550235;31072021;7899547514872;+;N;S;90441206;  ;;S;N
0000244786;0000244786;CLORIDRATO PROPRANOLOL 40MG 30CPDS;26062020;V;240;332;000;0080;0111;0000;CX;CPDS;3000;000;000;A;PRATI-DONADUZZI;0000244786;50;000;000;1256801680151;31102022;7899547512731;+;N;S;90274377;  ;;S;N
0000304019;0000304019;CLORIDRATO PROPRANOLOL 40MG 600CPDS PLAS.OPC.;26062020;F;10054;000;000;0168;0000;0000;CX;CPDS;60000;000;000;A;PRATI-DONADUZZI;0000304019;50;000;000;1256801680127;31102022;7899547502404;+;S;S;90361652;  ;;S;N
0000266601;0000266601;CLORIDRATO ROPIVACAINA 10,0MG/ML 5AMP 20ML(EMB.HOSP.);23062020;F;19291;000;000;38582;0000;0000;CX;AMP;500;000;000;A;TEUTO BRAS;0000266601;50;000;000;1037006330104;31072020;7896112168492;+;N;S;90339363;  ;;S;N
0000266600;0000266600;CLORIDRATO ROPIVACAINA 7,5MG/ML 5AMP 20ML(EMB.HOSP.);23062020;F;14260;000;000;28520;0000;0000;CX;AMP;500;000;000;A;TEUTO BRAS;0000266600;50;000;000;1037006330041;31072020;7896112168485;+;S;S;90339355;  ;;S;N
0000308652;0000308652;CLORIDRATO SERTRALINA 100MG 300CPDS REV.;26062020;F;112585;000;000;3753;0000;0000;CX;CPDS;30000;000;000;A;PRATI-DONADUZZI;0000308652;50;000;000;1256802710186;31102028;7899547522303;+;S;S;90411463;  ;;S;N
0000305770;0000305770;CLORIDRATO SERTRALINA 100MG 30CPDS REV.;26062020;V;9468;13089;000;3156;4363;0000;CX;CPDS;3000;000;000;A;PRATI-DONADUZZI;0000305770;50;000;000;1256802710151;31102028;7899547522273;+;N;S;90411439;  ;;S;N
0000320256;0000320256;CLORIDRATO SERTRALINA 100MG 60CPDS REV.;14012021;V;17041;23558;000;2840;3926;0000;CX;CPDS;6000;000;000;A;PRATI-DONADUZZI;0000320256;50;000;000;1256802710161;31102028;7899547522280;+;N;S;90411447;  ;;S;N
0000308653;0000308653;CLORIDRATO SERTRALINA 50MG 300CPDS REV.;26062020;F;66522;000;000;2217;0000;0000;CX;CPDS;30000;000;000;A;PRATI-DONADUZZI;0000308653;50;000;000;1256802710062;31102028;7899547522181;+;S;S;90411196;  ;;S;N
0000294293;0000294293;CLORIDRATO SERTRALINA 50MG 30CPDS REV.;09062020;V;2596;3589;000;0865;1196;0000;CX;CPDS;3000;000;000;A;TORRENT;0000294293;50;000;000;1052500620030;30082020;8903855073095;+;N;S;90323882;  ;;S;N
0000305771;0000305771;CLORIDRATO SERTRALINA 50MG 30CPDS REV.;15102020;V;2649;3662;000;0883;1221;0000;CX;CPDS;3000;000;000;A;PRATI-DONADUZZI;0000305771;50;000;000;1256802710038;31102028;7899547522150;+;N;S;90411161;  ;;S;N
0000309424;0000309424;CLORIDRATO SERTRALINA 50MG 30CPDS REV.;02022021;V;2872;3970;000;0957;1323;0000;CX;CPDS;3000;000;000;A;TEUTO BRAS;0000309424;50;000;000;1037007240060;31122028;7896112102960;+;N;S;90441230;  ;;S;N
0000314060;0000314060;CLORIDRATO SERTRALINA 50MG 500CPDS REV.;26062020;F;110871;000;000;2217;0000;0000;CX;CPDS;50000;000;000;A;PRATI-DONADUZZI;0000314060;50;000;000;1256802710070;31102028;7899547522198;+;S;S;90411200;  ;;S;N
0000320257;0000320257;CLORIDRATO SERTRALINA 50MG 60CPDS REV.;14012021;V;4768;6591;000;0795;1099;0000;CX;CPDS;6000;000;000;A;PRATI-DONADUZZI;0000320257;50;000;000;1256802710046;31102028;7899547522167;+;N;S;90411170;  ;;S;N
0000247606;0000247606;CLORIDRATO SERTRALINA 50MG BL.PLAST.TRANSP.30CPDS REV.;09062020;V;3399;4699;000;1133;1566;0000;CX;CPDS;3000;000;000;A;NEO QUIMICA;0000247606;50;000;000;1558404120041;31072023;7896714239255;+;N;S;90287860;  ;;S;N
0000304704;0000304704;CLORIDRATO SIBUTRAMINA MONOIDRATADO 15MG 30CAPS GEL.DURA;09062020;V;2579;3437;000;0860;1146;0000;CX;CAPS;3000;000;000;A;TORRENT;0000304704;50;000;000;1052500740028;31012023;8903855078557;-;N;S;90413725;  ;;S;N
0000307281;0000307281;CLORIDRATO SOTALOL 160MG 30CPDS;30062020;V;5405;7472;000;1802;2491;0000;CX;CPDS;3000;000;000;A;SANDOZ;0000307281;50;000;000;1004703250041;31082021;7897595621177;+;N;S;90380630;  ;;S;N
0000297035;0000297035;CLORIDRATO TERBINAFINA 250MG 28CPDS;07072020;V;10510;14529;000;3754;5189;0000;BL;CPDS;2800;000;000;A;TEUTO BRAS;0000297035;50;000;000;1037007070033;13112022;7896112163404;+;N;S;90404190;  ;;S;N
0000317614;0000317614;CLORIDRATO TRAMADOL 50MG 10CAPS DURA;23092020;V;1800;2488;000;1800;2488;0000;CX;CAPS;1000;000;000;A;PRATI-DONADUZZI;0000317614;50;000;000;1256803100012;31032030;7899547518122;+;N;S;90468708;  ;;S;N
0000302261;0000302261;CLORIDRATO TRAMADOL 50MG 10CAPS GEL.DURA;30062020;V;1744;2411;000;1744;2411;0000;CX;CAPS;1000;000;000;A;VITAPAN;0000302261;50;000;000;1039201820014;31052023;7898049797042;+;N;S;90414276;  ;;S;N
0000295549;0000295549;CLORIDRATO TRAZODONA 100MG 30CPDS;09062020;V;4336;5994;000;1445;1998;0000;CX;CPDS;3000;000;000;A;TORRENT;0000295549;50;000;000;1052500590077;31032025;8902220116177;+;N;S;90323696;  ;;S;N
0000320075;0000320075;CLORIDRATO TRAZODONA 100MG 30CPDS;23122020;V;3318;4587;000;1106;1529;0000;CX;CPDS;3000;000;000;A;ZYDUS NIKKHO;0000320075;50;000;000;1565100790153;31082029;7898927564155;+;N;S;90495691;  ;;S;N
0000320814;0000320814;CLORIDRATO TRAZODONA 100MG 30CPDS;02032021;V;4241;5863;000;1414;1954;0000;CX;CPDS;3000;000;000;A;NEO QUIMICA;0000320814;50;000;000;1558405700155;30092029;7896714274515;+;N;S;90481755;  ;;S;N
0000295551;0000295551;CLORIDRATO TRAZODONA 50MG 60CPDS;09062020;V;4336;5994;000;0723;0999;0000;CX;CPDS;6000;000;000;A;TORRENT;0000295551;50;000;000;1052500590042;31032025;8902220120334;+;N;S;90323726;  ;;S;N
0000320074;0000320074;CLORIDRATO TRAZODONA 50MG 60CPDS;23122020;V;3318;4587;000;0553;0765;0000;CX;CPDS;6000;000;000;A;ZYDUS NIKKHO;0000320074;50;000;000;1565100790080;31082029;7898927564148;+;N;S;90495683;  ;;S;N
0000320815;0000320815;CLORIDRATO TRAZODONA 50MG 60CPDS;02032021;V;4243;5866;000;0707;0978;0000;CX;CPDS;6000;000;000;A;NEO QUIMICA;0000320815;50;000;000;1558405700082;30092029;7896714274508;+;N;S;90481747;  ;;S;N
0000241346;0000241346;CLORIDRATO VALACICLOVIR 500MG 10CPDS REV.;07082020;V;8093;11188;000;8093;11188;0000;CX;CPDS;1000;000;000;A;RANBAXY;0000241346;50;000;000;1235202270018;31052023;7897076913050;+;N;S;90273648;  ;;S;N
0000241347;0000241347;CLORIDRATO VALACICLOVIR 500MG 42CPDS REV.;07082020;V;32796;45339;000;7809;10795;0000;CX;CPDS;4200;000;000;A;RANBAXY;0000241347;50;000;000;1235202270026;31052023;7897076913111;+;N;S;90273656;  ;;S;N
0000296925;0000296925;CLORIDRATO VENLAFAXINA 150MG 30CAPS GEL.DURA;06042018;V;14977;20705;000;4992;6902;0000;CX;CAPS;3000;000;000;A;TORRENT;0000296925;50;000;000;1052500680084;26102020;8903855073125;+;N;S;90355660;  ;;S;N
0000296923;0000296923;CLORIDRATO VENLAFAXINA 37,5MG 30CAPS GEL.DURA ACAO PROLONG.;06042018;V;4518;6246;000;1506;2082;0000;CX;CAPS;3000;000;000;A;TORRENT;0000296923;50;000;000;1052500680092;26102020;8903855073132;+;N;S;90355687;  ;;S;N
0000296924;0000296924;CLORIDRATO VENLAFAXINA 75MG 30CAPS GEL.DURA;06042018;V;8811;12181;000;2937;4060;0000;CX;CAPS;3000;000;000;A;TORRENT;0000296924;50;000;000;1052500680076;26102020;8903855073118;+;N;S;90355725;  ;;S;N
0000305505;0000305505;CLORTALIDONA 50MG 28CPDS;30062020;V;941;1301;000;0336;0465;0000;CX;CPDS;2800;000;000;A;VITAPAN;0000305505;50;000;000;1039201920013;28022024;7898049796656;+;N;S;;  ;;S;N
0000283990;0000283990;CLOTRIMAZOL 10MG/G CRM.DERM.20G;30062020;V;767;1022;000;0384;0511;0000;BG;GRS;2000;000;000;A;VITAPAN;0000283990;50;000;000;1039201710030;31072023;7898049795345;+;N;S;90362012;  ;;S;N
0000241526;0000241526;CLOTRIMAZOL 10MG/G CRM.DERM.50G;30062020;V;1917;2554;000;0000;0000;0000;BG;GR;5000;000;000;A;VITAPAN;0000241526;50;000;000;1039201710014;31072023;7898049795321;-;N;N;90290488;  ;;S;N
0000309775;0000309775;COD 30MG 30CPDS;30062020;V;3609;4989;000;1203;1663;0000;CX;CPDS;3000;000;000;A;SUPERA;0000309775;50;000;000;1037202850026;30042024;7899420507052;+;N;S;90442350;  ;;N;N
0000309776;0000309776;COD 60MG 30CPDS;30062020;V;5999;8293;000;2000;2764;0000;CX;CPDS;3000;000;000;A;SUPERA;0000309776;50;000;000;1037202850018;30042024;7899420507045;+;N;S;90442342;  ;;N;N
0000277261;0000277261;CODEX 500+30MG 120CPDS(EMB.HOSP);30062020;F;15874;000;000;1323;0000;0000;CX;CPDS;12000;000;000;A;UNIAO QUIMICA;0000277261;50;000;000;1049712090175;31032022;7896006230991;-;S;S;90355814;  ;;N;N
0000271598;0000271598;CODEX 500+30MG 36CPDS;30062020;V;3292;4386;000;0914;1218;0000;CX;CPDS;3600;000;000;A;UNIAO QUIMICA;0000271598;50;000;000;1049712090159;31032022;7896006230977;-;N;S;90343840;  ;;N;N
0000306829;0000306829;COLACT 667MG/ML 120ML;30062020;F;2974;000;000;0248;0000;0000;FR;ML;12000;000;000;A;UNIAO QUIMICA;0000306829;50;000;000;ISENTO;;7896006213123;-;N;S;;  ;;N;S
0000306826;0000306826;COLACT 667MG/ML 120ML SABOR AMEIXA;30062020;F;2974;000;000;0248;0000;0000;FR;ML;12000;000;000;A;UNIAO QUIMICA;0000306826;50;000;000;ISENTO;;7896006213130;-;N;S;;  ;;N;S
0000306827;0000306827;COLACT 667MG/ML 120ML SABOR FRUTAS;30062020;F;2974;000;000;0248;0000;0000;FR;ML;12000;000;000;A;UNIAO QUIMICA;0000306827;50;000;000;ISENTO;;7896006213147;-;N;S;;  ;;N;S
0000315089;0000315089;COLETOR DRENAGEM EXTERNA 2000ML SIST.FECHADO C/ VALV ANTIREFLUXO 200UNID.;24062020;F;70000;000;000;3500;0000;0000;CX;UN;20000;000;000;A;BIOBASE;0000315089;20;000;000;80212340044;VIGENTE;; ;N;S;100885225;MC;AAR280-I;N;N
0000320025;0000320025;COLETOR PORT SET CARILEX;22122020;F;61016;000;000;0000;0000;0000;CX;UN;100;000;000;A;VIDE BULA;0000320025;20;000;000;80311980001;VIGENTE;; ;N;N;100902170;ME;S1001-8160;N;N
0000307519;0000307519;COMPLEXO B 1AMP.;03072020;F;821;000;000;0000;0000;0000;AMP;AMP;100;000;000;A;SOLUS SOLUCOES;0000307519;50;000;000;ISENTO;;; ;S;N;;  ;;N;N
0000266381;0000266381;COMPRESSA GAZE C/ANTIMICROBIANO KERLIX A.M.D 15X17CM 1BL.C/2UNID;11032021;F;7600;000;000;0000;0000;0000;BL;UN;200;000;000;P;CARDINAL HEALTH MS;0000266381;20;000;000;81356112342;10012026;; ;N;N;;MC;6662;N;N
0000266382;0000266382;COMPRESSA GAZE C/ANTIMICROBIANO KERLIX A.M.D 15X17CM 1BL.C/5UNID;11032021;F;10000;000;000;0000;0000;0000;BL;UN;500;000;000;P;CARDINAL HEALTH MS;0000266382;20;000;000;81356112342;10012026;; ;N;N;;MC;6665;N;N
0000289882;0000289882;CONCARDIO 2,5MG 100CPDS REV.;01092020;V;12390;17128;000;1239;1713;0000;CX;CPDS;10000;000;000;A;SIGMA PHARMA;0000289882;50;000;000;1023510330139;30062021;7894916512510;+;N;S;90390210;  ;;N;N
0000318432;0000318432;CONCARDIO 2,5MG 10CPDS REV.;01112020;V;1462;2021;000;1462;2021;0000;CX;CPDS;1000;000;000;A;SIGMA PHARMA;0000318432;50;000;000;1023513060051;31082029;7894916514767;+;N;S;90455371;  ;;N;N
0000289881;0000289881;CONCARDIO 5,0MG 100CPDS REV.;01092020;V;13543;18722;000;1354;1872;0000;CX;CPDS;10000;000;000;A;SIGMA PHARMA;0000289881;50;000;000;1023510330201;30062021;7894916512503;+;N;S;90390202;  ;;N;N
0000318433;0000318433;CONCARDIO 5MG 10CPDS REV.;01112020;V;1704;2356;000;1704;2356;0000;CX;CPDS;1000;000;000;A;SIGMA PHARMA;0000318433;50;000;000;1023513060094;31082029;7894916514774;+;N;S;90455380;  ;;N;N
0000298768;0000298768;CONDRES COLAGENO 40MG 30CAPS;09072019;F;13035;000;000;4345;0000;0000;CX;CAPS;3000;000;000;A;SIGMA PHARMA;0000298768;50;000;000;ISENTO;;7894916510486; ;N;S;;  ;;N;S
0000298769;0000298769;CONDRES COLAGENO 40MG 60CAPS;09072019;F;20855;000;000;3476;0000;0000;CX;CAPS;6000;000;000;A;SIGMA PHARMA;0000298769;50;000;000;ISENTO;;7894916510493; ;N;S;;  ;;N;S
0000304327;0000304327;CONDROFLEX 1,5+1,2 G PO 15SACH 4,135G (ABACAXI);27062020;V;9426;13031;000;6284;8687;0000;CX;SACH;1500;000;000;A;ZODIAC;0000304327;50;000;000;1221400690099;30042028;7892953003800;+;N;S;90414632;  ;;N;N
0000304328;0000304328;CONDROFLEX 1,5+1,2 G PO 30SACH 4,135G (ABACAXI);27062020;V;18637;25765;000;6212;8588;0000;CX;SACH;3000;000;000;A;ZODIAC;0000304328;50;000;000;1221400690110;30042028;7892953003817;+;N;S;90414640;  ;;N;N
0000304329;0000304329;CONDROFLEX 1,5+1,2 G PO 7SACH 4,135G (ABACAXI);27062020;V;4398;6081;000;6283;8687;0000;CX;SACH;700;000;000;A;ZODIAC;0000304329;50;000;000;1221400690137;30042028;7892953003794;+;N;S;90414683;  ;;N;N
0000315134;0000315134;CONDROFLEX 1,5+1,2G PO ORAL 15SACH 4,135G (TANGERINA);27062020;V;9426;13031;000;6284;8687;0000;CX;SACH;1500;000;000;A;ZODIAC;0000315134;50;000;000;1221400690080;30042028;7892953003770;+;N;S;90414667;  ;;N;N
0000315136;0000315136;CONDROFLEX 1,5+1,2G PO ORAL 30SACH 4,135G (TANGERINA);27062020;V;18637;25765;000;6212;8588;0000;CX;SACH;3000;000;000;A;ZODIAC;0000315136;50;000;000;1221400690102;30042028;7892953003787;+;N;S;90414675;  ;;N;N
0000315133;0000315133;CONDROFLEX 1,5+1,2G PO ORAL 7SACH 4,135G (TANGERINA);27062020;V;4398;6081;000;6283;8687;0000;CX;SACH;700;000;000;A;ZODIAC;0000315133;50;000;000;1221400690129;30042028;7892953003763;+;N;S;90414659;  ;;N;N
0000280195;0000280195;CONDROFLEX 500+400MG 90CAPS GEL.DURA;27062020;V;19167;26498;000;2130;2944;0000;BL;CAPS;9000;000;000;A;ZODIAC;0000280195;50;000;000;1221400690072;30042028;7892953003022;+;N;S;90372174;  ;;N;N
0000124961;0000124961;CONDUTOR PELE 1,0MM ESPESS.C/RANHURA V P/EXP.HUMECA/ZIMMER EXPANSAO 1:1,0 EST.10UNID.;12032021;F;395928;000;000;395928;0000;0000;CX;UN;1000;000;000;P;EFE;0000124961;20;000;800;10243860057;VIGENTE;; ;N;S;;ME;6.V10-1.0;N;N
0000124962;0000124962;CONDUTOR PELE 1,0MM ESPESS.C/RANHURA V P/EXP.HUMECA/ZIMMER EXPANSAO 1:1,5 EST.10UNID.;12032021;F;395928;000;000;395928;0000;0000;CX;UN;1000;000;000;P;EFE;0000124962;20;000;800;10243860057;VIGENTE;; ;N;S;;ME;6.V10-1,5;N;N
0000244327;0000244327;CONDUTOR PELE 1,0MM ESPESS.C/RANHURA V P/EXP.HUMECA/ZIMMER EXPANSAO 1:2,0 EST.10UNID.;12032021;F;395928;000;000;395928;0000;0000;CX;UN;1000;000;000;P;EFE;0000244327;20;000;800;10243860057;VIGENTE;; ;N;S;;ME;6.V10-2.0;N;N
0000124963;0000124963;CONDUTOR PELE 1,0MM ESPESS.C/RANHURA V P/EXP.HUMECA/ZIMMER EXPANSAO 1:3,0 EST.10UNID.;12032021;F;395928;000;000;395928;0000;0000;CX;UN;1000;000;000;P;EFE;0000124963;20;000;800;10243860057;VIGENTE;; ;N;S;;ME;6.V10-3.0;N;N
0000124964;0000124964;CONDUTOR PELE 1,5MM ESPESS.C/RANHURA V P/EXP.HUMECA/AESCULAP EXPANSAO 1:1,0 EST.10UNID.;12032021;F;506088;000;000;506088;0000;0000;CX;UN;1000;000;000;P;EFE;0000124964;20;000;800;10243860057;VIGENTE;; ;N;S;;ME;6.V15-1.0;N;N
0000124965;0000124965;CONDUTOR PELE 1,5MM ESPESS.C/RANHURA V P/EXP.HUMECA/AESCULAP EXPANSAO 1:1,5 EST.10UNID.;12032021;F;506088;000;000;506088;0000;0000;CX;UN;1000;000;000;P;EFE;0000124965;20;000;800;10243860057;VIGENTE;; ;N;S;;ME;6.V15-1,5;N;N
0000124966;0000124966;CONDUTOR PELE 1,5MM ESPESS.C/RANHURA V P/EXP.HUMECA/AESCULAP EXPANSAO 1:3,0 EST.10UNID.;12032021;F;506088;000;000;506088;0000;0000;CX;UN;1000;000;000;P;EFE;0000124966;20;000;800;10243860057;VIGENTE;; ;N;S;;ME;6.V15-3.0;N;N
0000320757;0000320757;CONECTOR C/VALVULA EXALATORIA WHISPER SWIVEL (70056);24022021;F;20400;000;000;0000;0000;0000;ENV;UN;100;000;000;A;NEWMED;0000320757;20;000;200;80171530107;VIGENTE;; ;N;N;100914241;MC;28CVEW;N;N
0000301419;0000301419;CONECTOR T P/NEBULIZACAO HUDSON 22X18X22MM;10032021;F;2890;000;000;0000;0000;0000;PCT;UN;100;000;000;A;CNPH;0000301419;20;000;200;10342609002;VIGENTE;; ;N;N;;MC;1639;N;N
0000320026;0000320026;CONECTOR Y CARILEX;22122020;F;21230;000;000;0000;0000;0000;CX;UN;100;000;000;A;VIDE BULA;0000320026;20;000;000;80311980001;VIGENTE;; ;N;N;100902170;ME;S1001-8200;N;N
0000260320;0000260320;CONEXAO P/ADM.SOL.POLI-HART 2 RLL VALVULADO;10032021;F;26538;000;000;0000;0000;0000;CX;UN;100;000;000;P;HARTMANN;0000260320;20;000;000;10104480042;VIGENTE;7892905442114; ;N;N;;MC;421.148;N;N
0000277165;0000277165;CONFILIFY 10MG 10CPDS;30062020;V;4743;6557;000;4743;6557;0000;CX;CPDS;1000;000;000;A;SANDOZ;0000277165;50;000;000;1004705900061;31052021;7897595627070;+;N;S;90350600;  ;;N;N
0000277161;0000277161;CONFILIFY 10MG 30CPDS;30062020;V;14702;20325;000;4901;6775;0000;CX;CPDS;3000;000;000;A;SANDOZ;0000277161;50;000;000;1004705900027;31052021;7897595627087;+;N;S;90350561;  ;;N;N
0000277166;0000277166;CONFILIFY 15MG 10CPDS;30062020;V;13163;18197;000;13163;18197;0000;CX;CPDS;1000;000;000;A;SANDOZ;0000277166;50;000;000;1004705900051;31052021;7897595627094;+;N;S;90350618;  ;;N;N
0000277162;0000277162;CONFILIFY 15MG 30CPDS;30062020;V;39307;54340;000;13102;18113;0000;CX;CPDS;3000;000;000;A;SANDOZ;0000277162;50;000;000;1004705900019;31052021;7897595627100;+;N;S;90350570;  ;;N;N
0000277167;0000277167;CONFILIFY 20MG 10CPDS;30062020;V;41321;57124;000;41321;57124;0000;CX;CPDS;1000;000;000;A;SANDOZ;0000277167;50;000;000;1004705900078;31052021;7897595633521;+;N;S;90350626;  ;;N;N
0000277163;0000277163;CONFILIFY 20MG 30CPDS;30062020;V;50096;69255;000;16699;23085;0000;CX;CPDS;3000;000;000;A;SANDOZ;0000277163;50;000;000;1004705900035;31052021;7897595627124;+;N;S;90350588;  ;;N;N
0000277168;0000277168;CONFILIFY 30MG 10CPDS;30062020;V;61982;85686;000;61982;85686;0000;CX;CPDS;1000;000;000;A;SANDOZ;0000277168;50;000;000;1004705900086;31052021;7897595633538;+;N;S;90350634;  ;;N;N
0000277164;0000277164;CONFILIFY 30MG 30CPDS;30062020;V;77241;106781;000;25747;35594;0000;CX;CPDS;3000;000;000;A;SANDOZ;0000277164;50;000;000;1004705900043;31052021;7897595627131;+;N;S;90350596;  ;;N;N
0000263664;0000263664;CONIDRIN 3% 30MG/ML SOL.NAS.60ML;30062020;V;1546;2060;000;0000;0000;0000;CX;FR;100;000;000;A;UNIAO QUIMICA;0000263664;50;000;000;1049713830024;31072020;7896006212102;-;N;N;90324072;  ;;N;N
0000320959;0000320959;CONJUNTO BARIATRICA BY PASS MARLEX 1;05032021;F;2757000;000;000;0000;0000;0000;BL;CNJ;100;000;000;A;MARLEX;0000320959;20;000;000;80343590003;08102028;; ;N;N;;ME;KIT1BP7N;N;N
0000320961;0000320961;CONJUNTO BARIATRICA BY PASS MARLEX 2;05032021;F;2757000;000;000;0000;0000;0000;BL;CNJ;100;000;000;A;MARLEX;0000320961;20;000;000;80343590003;08102028;; ;N;N;;ME;KIT2BP6L/KIT2BP7L/KIT2BP7N/KIT2BP8L/KIT3BP7N;N;N
0000320963;0000320963;CONJUNTO BARIATRICA SLEEVE MARLEX;05032021;F;2757000;000;000;0000;0000;0000;BL;CNJ;100;000;000;A;MARLEX;0000320963;20;000;000;80343590003;08102028;; ;N;N;;ME;KIT2SL7N;N;N
0000314366;0000314366;CONJUNTO CATETER PERCUTANEO C/INTRODUTOR PICC BLENTA 1,9FRX50CM;29042020;F;186020;000;000;0000;0000;0000;CX;CNJ;100;000;000;A;TOTAL MEDICAL BRASIL;0000314366;20;000;000;81158510034;23122029;7898626113227; ;N;N;100889204;ME;5004.19.50-1;N;N
0000314367;0000314367;CONJUNTO CATETER PERCUTANEO C/INTRODUTOR PICC BLENTA 2,0FRX30CM;29042020;F;186020;000;000;0000;0000;0000;CX;CNJ;100;000;000;A;TOTAL MEDICAL BRASIL;0000314367;20;000;000;81158510034;23122029;7898626113241; ;N;N;100889204;ME;5004.02.30-1;N;N
0000314368;0000314368;CONJUNTO CATETER PERCUTANEO C/INTRODUTOR PICC BLENTA 3,0FRX50CM;29042020;F;186020;000;000;0000;0000;0000;CX;CNJ;100;000;000;A;TOTAL MEDICAL BRASIL;0000314368;20;000;000;81158510034;23122029;7898626113258; ;N;N;100889204;ME;5004.03.50-1;N;N
0000315234;0000315234;CONJUNTO DESC.CIRCULACAO ASSISTIDA TR8;30062020;F;7800;000;000;0000;0000;0000;CX;UN;100;000;000;A;FORTECARE;0000315234;20;000;000;80463910074;VIGENTE;7898934814687; ;N;N;100887279;MC;CONJ052100;N;N
0000317615;0000317615;CONJUNTO EQUIPO CHEMOSET ARISURE ADMINISTRATION SET 0,2UM.;23092020;F;103721;000;000;0000;0000;0000;TYV;UN;100;000;000;A;BMR MEDICAL;0000317615;20;000;000;80299880178;VIGENTE;; ;N;N;100902120;ME;6.21.100001;N;N
0000314025;0000314025;CONVIVANCE 450+50MG 30CPDS REV.;19062020;V;5189;6913;000;1730;2304;0000;CX;CPDS;3000;000;000;A;SANOFI MEDLEY;0000314025;50;000;000;1832604040010;31102029;7896422520607;-;N;S;90473000;  ;;N;N
0000314026;0000314026;CONVIVANCE 450+50MG 60CPDS REV.;19062020;V;8862;11807;000;1477;1968;0000;CX;CPDS;6000;000;000;A;SANOFI MEDLEY;0000314026;50;000;000;1832604040029;31102029;7896422520621;-;N;S;90473027;  ;;N;N
0000314027;0000314027;CONVIVANCE 900+100MG 30CPDS REV.;19062020;V;7361;9807;000;2454;3269;0000;CX;CPDS;3000;000;000;A;SANOFI MEDLEY;0000314027;50;000;000;1832604040037;31102029;7896422520645;-;N;S;90473019;  ;;N;N
0000314028;0000314028;CONVIVANCE 900+100MG 60CPDS REV.;19062020;V;14723;19616;000;2454;3269;0000;CX;CPDS;6000;000;000;A;SANOFI MEDLEY;0000314028;50;000;000;1832604040045;31102029;7896422520638;-;N;S;90472993;  ;;N;N
0000296886;0000296886;COPAXONE 40MG/ML INJ.12SER.PREENC.1ML;19062020;V;448084;619450;000;373403;516208;0000;CX;SER;1200;000;000;A;TEVA;0000296886;50;000;000;1557300010045;31102021;7898587900256;+;N;S;90414942;  ;;N;N
0000268087;0000268087;COREG 12,5MG 14CPDS;03072020;V;5207;7198;000;3719;5141;0000;CX;CPDS;1400;000;000;A;ROCHE;0000268087;50;000;000;1010006430093;30102020;7896226502144;+;N;S;90184262;  ;;N;N
0000268088;0000268088;COREG 25MG 14CPDS;03072020;V;5840;8073;000;4171;5766;0000;CX;CPDS;1400;000;000;A;ROCHE;0000268088;50;000;000;1010006430131;30102020;7896226502595;+;N;S;90184270;  ;;N;N
0000268089;0000268089;COREG 6,25MG 14CPDS;03072020;V;4678;6467;000;3341;4619;0000;CX;CPDS;1400;000;000;A;ROCHE;0000268089;50;000;000;1010006430050;30102020;7896226502137;+;N;S;90184297;  ;;N;N
0000296313;0000296313;CORTIGEN 10MG/G CRM.DERM.20G;30062020;V;1286;1713;000;0643;0857;0000;BG;GRS;2000;000;000;A;UNIAO QUIMICA;0000296313;50;000;000;1049714040019;10072022;7896006214557;-;N;S;90387244;  ;;N;N
0000280216;0000280216;COTELLIC 20MG 63CPDSD REV;03072020;V;1793770;2389855;000;284725;379342;0000;BL;CPDS;6300;000;000;A;ROCHE;0000280216;50;000;000;1010006620011;30052021;7896226506999;-;N;S;90363949;  ;;N;N
0000251446;0000251446;CRAVOSAN GEL 5% 20G;30062020;F;2071;000;000;1036;0000;0000;BG;GR;2000;000;000;A;UNIAO QUIMICA;0000251446;50;000;000;ISENTO;;7896006214229;-;N;S;;  ;;N;N
0000289613;0000289613;CREAFORT 300G;29042020;F;20300;000;000;0000;0000;0000;PT;GRS;30000;000;000;A;VITAFOR;0000289613;50;000;000;ISENTO;;7898943044136; ;N;N;;  ;;N;S
0000289612;0000289612;CREAFORT 30SACH.3G;29042020;F;10000;000;000;3333;0000;0000;CX;SACH;3000;000;000;A;VITAFOR;0000289612;50;000;000;ISENTO;;7898943044242; ;N;S;;  ;;N;S
0000244115;0000244115;CREME HYDRAGE 10% UREIA 100G;07032014;F;4900;000;000;0000;0000;0000;BG;GRS;10000;000;000;A;HELIANTO;0000244115;20;000;000;80225200029;01042025;789890934487; ;N;N;100901239;MC;;N;N
0000313280;0000313280;CRESEMBA 100MG 14CAPS.DURA;30062020;F;374531;000;000;267522;0000;0000;CX;CAPS;1400;000;000;A;UNITED MEDICAL;0000313280;50;000;000;1257600310010;31102029;7898054580080;-;N;S;90477006;  ;;N;N
0000313281;0000313281;CRESEMBA 200MG PO LIOF.SOL.INFUS.1FA;30062020;F;142115;000;000;0000;0000;0000;CX;FA;100;000;000;A;UNITED MEDICAL;0000313281;50;000;000;1257600300015;30102024;7898054580097;-;N;N;90476999;  ;;N;N
0000253729;0000253729;CUORE 75MG 14CPDS REV.;01072017;V;1779;2459;000;1271;1756;0000;CX;CPDS;1400;000;000;A;SIGMA PHARMA;0000253729;50;000;000;1356906160014;28022021;7894916133005;+;N;S;90322410;  ;;N;N
0000253730;0000253730;CUORE 75MG 28CPDS REV.;04072017;V;3558;4919;000;1271;1757;0000;CX;CPDS;2800;000;000;A;SIGMA PHARMA;0000253730;50;000;000;1356906160022;28022021;7894916133043;+;N;S;90322428;  ;;N;N
0000318225;0000318225;CURATIVO ADVAZORB AREOLA PROTETOR POS OPERATORIO 10UNID.;20102020;F;292000;000;000;292000;0000;0000;CX;UN;1000;000;000;A;SANOVIE;0000318225;20;000;000;80301139002;VIGENTE;; ;N;S;100902154;ME;CR4490;N;N
0000317575;0000317575;CURATIVO BIATAIN SILICONE AG 10X10CM;22092020;F;21184;000;000;0000;0000;0000;CX;UN;100;000;000;A;COLOPLAST WOUND;0000317575;20;000;000;10430310147;02122029;; ;N;N;100883311;MC;39637;N;N
0000317576;0000317576;CURATIVO BIATAIN SILICONE AG 12,5X12,5CM;22092020;F;31776;000;000;0000;0000;0000;CX;UN;100;000;000;A;COLOPLAST WOUND;0000317576;20;000;000;10430310147;02122029;; ;N;N;100883311;MC;39638;N;N
0000317577;0000317577;CURATIVO BIATAIN SILICONE AG 15X15CM;22092020;F;47486;000;000;0000;0000;0000;CX;UN;100;000;000;A;COLOPLAST WOUND;0000317577;20;000;000;10430310147;02122029;; ;N;N;100883311;MC;39639;N;N
0000317578;0000317578;CURATIVO BIATAIN SILICONE AG 17,5X17,5CM;22092020;F;56410;000;000;0000;0000;0000;CX;UN;100;000;000;A;COLOPLAST WOUND;0000317578;20;000;000;10430310147;02122029;; ;N;N;100883311;MC;39640;N;N
0000317574;0000317574;CURATIVO BIATAIN SILICONE AG 7,5X7,5CM;22092020;F;13240;000;000;0000;0000;0000;CX;UN;100;000;000;A;COLOPLAST WOUND;0000317574;20;000;000;10430310147;02122029;; ;N;N;100883311;MC;39636;N;N
0000317836;0000317836;CURATIVO ENDONASAL DEGRADAVEL HEMOSTATICO NEXPAK X;29092020;F;240000;000;000;0000;0000;0000;CX;ENV;100;000;000;A;DANIALEX CIRURGICO;0000317836;20;000;000;80320680092;VIGENTE;; ;N;N;100914675;ME;9115536;N;N
0000317837;0000317837;CURATIVO ENDONASAL DEGRADAVEL HEMOSTATICO NEXPAK XL;29092020;F;290000;000;000;0000;0000;0000;CX;ENV;100;000;000;A;DANIALEX CIRURGICO;0000317837;20;000;000;80320680092;VIGENTE;; ;N;N;100914675;ME;9115016;N;N
0000314348;0000314348;CURATIVO ESPUMA POLIURETANO C/CAM.SILIC.ADVAZORB S.BORDER  20X20CM 10UNID.(EMB.INDIV.);16122020;F;320000;000;000;320000;0000;0000;CX;UN;1000;000;000;A;SANOVIE;0000314348;20;000;000;80301130046;VIGENTE;; ;N;S;100893570;MC;CR4195;N;N
0000314344;0000314344;CURATIVO ESPUMA POLIURETANO C/CAM.SILIC.ADVAZORB S.BORDER 10X10CM 10UNID.(EMB.INDIV.);16122020;F;210000;000;000;210000;0000;0000;CX;UN;1000;000;000;A;SANOVIE;0000314344;20;000;000;80301130046;VIGENTE;; ;N;S;100893570;MC;CR4191;N;N
0000314345;0000314345;CURATIVO ESPUMA POLIURETANO C/CAM.SILIC.ADVAZORB S.BORDER 10X20CM 10UNID.(EMB.INDIV.);16122020;F;290000;000;000;290000;0000;0000;CX;UN;1000;000;000;A;SANOVIE;0000314345;20;000;000;80301130046;VIGENTE;; ;N;S;100893570;MC;CR4194;N;N
0000314349;0000314349;CURATIVO ESPUMA POLIURETANO C/CAM.SILIC.ADVAZORB S.BORDER 10X30CM 10UNID.(EMB.INDIV.);16122020;F;310000;000;000;310000;0000;0000;CX;UN;1000;000;000;A;SANOVIE;0000314349;20;000;000;80301130046;VIGENTE;; ;N;S;100893570;MC;CR4196;N;N
0000314346;0000314346;CURATIVO ESPUMA POLIURETANO C/CAM.SILIC.ADVAZORB S.BORDER 12,5X12,5CM 10UNID.(EMB.INDIV.);16122020;F;250000;000;000;250000;0000;0000;CX;UN;1000;000;000;A;SANOVIE;0000314346;20;000;000;80301130046;VIGENTE;; ;N;S;100893570;MC;CR4192;N;N
0000314347;0000314347;CURATIVO ESPUMA POLIURETANO C/CAM.SILIC.ADVAZORB S.BORDER 15X15CM 10UNID.(EMB.INDIV.);16122020;F;295000;000;000;295000;0000;0000;CX;UN;1000;000;000;A;SANOVIE;0000314347;20;000;000;80301130046;VIGENTE;; ;N;S;100893570;MC;CR4193;N;N
0000314343;0000314343;CURATIVO ESPUMA POLIURETANO C/CAM.SILIC.ADVAZORB S.BORDER 7,5X7,5CM 10UNID.(EMB.INDIV.);16122020;F;190000;000;000;190000;0000;0000;CX;UN;1000;000;000;A;SANOVIE;0000314343;20;000;000;80301130046;VIGENTE;; ;N;S;100893570;MC;CR4190;N;N
0000314351;0000314351;CURATIVO ESPUMA POLIURETANO C/CAM.SILIC.ADVAZORB S.BORDER LT 10X10CM 10UNID.(EMB.INDIV.);28042020;F;53450;000;000;53450;0000;0000;CX;UN;1000;000;000;A;SANOVIE;0000314351;20;000;000;80301130046;VIGENTE;; ;N;S;100893570;MC;CR4198;N;N
0000314352;0000314352;CURATIVO ESPUMA POLIURETANO C/CAM.SILIC.ADVAZORB S.BORDER LT 10X20CM 10UNID.(EMB.INDIV.);28042020;F;58625;000;000;58625;0000;0000;CX;UN;1000;000;000;A;SANOVIE;0000314352;20;000;000;80301130046;VIGENTE;; ;N;S;100893570;MC;CR4201;N;N
0000314356;0000314356;CURATIVO ESPUMA POLIURETANO C/CAM.SILIC.ADVAZORB S.BORDER LT 10X30CM 10UNID.(EMB.INDIV.);28042020;F;97725;000;000;97725;0000;0000;CX;UN;1000;000;000;A;SANOVIE;0000314356;20;000;000;80301130046;VIGENTE;; ;N;S;100893570;MC;CR4203;N;N
0000314353;0000314353;CURATIVO ESPUMA POLIURETANO C/CAM.SILIC.ADVAZORB S.BORDER LT 12,5X12,5CM 10UNID.(EMB.INDIV.);28042020;F;82200;000;000;82200;0000;0000;CX;UN;1000;000;000;A;SANOVIE;0000314353;20;000;000;80301130046;VIGENTE;; ;N;S;100893570;MC;CR4199;N;N
0000314354;0000314354;CURATIVO ESPUMA POLIURETANO C/CAM.SILIC.ADVAZORB S.BORDER LT 15X15CM 10UNID.(EMB.INDIV.);28042020;F;74725;000;000;74725;0000;0000;CX;UN;1000;000;000;A;SANOVIE;0000314354;20;000;000;80301130046;VIGENTE;; ;N;S;100893570;MC;CR4200;N;N
0000314355;0000314355;CURATIVO ESPUMA POLIURETANO C/CAM.SILIC.ADVAZORB S.BORDER LT 20X20CM 10UNID.(EMB.INDIV.);28042020;F;116700;000;000;116700;0000;0000;CX;UN;1000;000;000;A;SANOVIE;0000314355;20;000;000;80301130046;VIGENTE;; ;N;S;100893570;MC;CR4202;N;N
0000314350;0000314350;CURATIVO ESPUMA POLIURETANO C/CAM.SILIC.ADVAZORB S.BORDER LT 7,5X7,5CM 10UNID.(EMB.INDIV.);28042020;F;44275;000;000;44275;0000;0000;CX;UN;1000;000;000;A;SANOVIE;0000314350;20;000;000;80301130046;VIGENTE;; ;N;S;100893570;MC;CR4197;N;N
0000319930;0000319930;CURATIVO ESPUMA POLIURETANO C/CAM.SILIC.ADVAZORB S.BORDER SACRAL 17X19CM 10UNID.(EMB.INDIV.);16122020;F;390000;000;000;390000;0000;0000;CX;UN;1000;000;000;A;SANOVIE;0000319930;20;000;000;80301130046;VIGENTE;; ;N;S;100893570;MC;CR4401;N;N
0000319931;0000319931;CURATIVO ESPUMA POLIURETANO C/CAM.SILIC.ADVAZORB S.BORDER SACRAL 22X23CM 10UNID.(EMB.INDIV.);16122020;F;430000;000;000;430000;0000;0000;CX;UN;1000;000;000;A;SANOVIE;0000319931;20;000;000;80301130046;VIGENTE;; ;N;S;100893570;MC;CR4402;N;N
0000314588;0000314588;CURATIVO NASAL DISSOLVIVEL SINU KNIT 9,0CM COMPOSTO C/CMC 12UNID.;05052020;F;350000;000;000;291667;0000;0000;CX;UN;1200;000;000;A;SMITH & NEPHEW;0000314588;20;000;000;80804050277;VIGENTE;; ;N;S;100888259;MC;RR 600;N;N
0000314480;0000314480;CURATIVO SANODERME FILME TRANSPARENTE 10CMX05MT;05052020;F;75447;000;000;0000;0000;0000;CX;ROL;100;000;000;A;SANOVIE;0000314480;20;000;000;80301130047;VIGENTE;; ;N;N;100893589;MC;SD-105;N;N
0000314481;0000314481;CURATIVO SANODERME FILME TRANSPARENTE 15CMX05MT;05052020;F;94984;000;000;0000;0000;0000;CX;ROL;100;000;000;A;SANOVIE;0000314481;20;000;000;80301130047;VIGENTE;; ;N;N;100893589;MC;SD-155;N;N
0000314479;0000314479;CURATIVO SANODERME FILME TRANSPARENTE 5CMX05MT;05052020;F;55911;000;000;0000;0000;0000;CX;ROL;100;000;000;A;SANOVIE;0000314479;20;000;000;80301130047;VIGENTE;; ;N;N;100893589;MC;SD-55;N;N
0000241579;0000241579;CYMBI 30MG 30CAPS GEL.DURA MICROG.LIB.RETARD;07072020;V;6150;8502;000;2050;2834;0000;CX;CAPS;3000;000;000;A;SIGMA PHARMA;0000241579;50;000;000;1356906650038;31072023;7894916509343;+;N;S;90290550;  ;;N;N
0000269358;0000269358;CYMBI 30MG 60CAPS DURA LIB.RETARD.;07072020;V;10411;14393;000;1735;2399;0000;CX;CAPS;6000;000;000;A;SIGMA PHARMA;0000269358;50;000;000;1356906650046;31072023;7894916512015;+;N;S;90343450;  ;;N;N
0000241574;0000241574;CYMBI 30MG 7CAPS GEL.DURA MICROG.LIB.RETARD.;01042017;V;1314;1817;000;1877;2596;0000;CX;CAPS;700;000;000;A;SIGMA PHARMA;0000241574;50;000;000;1356906650011;31072023;7894916509794;+;N;S;90290542;  ;;N;N
0000241581;0000241581;CYMBI 60MG 30CAPS GEL.DURA MICROG.LIB.RETARD.;07072020;V;11571;15996;000;3857;5332;0000;CX;CAPS;3000;000;000;A;SIGMA PHARMA;0000241581;50;000;000;1356906650089;31072023;7894916509350;+;N;S;90290569;  ;;N;N
0000269359;0000269359;CYMBI 60MG 60CAPS DURA LIB.RETARD.;07072020;V;19587;27078;000;3265;4513;0000;CX;CAPS;6000;000;000;A;SIGMA PHARMA;0000269359;50;000;000;1356906650097;31072023;7894916512008;+;N;S;90343468;  ;;N;N
0000320096;0000320096;D3CAPS 10000UI 4CAPS MOLE;05012021;V;1500;1998;000;3750;4995;0000;CX;CAPS;400;000;000;A;UNIAO QUIMICA;0000320096;50;000;000;1049714390109;30042030;7896006218401;-;N;S;90470036;  ;;N;N
0000320097;0000320097;D3CAPS 10000UI 8CAPS MOLE;05012021;V;2282;3040;000;2853;3800;0000;CX;CAPS;800;000;000;A;UNIAO QUIMICA;0000320097;50;000;000;1049714390192;30042030;7896006218418;-;N;S;90470052;  ;;N;N
0000320098;0000320098;D3CAPS 50000UI 4CAPS MOLE;05012021;V;2927;3900;000;7318;9750;0000;CX;CAPS;400;000;000;A;UNIAO QUIMICA;0000320098;50;000;000;1049714390117;30042030;7896006218425;-;N;S;90470044;  ;;N;N
0000320099;0000320099;D3CAPS 50000UI 8CAPS MOLE;05012021;V;5629;7500;000;7036;9375;0000;CX;CAPS;800;000;000;A;UNIAO QUIMICA;0000320099;50;000;000;1049714390206;30042030;7896006218432;-;N;S;90470060;  ;;N;N
0000320101;0000320101;D3CAPS 7000UI 30CAPS MOLE;05012021;V;3700;4930;000;1233;1643;0000;CX;CAPS;3000;000;000;A;UNIAO QUIMICA;0000320101;50;000;000;1049714390095;30042030;7896006218395;-;N;S;90470028;  ;;N;N
0000318416;0000318416;D3CAPS 7000UI 4CAPS MOLE;01112020;V;1704;2270;000;4260;5675;0000;CX;CAPS;400;000;000;A;UNIAO QUIMICA;0000318416;50;000;000;1049714390079;30042030;7896006218357;-;N;S;90482131;  ;;N;N
0000320100;0000320100;D3CAPS 7000UI 8CAPS MOLE;05012021;V;1400;1865;000;1750;2331;0000;CX;CAPS;800;000;000;A;UNIAO QUIMICA;0000320100;50;000;000;1049714390087;30042030;7896006218388;-;N;S;90470010;  ;;N;N
0000306762;0000306762;DAFLON 900+100MG 10CPDS REV.;03072020;V;3411;4545;000;3411;4545;0000;CX;CPDS;1000;000;000;A;SERVIER;0000306762;50;000;000;1127800030048;31052029;7898029551824;-;N;S;90287282;  ;;N;N
0000242043;0000242043;DAFLON 900+100MG 30CPDS REV.;03072020;V;10239;13642;000;3413;4547;0000;CX;CPDS;3000;000;000;A;SERVIER;0000242043;50;000;000;1127800030064;31052029;7898029551848;-;N;S;90287304;  ;;N;N
0000269566;0000269566;DAFLON 900+100MG 60CPDS REV.;03072020;V;18304;24387;000;3051;4065;0000;CX;CPDS;6000;000;000;A;SERVIER;0000269566;50;000;000;1127800030072;31052029;7898029551855;-;N;S;90287312;  ;;N;N
0000315265;0000315265;DAFLON FLEX 900+100MG SUSP.ORAL 10ENV.;03072020;V;3411;4545;000;3411;4545;0000;CX;ENV;1000;000;000;A;SERVIER;0000315265;50;000;000;1127800030129;31052029;7898029550759;-;N;S;90412800;  ;;N;N
0000308839;0000308839;DAFLON FLEX 900+100MG SUSP.ORAL 60ENV.;03072020;V;10239;13642;000;1707;2274;0000;CX;ENV;6000;000;000;A;SERVIER;0000308839;50;000;000;1127800030145;31052029;7898029550766;-;N;S;90412796;  ;;N;N
0000269550;0000269550;DALI 20MG 2CPDS REV.;30062020;V;3683;5092;000;18415;25460;0000;CX;CPDS;200;000;000;A;SUPERA;0000269550;50;000;000;1037202430124;30042020;7899420504112;+;N;S;90329899;  ;;N;N
0000269551;0000269551;DALI 5MG 30CPDS REV.;30062020;V;14528;20084;000;4843;6695;0000;CX;CPDS;3000;000;000;A;SUPERA;0000269551;50;000;000;1037202430078;30042020;7899420504051;+;N;S;90329902;  ;;N;N
0000242105;0000242105;DALYNE 3+0,03MG 63CPDS REV.;07072020;V;9950;13755;000;0000;0000;0000;CX;CPDS;6300;000;000;A;SIGMA PHARMA;0000242105;50;000;000;1356906820014;31102021;7894916509831;+;N;N;90386086;  ;;N;N
0000274172;0000274172;DEBET 16MG 20CPDS;30062020;V;1095;1459;000;0548;0730;0000;CX;CPDS;2000;000;000;A;SUPERA;0000274172;50;000;000;1037202600089;30112020;7899420506406;-;N;S;90357051;  ;;N;N
0000274173;0000274173;DEBET 16MG 30CPDS;30062020;V;1733;2309;000;0578;0770;0000;CX;CPDS;3000;000;000;A;SUPERA;0000274173;50;000;000;1037202600097;30112020;7899420502811;-;N;S;90357043;  ;;N;N
0000274174;0000274174;DEBET 24MG 20CPDS;30062020;V;1467;1954;000;0734;0977;0000;CX;CPDS;2000;000;000;A;SUPERA;0000274174;50;000;000;1037202600135;30112020;7899420502842;-;N;S;90357027;  ;;N;N
0000274175;0000274175;DEBET 24MG 30CPDS;30062020;V;2420;3224;000;0807;1075;0000;CX;CPDS;3000;000;000;A;SUPERA;0000274175;50;000;000;1037202600143;30112020;7899420502859;-;N;S;90357019;  ;;N;N
0000317145;0000317145;DECITABINA 50MG/ML SOL.INJ.20ML+DIL.10ML;01092020;F;358880;000;000;179440;0000;0000;FR;ML;2000;000;000;A;SUN FARMACEUTICA;0000317145;50;000;000;1468200690019;31102028;7898272945678;+;N;S;90470206;  ;;S;N
0000307041;0000307041;DEFERASIROX 125MG 28CPDS DISPERSIVEL;26062020;F;53832;000;000;19226;0000;0000;CX;CPDS;2800;000;000;A;PRATI-DONADUZZI;0000307041;50;000;000;1256802780011;30042029;7899547527568;+;N;S;90437187;  ;;S;N
0000307042;0000307042;DEFERASIROX 250MG 28CPDS DISPERSIVEL;26062020;F;107666;000;000;38452;0000;0000;CX;CPDS;2800;000;000;A;PRATI-DONADUZZI;0000307042;50;000;000;1256802780125;30042029;7899547527599;+;N;S;90437403;  ;;S;N
0000307043;0000307043;DEFERASIROX 500MG 28CPDS DISPERSIVEL;14012021;V;38500;53224;000;13750;19009;0000;CX;CPDS;2800;000;000;A;PRATI-DONADUZZI;0000307043;50;000;000;1256802780222;30042029;7899547527629;+;N;S;90437292;  ;;S;N
0000311768;0000311768;DEFITELIO 80MG/ML SOL.DIL.INFUS.10FA 2,5ML;27062020;F;2574205;000;000;2574205;0000;0000;CX;FA;1000;000;000;A;ZODIAC;0000311768;50;000;000;1221401100015;31032024;7892953003596;-;N;S;90456874;  ;;N;N
0000308972;0000308972;DEFLAIMMUN 30MG BL.AL.PLAS.OPC.10CPDS;07072020;V;6678;9232;000;6678;9232;0000;CX;CPDS;1000;000;000;A;SIGMA PHARMA;0000308972;50;000;000;1356905940318;31012023;;+;N;S;90441915;  ;;N;N
0000308971;0000308971;DEFLAIMMUN 6MG BL.AL.PLAS.OPC.20CPDS;07072020;V;2877;3977;000;1439;1989;0000;CX;CPDS;2000;000;000;A;SIGMA PHARMA;0000308971;50;000;000;1356905940245;31012023;;+;N;S;90434099;  ;;N;N
0000311694;0000311694;DEFORCE 1000UI 30CAPS GEL.MOLE;30062020;V;2595;3457;000;0865;1152;0000;CX;CAPS;3000;000;000;A;ZYDUS NIKKHO;0000311694;50;000;000;1565100730053;31032029;7898927563257;-;N;S;90441729;  ;;N;N
0000315192;0000315192;DEFORCE 1000UI 4CAPS GEL.MOLE;30062020;V;469;625;000;1173;1563;0000;CX;CAPS;400;000;000;A;ZYDUS NIKKHO;0000315192;50;000;000;1565100730010;31032029;7898927563219;-;N;S;90441737;  ;;N;N
0000256130;0000256130;DEFORCE 120CPDS MASTIGAVEL;05042019;F;3920;000;000;0327;0000;0000;CX;CPDS;12000;000;000;A;ZYDUS NIKKHO;0000256130;50;000;000;ISENTO;;7898940658930; ;N;S;;  ;;N;N
0000311696;0000311696;DEFORCE 5000UI 04CAPS GEL.MOLE;30062020;V;5151;6863;000;12878;17158;0000;CX;CAPS;400;000;000;A;ZYDUS NIKKHO;0000311696;50;000;000;1565100730134;31032029;7898927563356;-;N;S;90441680;  ;;N;N
0000311695;0000311695;DEFORCE 7000UI 08CAPS GEL.MOLE;30062020;V;1701;2266;000;2126;2833;0000;CX;CAPS;800;000;000;A;ZYDUS NIKKHO;0000311695;50;000;000;1565100730088;31032029;7898927563295;-;N;S;90441702;  ;;N;N
0000315193;0000315193;DEFORCE 7000UI 4CAPS GEL.MOLE;30062020;V;3277;4366;000;8193;10915;0000;CX;CAPS;400;000;000;A;ZYDUS NIKKHO;0000315193;50;000;000;1565100730071;31032029;7898927563288;-;N;S;90441710;  ;;N;N
0000240318;0000240318;DEMEDROX 150MG/ML SER.PREENCH.1ML;30062020;V;2859;3952;000;0000;0000;0000;CX;SER;100;000;000;A;UNIAO QUIMICA;0000240318;50;000;000;1049711890054;30112025;7896006206781;+;N;N;90207874;  ;;N;N
0000275288;0000275288;DENGVAXIA 10FA 0,5ML 10DOSES;30062020;V;150039;199898;000;150039;199898;0000;CX;DOSE;1000;000;000;A;SANOFI MEDLEY;0000275288;50;000;000;1832603370025;31122025;3660053323777;-;N;S;90460774;  ;;N;N
0000275287;0000275287;DENGVAXIA 1FA 0,5ML 1DOSE;30062020;V;15003;19989;000;0000;0000;0000;CX;DOSE;100;000;000;A;SANOFI MEDLEY;0000275287;50;000;000;1832603370017;31122025;7891058022990;-;N;N;90460766;  ;;N;N
0000275290;0000275290;DENGVAXIA 5FA 2,5ML 25DOSES;30062020;V;375100;499749;000;150040;199900;0000;CX;DOSE;2500;000;000;A;SANOFI MEDLEY;0000275290;50;000;000;1832603370051;31122025;3660053323531;-;N;S;90460936;  ;;N;N
0000307174;0000307174;DEPURA 1000UI 30CAPS MOLE;30062020;V;3160;4210;000;1053;1403;0000;CX;CAPS;3000;000;000;A;SANOFI MEDLEY;0000307174;50;000;000;1832604580023;31072025;7891058022488;-;N;S;90496132;  ;;N;N
0000266246;0000266246;DEPURA 1000UI 30CPDS REV.;30062020;V;3099;4129;000;1033;1376;0000;CX;CPDS;3000;000;000;A;SANOFI MEDLEY;0000266246;50;000;000;1832604560014;31082025;7891058020071;-;N;S;90496108;  ;;N;N
0000307177;0000307177;DEPURA 2000UI 30CPDS ORODISP.;30062020;V;4106;5470;000;1369;1823;0000;CX;CPDS;3000;000;000;A;SANOFI MEDLEY;0000307177;50;000;000;1832604580112;31072025;7891058022525;-;N;S;90496167;  ;;N;N
0000266247;0000266247;DEPURA 2000UI 30CPDS REV.;30062020;V;4027;5365;000;1342;1788;0000;CX;CPDS;3000;000;000;A;SANOFI MEDLEY;0000266247;50;000;000;1832604560030;31082025;7891058020088;-;N;S;90496116;  ;;N;N
0000261677;0000261677;DEPURA 500 14000UI/ML SOL.ORAL 10ML;01102020;V;5628;7498;000;5628;7498;0000;FR;ML;1000;000;000;A;SANOFI MEDLEY;0000261677;50;000;000;1130011550019;31072025;7891058018627;-;N;S;;  ;;N;N
0000307175;0000307175;DEPURA 50000UI 4CAPS MOLE;30062020;V;9568;12748;000;23920;31870;0000;CX;CAPS;400;000;000;A;SANOFI MEDLEY;0000307175;50;000;000;1832604580104;31072025;7891058022501;-;N;S;90496159;  ;;N;N
0000307176;0000307176;DEPURA 50000UI 4CPDS ORODISP.;30062020;V;9568;12748;000;23920;31870;0000;CX;CPDS;400;000;000;A;SANOFI MEDLEY;0000307176;50;000;000;1832604580171;31072025;7891058022563;-;N;S;90496183;  ;;N;N
0000307173;0000307173;DEPURA 7000UI 8CAPS MOLE;30062020;V;2460;3277;000;3075;4096;0000;CX;CAPS;800;000;000;A;SANOFI MEDLEY;0000307173;50;000;000;1832604580074;31072025;7891058022471;-;N;S;90496140;  ;;N;N
0000307179;0000307179;DEPURA 7000UI 8CPDS ORODISP.;30062020;V;2460;3277;000;3075;4096;0000;CX;CPDS;800;000;000;A;SANOFI MEDLEY;0000307179;50;000;000;1832604580147;31072025;7891058022549;-;N;S;90496175;  ;;N;N
0000266248;0000266248;DEPURA 7000UI 8CPDS REV.;30062020;V;2412;3214;000;3015;4018;0000;CX;CPDS;800;000;000;A;SANOFI MEDLEY;0000266248;50;000;000;1832604560073;31082025;7891058020095;-;N;S;90496124;  ;;N;N
0000269860;0000269860;DERMATOMO ELETRICO D-42 A BATERIA IONS-LITIO;12032021;F;11772432;000;000;0000;0000;0000;EST;UN;100;000;000;P;EFE;0000269860;20;000;800;10243860054;VIGENTE;; ;N;N;;BD;4.D42STS;N;N
0000269861;0000269861;DERMATOMO ELETRICO D-80 A BATERIA IONS-LITIO;12032021;F;12557916;000;000;0000;0000;0000;EST;UN;100;000;000;P;EFE;0000269861;20;000;800;10243860054;VIGENTE;; ;N;N;;BD;4.D80STS;N;N
0000269911;0000269911;DERMATOSCOPIO HEINE DELTA 20T;26032019;F;1055808;000;000;0000;0000;0000;CX;UN;100;000;000;A;EFE;0000269911;20;000;800;10243860062;VIGENTE;; ;N;N;;BD;K-262.10.118;N;N
0000255989;0000255989;DERMAZINE CRM.100G BG;12062020;V;4616;6381;000;0000;0000;0000;BG;GRS;10000;000;000;A;SILVESTRE;0000255989;50;000;000;1183600010214;31082021;7898169080307;+;N;N;90322789;  ;;N;N
0000315434;0000315434;DERMODEX 100000UI/G+200MG/G POM.DERM.15G;07072020;V;1185;1579;000;0000;0000;0000;BG;GRS;1500;000;000;A;TAKEDA;0000315434;50;000;000;1063902600021;31012027;7896016807640;-;N;N;90290666;  ;,;N;N
0000315435;0000315435;DERMODEX 100000UI/G+200MG/G POM.DERM.30G;07072020;V;2373;3162;000;0000;0000;0000;BG;GRS;3000;000;000;A;TAKEDA;0000315435;50;000;000;1063902600031;31012027;7896016801921;-;N;N;90290674;  ;,;N;N
0000272531;0000272531;DESLIN 5MG 10CPDS REV.;30062020;V;3187;4246;000;3187;4246;0000;CX;CPDS;1000;000;000;A;ZYDUS NIKKHO;0000272531;50;000;000;1565100580019;30042021;7898940658312;-;N;S;90355946;  ;;N;N
0000286455;0000286455;DESLIN 5MG 30CPDS REV.;30062020;V;6281;8368;000;2094;2789;0000;CX;CPDS;3000;000;000;A;ZYDUS NIKKHO;0000286455;50;000;000;1565100580027;30042021;7898927563066;-;N;S;90387597;  ;;N;N
0000286453;0000286453;DESLIN 5MG 4CPDS REV.;30062020;V;1393;1856;000;3483;4640;0000;CX;CPDS;400;000;000;A;ZYDUS NIKKHO;0000286453;50;000;000;1565100580043;30042021;7898910350185;-;N;S;90387589;  ;;N;N
0000272721;0000272721;DESLORATADINA 0,5MG/ML XPE 100ML+SER.DOS.;26062020;V;4449;5927;000;0445;0593;0000;FR;ML;10000;000;000;A;PRATI-DONADUZZI;0000272721;50;000;000;1256802180063;30092020;7899547505122;-;N;S;90179684;  ;;S;N
0000269569;0000269569;DESLORATADINA 5MG 10CPDS REV.;30062020;V;2315;3084;000;2315;3084;0000;CX;CPDS;1000;000;000;A;ZYDUS NIKKHO;0000269569;50;000;000;1565100560018;31122020;7898940658527;-;N;S;90343964;  ;;S;N
0000271767;0000271767;DESLORATADINA 5MG 10CPDS REV.;30062020;V;2628;3501;000;2628;3501;0000;CX;CPDS;1000;000;000;A;SANDOZ;0000271767;50;000;000;1004705350061;31032025;7897595620118;-;N;S;90310519;  ;;S;N
0000310680;0000310680;DESOGESTREL 0,075MG 28CPDS REV.;30062020;V;2063;2852;000;0737;1019;0000;CX;CPDS;2800;000;000;A;UNIAO QUIMICA;0000310680;50;000;000;1049714340012;31082029;7896006231103;+;N;S;90455550;  ;;S;N
0000297268;0000297268;DESOGESTREL 0,075MG 56CPDS REV.;30062020;V;2996;4142;000;0535;0740;0000;CX;CPDS;5600;000;000;A;SANDOZ;0000297268;50;000;000;1004705170029;30062022;7897595620323;+;N;S;90380649;  ;;S;N
0000315255;0000315255;DESOGESTREL 0,075MG 56CPDS REV.;05012021;V;4218;5831;000;0753;1041;0000;CX;CPDS;5600;000;000;A;UNIAO QUIMICA;0000315255;50;000;000;1049714340039;31082029;7896006231110;+;N;S;90446100;  ;;S;N
0000277151;0000277151;DESOGESTREL 0,075MG 84CPDS REV.;30062020;V;5060;6995;000;0602;0833;0000;CX;CPDS;8400;000;000;A;SANDOZ;0000277151;50;000;000;1004705170037;30062022;7897595620354;+;N;S;90350456;  ;;S;N
0000310681;0000310681;DESOGESTREL 0,075MG 84CPDS REV.;30062020;V;4954;6849;000;0590;0815;0000;CX;CPDS;8400;000;000;A;UNIAO QUIMICA;0000310681;50;000;000;1049714340020;31082029;7896006231127;+;N;S;90455568;  ;;S;N
0000256432;0000256432;DESONOL 0,5MG/G CRM.DERM.30G;19062020;V;2383;3175;000;0794;1058;0000;BG;GRS;3000;000;000;A;SANOFI MEDLEY;0000256432;50;000;000;1832600530013;28022025;7896422500111;-;N;S;90352840;  ;;N;N
0000315368;0000315368;DEVALY LP 500MG 30CPDS REV.LIB.PROL.;07072020;V;7737;10696;000;2579;3565;0000;CX;CPDS;3000;000;000;A;SUN FARMACEUTICA;0000315368;50;000;000;1468200750054;31032029;7898272945265;+;N;S;90434170;  ;;N;N
0000314609;0000314609;DEXA-CITONEURIN NFF 100+100MG/ML 5+4,37MG SOL.INJ.IM 1AMP.1ML+1AMP.2ML;12062020;V;1008;1343;000;0000;0000;0000;CX;AMP;200;000;000;A;PROCTER;0000314609;50;000;000;1214206700014;31012024;;-;N;N;90471318;  ;;N;N
0000314610;0000314610;DEXA-CITONEURIN NFF 100+100MG/ML 5+4,37MG SOL.INJ.IM 3AMP.1ML+3AMP.2ML;12062020;V;3023;4028;000;0000;0000;0000;CX;AMP;600;000;000;A;PROCTER;0000314610;50;000;000;1214206700022;31012024;;-;N;N;90471326;  ;;N;N
0000293215;0000293215;DEXAMETASONA 4MG 200CPDS(EMB.HOSP);23062020;F;17498;000;000;0875;0000;0000;CX;CPDS;20000;000;000;A;TEUTO BRAS;0000293215;50;000;000;1037005520112;31122020;7896112194583;+;S;S;90404220;  ;;S;N
0000172733;0000172733;DEXAMETASONA 4MG 200CPDS(EMB.HOSP.);23062020;F;17498;000;000;0875;0000;0000;CX;CPDS;20000;000;000;A;TEUTO BRAS;0000172733;50;000;000;1037005520023;31122020;7896112155010;+;S;S;90259106;  ;;S;N
0000293239;0000293239;DEXAMETASONA 4MG BL.PLAST.OPC 10CPDS;07072020;V;874;1208;000;0874;1208;0000;CX;CPDS;1000;000;000;A;TEUTO BRAS;0000293239;50;000;000;1037005520104;31122020;7896112194576;+;N;S;90404246;  ;;S;N
0000307280;0000307280;DEXAMETONAL 1MG/G CREME DERM.10G;02052019;V;1020;1410;000;1020;1410;0000;BG;GRS;1000;000;000;A;SANDOZ;0000307280;50;000;000;1004702030031;30062023;7897595620699;+;N;S;90191137;  ;;N;N
0000247574;0000247574;DEXANEURIN SOL.INJ.3AMP 2ML+3AMP 1ML;01092019;V;2473;3419;000;8243;11397;0000;CX;AMP;300;000;000;A;UNIAO QUIMICA;0000247574;50;000;000;1049713510021;31102024;7896006247319;-;N;S;90323920;  ;;N;N
0000276766;0000276766;DEXASON 4MG 250\120 10CPDS;02032021;V;814;1125;000;0814;1125;0000;CX;CPDS;1000;000;000;A;TEUTO BRAS;0000276766;50;000;000;1037000600185;30042024;7896112194651;+;N;S;90362187;  ;;N;N
0000252229;0000252229;DEXASON 4MG PLAST.AMB.10CPDS;07072020;V;731;1011;000;0731;1011;0000;CX;CPDS;1000;000;000;A;TEUTO BRAS;0000252229;50;000;000;1037000600169;30042024;7896112138631;+;N;S;90312139;  ;;N;N
0000311341;0000311341;DEXILANT 30MG 2CAPS GEL.DURA C/MICROGRANULOS LIBERACAO MODIFICADA;07072020;V;470;626;000;2350;3130;0000;CX;CAPS;200;000;000;A;TAKEDA;0000311341;50;000;000;1063902610019;31012022;7896641808968;-;N;S;90265432;  ;;N;N
0000292581;0000292581;DEXILANT 30MG 30CAPS GEL.DURA C/MICROGRANULOS LIBERACAO MODIFICADA;07072020;V;7024;9358;000;2341;3119;0000;CX;CAPS;3000;000;000;A;TAKEDA;0000292581;50;000;000;1063902610035;31012022;7896641808982;-;N;S;90265459;  ;;N;N
0000292582;0000292582;DEXILANT 30MG 60CAPS GEL.DURA C/MICROGRANULOS LIBERACAO MODIFICADA;07072020;V;12771;17015;000;2129;2836;0000;CX;CAPS;6000;000;000;A;TAKEDA;0000292582;50;000;000;1063902610043;31012022;7896641808999;-;N;S;90265467;  ;;N;N
0000311342;0000311342;DEXILANT 60MG 2CAPS GEL.DURA C/MICROGRANULOS LIBERACAO MODIFICADA;07072020;V;470;626;000;2350;3130;0000;CX;CAPS;200;000;000;A;TAKEDA;0000311342;50;000;000;1063902610051;31012022;7896641809002;-;N;S;90265475;  ;;N;N
0000292583;0000292583;DEXILANT 60MG 30CAPS GEL.DURA C/MICROGRANULOS LIBERACAO MODIFICADA;07072020;V;7024;9358;000;2341;3119;0000;CX;CAPS;3000;000;000;A;TAKEDA;0000292583;50;000;000;1063902610078;31012022;7896641809026;-;N;S;90265491;  ;;N;N
0000292584;0000292584;DEXILANT 60MG 60CAPS GEL.DURA C/MICROGRANULOS LIBERACAO MODIFICADA;07072020;V;12771;17015;000;2129;2836;0000;CX;CAPS;6000;000;000;A;TAKEDA;0000292584;50;000;000;1063902610086;31012022;7896641809033;-;N;S;90265505;  ;;N;N
0000253716;0000253716;DEXPROTENOL 50MG/G POM.DERM.30G;26062020;V;1430;1905;000;0477;0635;0000;BG;GRS;3000;000;000;A;PRATI-DONADUZZI;0000253716;50;000;000;1256802450011;31102024;7899547524444;-;N;S;90321421;  ;;N;N
0000318953;0000318953;DIALISADOR FIBRA OCCA 24UNID.REUT.;05112020;F;250000;000;000;104167;0000;0000;CX;UN;2400;000;000;A;FORTECARE;0000318953;20;000;000;80463910075;27072030;7898934814779; ;N;S;100915051;MC;B-14P;N;N
0000318955;0000318955;DIALISADOR FIBRA OCCA 24UNID.REUT.;05112020;F;270000;000;000;112500;0000;0000;CX;UN;2400;000;000;A;FORTECARE;0000318955;20;000;000;80463910075;27072030;7898934814786; ;N;S;100915051;MC;B-16P;N;N
0000318957;0000318957;DIALISADOR FIBRA OCCA 24UNID.REUT.;05112020;F;280000;000;000;116667;0000;0000;CX;UN;2400;000;000;A;FORTECARE;0000318957;20;000;000;80463910075;27072030;7898934814793; ;N;S;100915051;MC;B-18P;N;N
0000318959;0000318959;DIALISADOR FIBRA OCCA 24UNID.REUT.;05112020;F;290000;000;000;120833;0000;0000;CX;UN;2400;000;000;A;FORTECARE;0000318959;20;000;000;80463910075;27072030;7898934814809; ;N;S;100915051;MC;B-20P;N;N
0000318952;0000318952;DIALISADOR FIBRA OCCA ALTO FLUXO 24UNID.REUT.;05112020;F;260000;000;000;108333;0000;0000;CX;UN;2400;000;000;A;FORTECARE;0000318952;20;000;000;80463910075;27072030;7898934814731; ;N;S;100915051;MC;B-14H;N;N
0000318954;0000318954;DIALISADOR FIBRA OCCA ALTO FLUXO 24UNID.REUT.;05112020;F;280000;000;000;116667;0000;0000;CX;UN;2400;000;000;A;FORTECARE;0000318954;20;000;000;80463910075;27072030;7898934814748; ;N;S;100915051;MC;B-16H;N;N
0000318956;0000318956;DIALISADOR FIBRA OCCA ALTO FLUXO 24UNID.REUT.;05112020;F;290000;000;000;120833;0000;0000;CX;UN;2400;000;000;A;FORTECARE;0000318956;20;000;000;80463910075;27072030;7898934814755; ;N;S;100915051;MC;B-18H;N;N
0000318958;0000318958;DIALISADOR FIBRA OCCA ALTO FLUXO 24UNID.REUT.;05112020;F;300000;000;000;125000;0000;0000;CX;UN;2400;000;000;A;FORTECARE;0000318958;20;000;000;80463910075;27072030;7898934814762; ;N;S;100915051;MC;B-20H;N;N
0000319985;0000319985;DIALISADOR OMNISET C/HEMOFILTRO 0,8M2;17122020;F;614910;000;000;0000;0000;0000;   ;UN;100;000;000;A;B.BRAUN;0000319985;20;000;000;80136990938;27012030;; ;N;N;100884300;ME;7211368;N;N
0000319986;0000319986;DIALISADOR OMNISET C/HEMOFILTRO 1,2M2;17122020;F;614910;000;000;0000;0000;0000;   ;UN;100;000;000;A;B.BRAUN;0000319986;20;000;000;80136990938;27012030;; ;N;N;100884300;ME;7211369;N;N
0000319987;0000319987;DIALISADOR OMNISET C/HEMOFILTRO 1,6M2;17122020;F;647514;000;000;0000;0000;0000;   ;UN;100;000;000;A;B.BRAUN;0000319987;20;000;000;80136990938;27012030;; ;N;N;100884300;ME;7211370;N;N
0000319993;0000319993;DIALISADOR OMNISET ECCO2R C/HEMOFILTRO;17122020;F;777016;000;000;0000;0000;0000;   ;UN;100;000;000;A;B.BRAUN;0000319993;20;000;000;80136990951;13102030;; ;N;N;101025521;ME;7211432;N;N
0000319994;0000319994;DIALISADOR OMNISET L C/HEMOFILTRO;17122020;F;777016;000;000;0000;0000;0000;   ;UN;100;000;000;A;B.BRAUN;0000319994;20;000;000;80136990952;13102030;; ;N;N;101025530;ME;7211367;N;N
0000319988;0000319988;DIALISADOR OMNISET PRO C/HEMOFILTRO 0,8M2;17122020;F;624910;000;000;0000;0000;0000;   ;UN;100;000;000;A;B.BRAUN;0000319988;20;000;000;80136990935;30122029;; ;N;N;100884288;ME;7211371;N;N
0000319989;0000319989;DIALISADOR OMNISET PRO C/HEMOFILTRO 1,2M2;17122020;F;624910;000;000;0000;0000;0000;   ;UN;100;000;000;A;B.BRAUN;0000319989;20;000;000;80136990935;30122029;; ;N;N;100884288;ME;7211372;N;N
0000319990;0000319990;DIALISADOR OMNISET PRO C/HEMOFILTRO 1,6M2;17122020;F;657514;000;000;0000;0000;0000;   ;UN;100;000;000;A;B.BRAUN;0000319990;20;000;000;80136990935;30122029;; ;N;N;100884288;ME;7211373;N;N
0000301177;0000301177;DIAZEPAM 10MG 30CPDS;20012021;V;1159;1602;000;0386;0534;0000;CX;CPDS;3000;000;000;A;UNIAO QUIMICA;0000301177;50;000;000;1049713900057;30112025;7896006205081;+;N;S;90387228;  ;;S;N
0000301176;0000301176;DIAZEPAM 5MG 30CPDS;30062020;V;907;1254;000;0302;0418;0000;CX;CPDS;3000;000;000;A;UNIAO QUIMICA;0000301176;50;000;000;1049713900022;30112025;7896006204589;+;N;S;90387210;  ;;S;N
0000275624;0000275624;DIBEDERM 0,5X1,0MG/G CRM.DERM.30G;07072020;V;1670;2225;000;0000;0000;0000;BG;GRS;3000;000;000;A;TEUTO BRAS;0000275624;50;000;000;1037006740078;30032021;7896112162551;-;N;N;90351070;  ;;N;N
0000309807;0000309807;DICLOFENACO POTASSICO 50MG 20CPDS;01092019;V;776;1073;000;0388;0537;0000;CX;CPDS;2000;000;000;A;TEUTO BRAS;0000309807;50;000;000;1037003870035;30092022;7896112122463;+;N;S;90470524;  ;;S;N
0000266602;0000266602;DICLOFENACO SODICO 25MG/ML 100AMP VD.AMB.3ML(EMB.HOSP.);23062020;F;14551;000;000;1455;0000;0000;CX;AMP;10000;000;000;A;TEUTO BRAS;0000266602;50;000;000;1037003060084;30062020;7896112190455;+;S;S;90339380;  ;;S;N
0000294598;0000294598;DICLORIDRATO BETAISTINA 16MG 30CPDS;26062020;V;1767;2354;000;0589;0785;0000;CX;CPDS;3000;000;000;A;PRATI-DONADUZZI;0000294598;50;000;000;1256802590032;31032022;7899547510003;-;N;S;90385322;  ;;S;N
0000294599;0000294599;DICLORIDRATO BETAISTINA 16MG 60CPDS;26062020;V;3534;4708;000;0589;0785;0000;CX;CPDS;6000;000;000;A;PRATI-DONADUZZI;0000294599;50;000;000;1256802590040;31032022;7899547510010;-;N;S;90385330;  ;;S;N
0000294600;0000294600;DICLORIDRATO BETAISTINA 24MG 30CPDS;26062020;V;2197;2927;000;0732;0976;0000;CX;CPDS;3000;000;000;A;PRATI-DONADUZZI;0000294600;50;000;000;1256802590131;31032022;7899547510119;-;N;S;90385349;  ;;S;N
0000294601;0000294601;DICLORIDRATO BETAISTINA 24MG 60CPDS;26062020;V;4035;5376;000;0673;0896;0000;CX;CPDS;6000;000;000;A;PRATI-DONADUZZI;0000294601;50;000;000;1256802590148;31032022;7899547510126;-;N;S;90385357;  ;;S;N
0000315225;0000315225;DICLORIDRATO FLUNARIZINA 10MG 480CPDS;30062020;F;8507;000;000;0177;0000;0000;CX;CPDS;48000;000;000;A;VITAPAN;0000315225;50;000;000;1039201840041;31082028;7898049790807;+;N;S;90414349;  ;;S;N
0000304858;0000304858;DICLORIDRATO FLUNARIZINA 10MG 50CPDS;30062020;V;848;1172;000;0170;0234;0000;CX;CPDS;5000;000;000;A;VITAPAN;0000304858;50;000;000;1039201840023;31082023;7898049790944;+;N;S;90414330;  ;;S;N
0000297230;0000297230;DICLORIDRATO LEVOCETIRIZINA 5MG 10CPDS REV.;07082020;V;2571;3425;000;2571;3425;0000;CX;CPDS;1000;000;000;A;RANBAXY;0000297230;50;000;000;1235202490026;30112022;7897076921499;-;N;S;90412010;  ;;S;N
0000314061;0000314061;DICLORIDRATO PRAMIPEXOL 0,125MG 300CPDS;26062020;F;23350;000;000;0778;0000;0000;CX;CPDS;30000;000;000;A;PRATI-DONADUZZI;0000314061;50;000;000;1256802740050;31012029;7899547514162;+;S;S;90428587;  ;;S;N
0000248602;0000248602;DICLORIDRATO PRAMIPEXOL 0,125MG 30CPDS;01092017;V;2181;3015;000;0727;1005;0000;CX;CPDS;3000;000;000;A;NOVA QUIMICA GEN;0000248602;50;000;000;1267501660010;31032023;7895296137010;+;N;S;90318161;  ;;S;N
0000305572;0000305572;DICLORIDRATO PRAMIPEXOL 0,125MG 30CPDS;26062020;V;1651;2282;000;0550;0761;0000;CX;CPDS;3000;000;000;A;PRATI-DONADUZZI;0000305572;50;000;000;1256802740026;31012029;7899547514131;+;N;S;90428552;  ;;S;N
0000314062;0000314062;DICLORIDRATO PRAMIPEXOL 0,250MG 300CPDS;26062020;F;53287;000;000;1776;0000;0000;CX;CPDS;30000;000;000;A;PRATI-DONADUZZI;0000314062;50;000;000;1256802740115;31012029;7899547514223;+;S;S;90428714;  ;;S;N
0000305573;0000305573;DICLORIDRATO PRAMIPEXOL 0,250MG 30CPDS;26062020;V;3096;4280;000;1032;1427;0000;CX;CPDS;3000;000;000;A;PRATI-DONADUZZI;0000305573;50;000;000;1256802740085;31012029;7899547514193;+;N;S;90428617;  ;;S;N
0000314063;0000314063;DICLORIDRATO PRAMIPEXOL 1MG 300CPDS;26062020;F;160580;000;000;5353;0000;0000;CX;CPDS;30000;000;000;A;PRATI-DONADUZZI;0000314063;50;000;000;1256802740174;31012029;7899547514285;+;S;S;90428650;  ;;S;N
0000305574;0000305574;DICLORIDRATO PRAMIPEXOL 1MG 30CPDS;26062020;V;12386;17123;000;4129;5708;0000;CX;CPDS;3000;000;000;A;PRATI-DONADUZZI;0000305574;50;000;000;1256802740141;31012029;7899547514254;+;N;S;90428684;  ;;S;N
0000275625;0000275625;DIFLUMID 40MG 20CPDS;07072020;V;597;825;000;0299;0413;0000;CX;CPDS;2000;000;000;A;TEUTO BRAS;0000275625;50;000;000;1037006810041;30042021;7896112173380;+;N;S;90351045;  ;;N;N
0000271437;0000271437;DIGESTIL 10MG BL.PVDC 20CPDS;07072020;V;1395;1859;000;0698;0930;0000;CX;CPDS;2000;000;000;A;TEUTO BRAS;0000271437;50;000;000;1037001270111;30092021;7896112170273;-;N;S;90351002;  ;;N;N
0000256121;0000256121;DIGESTIL 10MG BRANCO OPC 20CPDS;07072020;V;1395;1859;000;0698;0930;0000;CX;AMP;2000;000;000;A;TEUTO BRAS;0000256121;50;000;000;1037001270073;30092021;7896112170297;-;N;S;90258347;  ;;N;N
0000244788;0000244788;DIGOXINA 0,05MG/ML 50FR ELX.60ML;26062020;F;33389;000;000;6678;0000;0000;CX;FR;5000;000;000;A;PRATI-DONADUZZI;0000244788;50;000;000;1256800920027;30092023;7898148299225;+;S;S;90274202;  ;;S;N
0000275305;0000275305;DIGOXINA 0,25MG 30CPDS;05042019;V;1007;1392;000;0336;0464;0000;CX;CPDS;3000;000;000;A;VITAPAN;0000275305;50;000;000;1039201660025;31012023;7898049794027;+;N;S;90355873;  ;;S;N
0000269552;0000269552;DINE 2MG 30CPDS REV.;30062020;V;11312;15071;000;3771;5024;0000;CX;CPDS;3000;000;000;A;SUPERA;0000269552;50;000;000;1037202440022;30042020;7899420505423;-;N;S;90329775;  ;;N;N
0000284078;0000284078;DIOLESS 0,150MG+0,020MG BL.PLAS.21CPDS;30062020;V;2526;3492;000;0000;0000;0000;CX;CPDS;2100;000;000;A;SUPERA;0000284078;50;000;000;1037202420013;31032020;7899420506253;+;N;N;90329783;  ;;N;N
0000244789;0000244789;DIPIRONA SODICA 1000MG 10CPDS;26062020;V;1024;1364;000;1024;1364;0000;CX;CPDS;1000;000;000;A;PRATI-DONADUZZI;0000244789;50;000;000;1256800410150;31012022;7899547500356;-;N;S;90291018;  ;;S;N
0000301172;0000301172;DIPIRONA SODICA 500MG 20CPDS;26062020;V;1203;1603;000;0602;0802;0000;CX;CPDS;2000;000;000;A;PRATI-DONADUZZI;0000301172;50;000;000;1256800410304;31012022;7899547531206;-;N;S;90411137;  ;;S;N
0000301173;0000301173;DIPIRONA SODICA 500MG 30CPDS;26062020;V;1675;2232;000;0558;0744;0000;CX;CPDS;3000;000;000;A;PRATI-DONADUZZI;0000301173;50;000;000;1256800410312;31012022;7899547531213;-;N;S;90411145;  ;;S;N
0000244359;0000244359;DIPIRONA SODICA 500MG/ML GTS.10ML;02032021;V;799;1065;000;0799;1065;0000;FR;ML;1000;000;000;A;SANOFI MEDLEY;0000244359;50;000;000;1832601100055;30062022;7896422506229;-;N;S;90352742;  ;;S;N
0000244360;0000244360;DIPIRONA SODICA 500MG/ML GTS.20ML;02032021;V;1117;1488;000;0559;0744;0000;FR;ML;2000;000;000;A;SANOFI MEDLEY;0000244360;50;000;000;1832601100063;30062022;7896422506236;-;N;S;90352750;  ;;S;N
0000177071;0000177071;DIPIRONA SODICA 50MG/ML SOL.ORAL 100ML+CP.MED.;07072020;V;897;1195;000;0090;0120;0000;FR;ML;10000;000;000;A;TEUTO BRAS;0000177071;50;000;000;1037003070233;30062020;7896112161233;-;N;S;90258614;  ;;S;N
0000262117;0000262117;DIPROPIONATO BETAMETASONA+SULFATO GENTAMICINA 0,5+1MG/G CRM.DERM.30G;07072020;V;1778;2369;000;0593;0790;0000;BG;GR;3000;000;000;A;TEUTO BRAS;0000262117;50;000;000;1037006340071;30072020;7896112151203;-;N;S;90312511;  ;;S;N
0000158311;0000158311;DISPOSITIVO FIXACAO CURTO 7CM P/CIRURGIA ABERTA C/GRAMPEADOR/20DISPAROS SPIRE'IT;30102018;F;380000;000;000;0000;0000;0000;CX;UN;100;000;000;A;FORMEDICS;0000158311;20;000;000;80279420033;07022026;; ;N;N;100650503;ST;943050;N;N
0000174997;0000174997;DISPOSITIVO FIXACAO LONGO 30CM P/CIRURGIA LAPAROSCOPIA C/GRAMPEADOR/10DISPAROS SPIRE'T;30102018;F;480000;000;000;0000;0000;0000;CX;UN;100;000;000;A;FORMEDICS;0000174997;20;000;000;80279420033;07022026;; ;N;N;100650538;ST;943300;N;N
0000158312;0000158312;DISPOSITIVO FIXACAO LONGO 30CM P/CIRURGIA LAPAROSCOPIA C/GRAMPEADOR/20DISPAROS SPIRE'T;14072020;F;577500;000;000;0000;0000;0000;CX;UN;100;000;000;A;FORMEDICS;0000158312;20;000;000;80279420033;07022026;; ;N;N;100650520;ST;943302;N;N
0000319677;0000319677;DISPOSITIVO INSUFLACAO BALAO DILATACAO;10122020;F;52000;000;000;0000;0000;0000;ENV;UN;100;000;000;A;PROMEDON SAO PAULO;0000319677;20;000;800;10306840183;VIGENTE;; ;N;N;100912753;ME;BID-15-60-01;N;N
0000316330;0000316330;DISPOSITIVO OCLUSAO P/CANAL ARTERIAL PDA;30072020;F;4100000;000;000;0000;0000;0000;CX;UN;100;000;000;A;HOMACC;0000316330;20;000;000;80102512486;25052030;; ;N;N;100635830;PT;;N;N
0000316332;0000316332;DISPOSITIVO OCLUSAO PATENTE FORAME OVAL/PFO;30072020;F;5100000;000;000;0000;0000;0000;CX;UN;100;000;000;A;HOMACC;0000316332;20;000;000;80102512386;03022030;; ;N;N;100387675;PT;;N;N
0000316333;0000316333;DISPOSITIVO OCLUSAO PATENTE FORAME OVAL/PFO HUBLESS;30072020;F;5100000;000;000;0000;0000;0000;CX;UN;100;000;000;A;HOMACC;0000316333;20;000;000;80102512386;03022030;; ;N;N;100387675;PT;;N;N
0000316337;0000316337;DISPOSITIVO OCLUSAO SEPTAL VENTRICULAR VSD/CIV ASSIMETRICA;30072020;F;5450000;000;000;0000;0000;0000;CX;UN;100;000;000;A;HOMACC;0000316337;20;000;000;80102512391;10022030;; ;N;N;100387829;PT;;N;N
0000316338;0000316338;DISPOSITIVO OCLUSAO SEPTAL VENTRICULAR VSD/CIV EXCENTRICA;30072020;F;5450000;000;000;0000;0000;0000;CX;UN;100;000;000;A;HOMACC;0000316338;20;000;000;80102512391;10022030;; ;N;N;100387829;PT;;N;N
0000316335;0000316335;DISPOSITIVO OCLUSAO SEPTAL VENTRICULAR VSD/CIV MUSCULAR;30072020;F;5450000;000;000;0000;0000;0000;CX;UN;100;000;000;A;HOMACC;0000316335;20;000;000;80102512391;10022030;; ;N;N;100387829;PT;;N;N
0000316336;0000316336;DISPOSITIVO OCLUSAO SEPTAL VENTRICULAR VSD/CIV SIMETRICA;30072020;F;5450000;000;000;0000;0000;0000;CX;UN;100;000;000;A;HOMACC;0000316336;20;000;000;80102512391;10022030;; ;N;N;100387829;PT;;N;N
0000320090;0000320090;DIUPRESS 25+5MG 30CPDS;05012021;V;2496;3451;000;0832;1150;0000;CX;CPDS;3000;000;000;A;SUPERA;0000320090;50;000;000;1004309810033;30042025;7891317010065;+;N;S;90490606;  ;;N;N
0000315437;0000315437;DIVALPROATO SODIO 250MG 30CPDS REV.LIB.PROLONG.;07082020;V;2627;3632;000;0876;1211;0000;CX;CPDS;3000;000;000;A;RANBAXY;0000315437;50;000;000;1235202550029;30112028;7897076921871;+;N;S;90428811;  ;;S;N
0000307031;0000307031;DIVALPROATO SODIO 500MG 30CPDS REV.LIB.PROLONG.;01092020;V;5261;7273;000;1754;2424;0000;CX;CPDS;3000;000;000;A;RANBAXY;0000307031;50;000;000;1235202550053;30112028;7897076921901;+;N;S;90428820;  ;;S;N
0000315447;0000315447;DIVIDOL 70MG 36CAPS DURA;07072020;V;9266;12345;000;2574;3429;0000;CX;CAPS;3600;000;000;A;ZAMBON;0000315447;50;000;000;1008400200040;31082029;7898074618657;-;N;S;90387317;  ;;N;N
0000306832;0000306832;DK2CAL 30SACH.EFEV.;30062020;F;4359;000;000;1453;0000;0000;CX;SACH;3000;000;000;A;UNIAO QUIMICA;0000306832;50;000;000;ISENTO;;7896006211877;-;N;S;;  ;;N;S
0000239792;0000239792;DK2CAL 60CPDS REV.;30062020;F;5689;000;000;0948;0000;0000;CX;CPDS;6000;000;000;A;UNIAO QUIMICA;0000239792;50;000;000;NOTIFICACAO;;7896006238560;-;N;S;;  ;;N;N
0000261043;0000261043;DOBU 250MG 50AMP 20ML(EMB.HOSP.);23062020;F;119957;000;000;23991;0000;0000;CX;AMP;5000;000;000;A;TEUTO BRAS;0000261043;50;000;000;1037005830030;30092022;7896112164609;+;S;S;90312325;  ;;N;N
0000311370;0000311370;DOCETAXEL TRI-HIDRATADO 20MG/ML SOL.INJ.FA 1ML;19062020;F;89074;000;000;0000;0000;0000;CX;FA;100;000;000;A;SANOFI MEDLEY;0000311370;50;000;000;1832603670010;31082024;7896422567282;+;S;N;90442172;  ;;S;N
0000311371;0000311371;DOCETAXEL TRI-HIDRATADO 20MG/ML SOL.INJ.FA 4ML;19062020;F;321196;000;000;0000;0000;0000;CX;FA;100;000;000;A;SANOFI MEDLEY;0000311371;50;000;000;1832603670029;31082024;7896422567299;+;S;N;90442180;  ;;S;N
0000320774;0000320774;DOLO MOFF 10MG/ML SOL.INJ./DIL.INFUS.IV/EPI/IT 50AMP.1ML;02032021;F;17941;000;000;3588;0000;0000;CX;AMP;5000;000;000;A;UNIAO QUIMICA;0000320774;50;000;000;1049714550173;31012024;7896006218753;+;S;S;;  ;;N;N
0000320773;0000320773;DOLO MOFF 1MG/ML SOL.INJ./DIL..INFUS.IV/EPI/IT 50ENV.1ML;02032021;F;13596;000;000;2719;0000;0000;CX;ENV;5000;000;000;A;UNIAO QUIMICA;0000320773;50;000;000;1049714550114;31012024;7896006218746;+;S;S;;  ;;N;N
0000244712;0000244712;DORALEX 500MG 200CPDS;30062020;V;9985;13303;000;0499;0665;0000;CX;CPDS;20000;000;000;A;VITAPAN;0000244712;50;000;000;1039201010101;30112020;7898049793471;-;N;S;90291190;  ;;N;N
0000269820;0000269820;DORFLEX 10CPDS F.V;10042018;V;000;512;000;0000;0512;0000;BL;CPDS;1000;000;000;A;SANOFI MEDLEY;0000269820;50;000;000;1130001830167;31082021;;-;N;S;90299280;  ;;N;N
0000269819;0000269819;DORFLEX 300+35+50MG 10X30CPDS;02062020;V;12433;16565;000;4144;5522;0000;CX;CPDS;3000;000;000;A;SANOFI MEDLEY;0000269819;50;000;000;1832603540141;31082026;7891058017392;-;N;S;90459059;  ;;N;N
0000266249;0000266249;DORFLEX 300+35+50MG 36CPDS;02062020;V;1519;2024;000;0422;0562;0000;CX;CPDS;3600;000;000;A;SANOFI MEDLEY;0000266249;50;000;000;1832603540117;31082026;7891058017507;-;N;S;90459032;  ;;N;N
0000301232;0000301232;DORFLEX 300+35+50MG 50CPDS;02062020;V;2073;2762;000;0415;0552;0000;CX;CPDS;5000;000;000;A;SANOFI MEDLEY;0000301232;50;000;000;1832603540206;31082026;7891058020941;-;N;S;90459067;  ;;N;N
0000299125;0000299125;DORFLEX 35+300+50MG 24CPDS;02062020;V;995;1326;000;0415;0553;0000;CX;CPDS;2400;000;000;A;SANOFI MEDLEY;0000299125;50;000;000;1832603540079;31082026;7891058022136;-;N;S;90459016;  ;;N;N
0000243456;0000243456;DORFLEX ICY HOT ADES.FLEX.10X20CM GRD.5UNID(LIBERADO);17022021;F;2097;000;000;4194;0000;0000;CRT;UN;500;000;000;A;SANOFI MEDLEY;0000243456;50;000;000;80134900015;22102027;7891058017101;-;N;S;;  ;;N;N
0000243458;0000243458;DORFLEX ICY HOT ADES.FLEX.14X25CM EX.GRD.3UNID(LIBERADO);01022018;F;2141;000;000;7137;0000;0000;CRT;UN;300;000;000;A;SANOFI MEDLEY;0000243458;50;000;000;80134900015;22102027;7891058017118;-;N;S;;  ;;N;N
0000243452;0000243452;DORFLEX ICY HOT ADES.FLEX.8X12CM PEQ.5UNID(LIBERADO);17022021;F;1830;000;000;3660;0000;0000;CRT;UN;500;000;000;A;SANOFI MEDLEY;0000243452;50;000;000;80134900015;22102027;7891058017095;-;N;S;;  ;;N;N
0000243434;0000243434;DORFLEX ICY HOT BANDA ELASTICA 3UNID(LIBERADO);01022018;F;3217;000;000;10723;0000;0000;CRT;UN;300;000;000;A;SANOFI MEDLEY;0000243434;50;000;000;80134900013;22102027;7891058017132; ;N;S;78310490;  ;;N;N
0000243464;0000243464;DORFLEX ICY HOT ROLL-ON 73ML(LIBERADO);01022018;F;2368;000;000;0324;0000;0000;FR;ML;7300;000;000;A;SANOFI MEDLEY;0000243464;50;000;000;80134900012;22102027;7891058017156;-;N;S;;  ;;N;N
0000243467;0000243467;DORFLEX ICY HOT SPRAY 118ML(LIBERADO);17022021;F;3277;000;000;0278;0000;0000;FR;ML;11800;000;000;A;SANOFI MEDLEY;0000243467;50;000;000;81807850003;22102027;7891058017149;-;N;S;;  ;;N;N
0000311358;0000311358;DORFLEX UNO 1G 100CPDS;01102020;V;10401;13857;000;1040;1386;0000;CX;CPDS;10000;000;000;A;SANOFI MEDLEY;0000311358;50;000;000;1832604600695;31102027;7891058022785;-;N;S;90496574;  ;;N;N
0000311360;0000311360;DORFLEX UNO 1G 100CPDS EFERV.;02062020;V;17634;23494;000;17634;23494;0000;CX;CPDS;1000;000;000;A;SANOFI MEDLEY;0000311360;50;000;000;1832604600326;31102027;7891058022808;-;N;S;90496540;  ;;N;N
0000311357;0000311357;DORFLEX UNO 1G 10CPDS;01102020;V;960;1279;000;0960;1279;0000;CX;CPDS;1000;000;000;A;SANOFI MEDLEY;0000311357;50;000;000;1832604600644;31102027;7891058022815;-;N;S;90496558;  ;;N;N
0000311359;0000311359;DORFLEX UNO 1G 10CPDS EFERV.;02062020;V;1778;2369;000;1778;2369;0000;CX;CPDS;1000;000;000;A;SANOFI MEDLEY;0000311359;50;000;000;1832604600301;31102027;7891058022792;-;N;S;90496531;  ;;N;N
0000314945;0000314945;DORFLEX UNO 1G 20CPDS;24112020;V;1410;1879;000;0705;0940;0000;CX;CPDS;2000;000;000;A;SANOFI MEDLEY;0000314945;50;000;000;1832604600652;31102027;7891058000103;-;N;S;90496566;  ;;N;N
0000317879;0000317879;DORFLEX UNO 1G 4CPDS F.V.;01102020;V;000;554;000;0000;1385;0000;BL;CPDS;400;000;000;A;SANOFI MEDLEY;0000317879;50;000;000;1130011740705;31102027;;-;N;S;;  ;;N;N
0000277289;0000277289;DORMIUM 1MG 50AMP 5ML(EMB. HOSP);30062020;F;34988;000;000;6998;0000;0000;CX;AMP;5000;000;000;A;UNIAO QUIMICA;0000277289;50;000;000;1049702040108;28022021;7896006226222;+;S;S;90355830;  ;;N;N
0000277293;0000277293;DORMIUM 5MG 50AMP 10ML(EMB.HOSP);30062020;F;165639;000;000;33128;0000;0000;CX;AMP;5000;000;000;A;UNIAO QUIMICA;0000277293;50;000;000;1049702040124;28022021;7896006226246;+;S;S;90355857;  ;;N;N
0000277291;0000277291;DORMIUM 5MG 50AMP 3ML(EMB.HOSP);30062020;F;60950;000;000;12190;0000;0000;CX;AMP;5000;000;000;A;UNIAO QUIMICA;0000277291;50;000;000;1049702040116;28022021;7896006226239;+;S;S;90355849;  ;;N;N
0000320843;0000320843;DOZEMAST 1000MCG 90CPDS SUBL.ORODISP.;02032021;V;14715;19605;000;1635;2178;0000;CX;CPDS;9000;000;000;A;MARJAN;0000320843;50;000;000;1015502480053;31082029;7896226109640;-;N;S;;  ;;N;N
0000316260;0000316260;DRAMIN 50MG 1CAP GEL.MOLE F.V.(100CPDS);11092020;V;000;993;000;0000;0000;0000;BL;CAP;100;000;000;A;TAKEDA;0000316260;50;000;000;1063901550195;31082026;;-;N;N;;  ;;N;N
0000316261;0000316261;DRAMIN 50MG 1CAP GEL.MOLE F.V.(200CPDS);11092020;V;000;993;000;0000;0000;0000;BL;CAP;100;000;000;A;TAKEDA;0000316261;50;000;000;1063901550233;31082026;;-;N;N;;  ;;N;N
0000313318;0000313318;DRAMIN 50MG 200CAPS GEL.MOLE;02032021;V;18633;24825;000;0932;1241;0000;CX;CAPS;20000;000;000;A;TAKEDA;0000313318;50;000;000;1063901550233;31082026;7896641813146;-;N;S;90446879;  ;;N;N
0000269288;0000269288;DRAMIN B6 DL 3+5+100+100MG/ML SOL.INJ.1AMP 10ML F.V;11092020;V;000;329;000;0000;0000;0000;AMP;ML;1000;000;000;A;TAKEDA;0000269288;50;000;000;1063902410044;30082021;;-;N;N;;  ;;N;N
0000320690;0000320690;DRENAGEM CANAL ABERTO C/ RESERVATORIO 100CC;23022021;F;55790;000;000;0000;0000;0000;CX;UN;100;000;000;A;TOTAL MEDICAL BRASIL;0000320690;20;000;000;81158510013;VIGENTE;7898626111506; ;N;N;100889190;MC;3001.19.100;N;N
0000320691;0000320691;DRENAGEM CANAL ABERTO C/ RESERVATORIO 100CC;23022021;F;55790;000;000;0000;0000;0000;CX;UN;100;000;000;A;TOTAL MEDICAL BRASIL;0000320691;20;000;000;81158510013;VIGENTE;7898626113333; ;N;N;100889190;MC;3001.24.100;N;N
0000272221;0000272221;DRENAGEM CANAL ABERTO C/RESERVATORIO 100CC;23022021;F;55790;000;000;0000;0000;0000;CX;UN;100;000;000;A;TOTAL MEDICAL BRASIL;0000272221;20;000;000;81158510013;VIGENTE;7898626110622; ;N;N;100889190;MC;3001.10.100;N;N
0000272223;0000272223;DRENAGEM CANAL ABERTO C/RESERVATORIO 100CC;23022021;F;55790;000;000;0000;0000;0000;CX;UN;100;000;000;A;TOTAL MEDICAL BRASIL;0000272223;20;000;000;81158510013;VIGENTE;7898626110646; ;N;N;100889190;MC;3001.15.100;N;N
0000295034;0000295034;DRENO OTOLOGICO SILICONE "T" 1,14X12MM;19012021;F;116300;000;000;0000;0000;0000;   ;UN;100;000;000;A;OTOLOGICA BRASIL;0000295034;20;000;000;81363880012;08062030;; ;N;N;100906826;OT;510-101;N;N
0000295031;0000295031;DRENO OTOLOGICO SILICONE ARMSTRONG R/TAB 1,14MM;19012021;F;64300;000;000;0000;0000;0000;   ;UN;100;000;000;A;OTOLOGICA BRASIL;0000295031;20;000;000;81363880012;08062030;; ;N;N;100906826;OT;510-281;N;N
0000295032;0000295032;DRENO OTOLOGICO SILICONE DONALDSON 1,14MM;19012021;F;64300;000;000;0000;0000;0000;   ;UN;100;000;000;A;OTOLOGICA BRASIL;0000295032;20;000;000;81363880012;08062030;; ;N;N;100906826;OT;510-011;N;N
0000295037;0000295037;DRENO OTOLOGICO SILICONE PAPRELLA/TAB 1,02 MM;19012021;F;64300;000;000;0000;0000;0000;   ;UN;100;000;000;A;OTOLOGICA BRASIL;0000295037;20;000;000;81363880012;08062030;; ;N;N;100906826;OT;510-041;N;N
0000295035;0000295035;DRENO OTOLOGICO SILICONE PAPRELLA/TAB 1,14MM;19012021;F;64300;000;000;0000;0000;0000;   ;UN;100;000;000;A;OTOLOGICA BRASIL;0000295035;20;000;000;81363880012;08062030;; ;N;N;100906826;OT;510-061;N;N
0000295033;0000295033;DRENO OTOLOGICO SILICONE TRIUNE 1,35X05MM;19012021;F;154700;000;000;0000;0000;0000;   ;UN;100;000;000;A;OTOLOGICA BRASIL;0000295033;20;000;000;81363880012;08062030;; ;N;N;100906826;OT;510-121;N;N
0000295038;0000295038;DRENO OTOLOGICO TEFLON SHEPARD GROMMET 1,14MM;19012021;F;64300;000;000;0000;0000;0000;   ;UN;100;000;000;A;OTOLOGICA BRASIL;0000295038;20;000;000;81363880011;08062030;; ;N;N;100906818;OT;520-121;N;N
0000295036;0000295036;DRENO OTOLOGICO TEFLON SHEPARD GROMMET C/FIO 1,4MM;19012021;F;64300;000;000;0000;0000;0000;   ;UN;100;000;000;A;OTOLOGICA BRASIL;0000295036;20;000;000;81363880011;08062030;; ;N;N;100906818;OT;525-121W;N;N
0000257155;0000257155;DROSPIRENONA+ETINILESTRADIOL 3,00+0,03MG 21CPDS REV.;30062020;V;3226;4460;000;1536;2124;0000;CX;CPDS;2100;000;000;A;SANDOZ;0000257155;50;000;000;1004705490015;30052020;7897595630605;+;N;S;90310284;  ;;S;N
0000286459;0000286459;DUELLE 2+0,35MG 21CPDS REV.;30062020;V;1458;2016;000;0694;0960;0000;CX;CPDS;2100;000;000;A;ZYDUS NIKKHO;0000286459;50;000;000;1565100630016;28022022;7898927563028;+;N;S;90387562;  ;;N;N
0000286463;0000286463;DUELLE 2+0,35MG 63CPDS REV.;30062020;V;3616;4999;000;0574;0793;0000;CX;CPDS;6300;000;000;A;ZYDUS NIKKHO;0000286463;50;000;000;1565100630024;28022022;7898910350031;+;N;S;90387554;  ;;N;N
0000305385;0000305385;DULCOGAS 125MG 10CAPS GEL.MOLE;02062020;F;1106;000;000;1106;0000;0000;CX;CAPS;1000;000;000;A;SANOFI MEDLEY;0000305385;50;000;000;NOTIFICACAO;;7891058022495;-;N;S;;  ;;N;N
0000305386;0000305386;DULCOGAS 5MG/ML SOL.ORAL 15ML;02062020;F;1043;000;000;0695;0000;0000;FR;ML;1500;000;000;A;SANOFI MEDLEY;0000305386;50;000;000;NOTIFICACAO;;7891058022600;-;N;S;;  ;;N;N
0000296976;0000296976;DULCOLAX 5MG 20CPDS REV.LIB.RETARD.;17022021;V;900;1199;000;0450;0600;0000;CX;CPDS;2000;000;000;A;SANOFI MEDLEY;0000296976;50;000;000;1832604010014;31072026;7891058021528;-;N;S;90465342;  ;;N;N
0000305387;0000305387;DUPIXENT 150MG/ML SOL.INJ.2SER.PREENC.2,0ML+SIST.SEGURANCA;30062020;V;753899;1004426;000;0000;0000;0000;CX;SER;200;000;000;A;SANOFI MEDLEY;0000305387;50;000;000;1832603350016;31122027;7891058021733;-;N;N;90458354;  ;;N;N
0000313315;0000313315;DUPIXENT 175MG/ML SOL.INJ.2SER.PREENC.1,14ML+SIST.SEGURANCA;30062020;V;753899;1004426;000;0000;0000;0000;CX;SER;200;000;000;A;SANOFI MEDLEY;0000313315;50;000;000;1832603350032;31122027;7891058022761;-;N;N;90457315;  ;;N;N
0000294308;0000294308;DUTAM 0,5+0,4MG 10CAPS GEL.DURA LIB.PROLONG.;27062020;V;3063;4081;000;3063;4081;0000;CX;CAPS;1000;000;000;A;ZODIAC;0000294308;50;000;000;1221401010016;31072022;7892953003541;-;N;S;90387392;  ;;N;N
0000294311;0000294311;DUTAM 0,5+0,4MG 30CAPS GEL.DURA LIB.PROLONG;27062020;V;9193;12249;000;3064;4083;0000;CX;CAPS;3000;000;000;A;ZODIAC;0000294311;50;000;000;1221401010024;31072022;7892953003558;-;N;S;90387406;  ;;N;N
0000294312;0000294312;DUTAM 0,5+0,4MG 60CAPS GEL.DURA LIB.PROLONG.;27062020;V;18380;24488;000;3063;4081;0000;CX;CAPS;6000;000;000;A;ZODIAC;0000294312;50;000;000;1221401010032;31072022;7892953003565;-;N;S;90387414;  ;;N;N
0000294317;0000294317;DUTAM 0,5+0,4MG 90CAPS GEL.DURA LIB.PROLONG.;27062020;V;27563;36722;000;3063;4080;0000;CX;CAPS;9000;000;000;A;ZODIAC;0000294317;50;000;000;1221401010040;31072022;7892953003572;-;N;S;90387422;  ;;N;N
0000271775;0000271775;DUTASTERIDA 0,5MG 30CAPS GEL.MOLE;02052019;V;11530;15940;000;3843;5313;0000;CX;CAPS;3000;000;000;A;SANDOZ;0000271775;50;000;000;1004705500029;30052020;7897595627636;+;N;S;90338057;  ;;S;N
0000313074;0000313074;DVITTA 1000UI 30CAPS MOLE;26062020;V;1542;2054;000;0514;0685;0000;CX;CAPS;3000;000;000;A;PRATI-DONADUZZI;0000313074;50;000;000;1256802950012;30092029;7899547531275;-;N;S;90461754;  ;;N;N
0000313075;0000313075;DVITTA 1000UI 90CAPS MOLE;26062020;V;4014;5348;000;0446;0594;0000;CX;CAPS;9000;000;000;A;PRATI-DONADUZZI;0000313075;50;000;000;1256802950020;30092029;7899547531282;-;N;S;90461789;  ;;N;N
0000313076;0000313076;DVITTA 5000UI 30CAPS MOLE;26062020;V;5155;6868;000;1718;2289;0000;CX;CAPS;3000;000;000;A;PRATI-DONADUZZI;0000313076;50;000;000;1256802950039;30092029;7899547531299;-;N;S;90461797;  ;;N;N
0000313077;0000313077;DVITTA 5000UI 4CAPS MOLE;26062020;V;4422;5891;000;11055;14728;0000;CX;CAPS;400;000;000;A;PRATI-DONADUZZI;0000313077;50;000;000;1256802950081;30092029;7899547531343;-;N;S;90461770;  ;;N;N
0000313078;0000313078;DVITTA 7000UI 10CAPS MOLE;26062020;V;2625;3524;000;2625;3524;0000;CX;CAPS;1000;000;000;A;PRATI-DONADUZZI;0000313078;50;000;000;1256802950063;30092029;7899547531329;-;N;S;90461851;  ;;N;N
0000313079;0000313079;DVITTA 7000UI 30CAPS MOLE;26062020;V;5647;7524;000;1882;2508;0000;CX;CAPS;3000;000;000;A;PRATI-DONADUZZI;0000313079;50;000;000;1256802950071;30092029;7899547531336;-;N;S;90461762;  ;;N;N
0000313080;0000313080;DVITTA 7000UI 4CAPS MOLE;26062020;V;1011;1347;000;2528;3368;0000;CX;CAPS;400;000;000;A;PRATI-DONADUZZI;0000313080;50;000;000;1256802950047;30092029;7899547531305;-;N;S;90461835;  ;;N;N
0000313081;0000313081;DVITTA 7000UI 8CAPS MOLE;26062020;V;1949;2597;000;2436;3246;0000;CX;CAPS;800;000;000;A;PRATI-DONADUZZI;0000313081;50;000;000;1256802950055;30092029;7899547531312;-;N;S;90461843;  ;;N;N
0000256897;0000256897;EFICENTUS 10MG 15CPDS REV.;19062020;V;2583;3571;000;1722;2381;0000;CX;CPDS;1500;000;000;A;SANOFI MEDLEY;0000256897;50;000;000;1832600270021;31072024;7896422525510;+;N;S;90352807;  ;;N;N
0000252864;0000252864;EFICENTUS 10MG 30CPDS REV.;19062020;V;5165;7140;000;1722;2380;0000;CX;CPDS;3000;000;000;A;SANOFI MEDLEY;0000252864;50;000;000;1832600270046;31072024;7896422525541;+;N;S;90352815;  ;;N;N
0000294347;0000294347;EFICENTUS 15MG 30CPDS REV.;19062020;V;8338;11527;000;2779;3842;0000;CX;CPDS;3000;000;000;A;SANOFI MEDLEY;0000294347;50;000;000;1832600270161;31072024;7896422525695;+;N;S;90391853;  ;;N;N
0000252867;0000252867;EFICENTUS 20MG 30CPDS REV.;19062020;V;10043;13884;000;3348;4628;0000;CX;CPDS;3000;000;000;A;SANOFI MEDLEY;0000252867;50;000;000;1832600270100;31072024;7896422525626;+;N;S;90352823;  ;;N;N
0000317048;0000317048;EGURINEL 267MG 270CAPS DURA;27082020;V;1007386;1392652;000;37311;51580;0000;CX;CAPS;27000;000;000;A;ZODIAC;0000317048;50;000;000;1221401140017;30042030;7892953003923;+;N;S;90475933;  ;;N;N
0000315270;0000315270;ELAPRASE 2MG/ML SOL.INJ.FA 3ML;03072020;V;877463;1169051;000;0000;0000;0000;CX;FA;100;000;000;A;SHIRE FARMACEUTICA;0000315270;50;000;000;1697900010017;31052028;7898924769010;-;N;N;90202376;  ;;N;N
0000313263;0000313263;ELATIUM 16MG 30CAPS DURA LIB.PROLONG.;26062020;V;11486;15879;000;3829;5293;0000;CX;CAPS;3000;000;000;A;PRATI-DONADUZZI;0000313263;50;000;000;1256802860064;31072029;7899547532142;+;N;S;90453743;  ;;N;N
0000313264;0000313264;ELATIUM 24MG 30CAPS DURA LIB.PROLONG.;26062020;V;12560;17363;000;4187;5788;0000;CX;CAPS;3000;000;000;A;PRATI-DONADUZZI;0000313264;50;000;000;1256802860110;31072029;7899547532197;+;N;S;90453751;  ;;N;N
0000313265;0000313265;ELATIUM 8MG 30CAPS DURA LIB.PROLONG.;26062020;V;10213;14119;000;3404;4706;0000;CX;CAPS;3000;000;000;A;PRATI-DONADUZZI;0000313265;50;000;000;1256802860021;31072029;7899547532104;+;N;S;90453735;  ;;N;N
0000320258;0000320258;ELATIUM 8MG 7CAPS DURA LIB.PROLONG.;14012021;V;2026;2801;000;2894;4001;0000;CX;CAPS;700;000;000;A;PRATI-DONADUZZI;0000320258;50;000;000;1256802860013;31072029;7899547532098;+;N;S;90493524;  ;;N;N
0000320160;0000320160;ELETRODO ABLACAO CEREBRAL 18GA 300X3MM PTA.ATIVA;12032021;F;6000000;000;000;0000;0000;0000;CX;UN;100;000;000;P;BRAMSYS;0000320160;20;000;800;80195520002;05042025;; ;N;N;79209106;ME;BMS-D029;N;N
0000320161;0000320161;ELETRODO ABLACAO CEREBRAL 18GA 300X5MM PTA.ATIVA;12032021;F;6000000;000;000;0000;0000;0000;CX;UN;100;000;000;P;BRAMSYS;0000320161;20;000;800;80195520002;05042025;; ;N;N;79209637;ME;BMS-D033;N;N
0000320162;0000320162;ELETRODO ABLACAO CEREBRAL 18GA 300X8MM PTA.ATIVA;12032021;F;6000000;000;000;0000;0000;0000;CX;UN;100;000;000;P;BRAMSYS;0000320162;20;000;800;80195520002;05042025;; ;N;N;79209416;ME;BMS-D034;N;N
0000316238;0000316238;ELETRODO MONOPOLAR DESC.SMARTSIZE LANG A PLUG UNIVERSAL A PTA.TP.AGULHA C/CONTROLE;22122020;F;1200000;000;000;0000;0000;0000;CX;UN;100;000;000;A;LANGSURGICAL;0000316238;20;000;000;80123900053;13072030;; ;N;N;100535364;ME;7-SF-A5A;N;N
0000316239;0000316239;ELETRODO MONOPOLAR DESC.SMARTSIZE LANG A PLUG UNIVERSAL A PTA.TP.LAMINA C/CONTROLE;22122020;F;1200000;000;000;0000;0000;0000;CX;UN;100;000;000;A;LANGSURGICAL;0000316239;20;000;000;80123900053;13072030;; ;N;N;100535321;ME;7-SF-A5L;N;N
0000316246;0000316246;ELETRODO MONOPOLAR DESC.SMARTSIZE LANG C/LED PLUG UNIVERSAL PTA.TP.AGULHA C/CONTROLE;22122020;F;1200000;000;000;0000;0000;0000;CX;UN;100;000;000;A;LANGSURGICAL;0000316246;20;000;000;80123900053;13072030;; ;N;N;100535429;ME;7-SF-A5-1A;N;N
0000316247;0000316247;ELETRODO MONOPOLAR DESC.SMARTSIZE LANG C/LED PLUG UNIVERSAL PTA.TP.LAMINA C/CONTROLE;22122020;F;1200000;000;000;0000;0000;0000;CX;UN;100;000;000;A;LANGSURGICAL;0000316247;20;000;000;80123900053;13072030;; ;N;N;100535372;ME;7-SF-A5-1L;N;N
0000316240;0000316240;ELETRODO MONOPOLAR DESC.SMARTSIZE LANG C/LED/SUCCAO NON STICK RETRATIL PLUG UNIVERSAL;22122020;F;1200000;000;000;0000;0000;0000;CX;UN;100;000;000;A;LANGSURGICAL;0000316240;20;000;000;80123900053;13072030;; ;N;N;100535313;ME;7-SF-A6-2L;N;N
0000316241;0000316241;ELETRODO MONOPOLAR DESC.SMARTSIZE LANG C/SUCCAO A PLUG UNIVERSAL PTA.TP.AGULHA;22122020;F;1200000;000;000;0000;0000;0000;CX;UN;100;000;000;A;LANGSURGICAL;0000316241;20;000;000;80123900053;13072030;; ;N;N;100535399;ME;7-SF-C2A;N;N
0000316242;0000316242;ELETRODO MONOPOLAR DESC.SMARTSIZE LANG C/SUCCAO A PLUG UNIVERSAL PTA.TP.LAMINA;22122020;F;1200000;000;000;0000;0000;0000;CX;UN;100;000;000;A;LANGSURGICAL;0000316242;20;000;000;80123900053;13072030;; ;N;N;100535275;ME;7-SF-C2L;N;N
0000316243;0000316243;ELETRODO MONOPOLAR DESC.SMARTSIZE LANG C/SUCCAO NON STICK RETRATIL PLUG UNIVERSAL;22122020;F;1200000;000;000;0000;0000;0000;CX;UN;100;000;000;A;LANGSURGICAL;0000316243;20;000;000;80123900053;13072030;; ;N;N;100535348;ME;7-SF-C3A;N;N
0000316244;0000316244;ELETRODO MONOPOLAR DESC.SMARTSIZE LANG C/SUCCAO NON STICK RETRATIL PLUG UNIVERSAL;22122020;F;1200000;000;000;0000;0000;0000;CX;UN;100;000;000;A;LANGSURGICAL;0000316244;20;000;000;80123900053;13072030;; ;N;N;100535291;ME;7-SF-C3L;N;N
0000316245;0000316245;ELETRODO MONOPOLAR DESC.SMARTSIZE LANG PLUG UNIVERSAL PTA.TP.LAMINA C/CONTROLE;22122020;F;1200000;000;000;0000;0000;0000;CX;UN;100;000;000;A;LANGSURGICAL;0000316245;20;000;000;80123900053;13072030;; ;N;N;100535356;ME;7-SF-A5PL;N;N
0000299188;0000299188;ELETRODO P/MONITORACAO ECG MEDPEX BLUE 50UNID;09032021;F;19800;000;000;3960;0000;0000;CX;UN;5000;000;000;A;DBI MEDICAL;0000299188;20;000;800;80722800006;VIGENTE;7898543870043; ;N;S;;MC;MP36;N;N
0000276007;0000276007;ELETRODO P/MONITORIZACAO ECG MEDPEX ADU.50UNID;09032021;F;15900;000;000;3180;0000;0000;CX;UN;5000;000;000;A;DBI MEDICAL;0000276007;20;000;800;80722800006;VIGENTE;; ;N;S;;MC;MP43;N;N
0000276008;0000276008;ELETRODO P/MONITORIZACAO ECG MEDPEX PEDIATRICO 50UNID;09032021;F;19200;000;000;3840;0000;0000;CX;UN;5000;000;000;A;DBI MEDICAL;0000276008;20;000;800;80722800006;VIGENTE;; ;N;S;;MC;MP32;N;N
0000276009;0000276009;ELETRODO P/MONITORIZACAO ECG MEDPEX RADIOLOGICO 50UNID;09032021;F;29400;000;000;5880;0000;0000;CX;UN;5000;000;000;A;DBI MEDICAL;0000276009;20;000;800;80722800003;VIGENTE;; ;N;S;78404070;MC;MP43C;N;N
0000289562;0000289562;ELIFORE 100MG 14CPDS REV.LIB.CONTR.;23062020;V;5438;7517;000;3884;5369;0000;CX;CPDS;1400;000;000;A;WYETH;0000289562;50;000;000;1211003650050;31052022;7891045031486;+;N;S;90381610;  ;;N;N
0000289563;0000289563;ELIFORE 100MG 28CPDS REV.LIB.CONTR.;23062020;V;10090;13948;000;3604;4981;0000;CX;CPDS;2800;000;000;A;WYETH;0000289563;50;000;000;1211003650069;31052022;7891045031493;+;N;S;90381629;  ;;N;N
0000289564;0000289564;ELIFORE 50MG 14CPDS REV.LIB.CONTR.;23062020;V;4583;6335;000;3274;4525;0000;CX;CPDS;1400;000;000;A;WYETH;0000289564;50;000;000;1211003650026;31052022;7891045031448;+;N;S;90381580;  ;;N;N
0000289565;0000289565;ELIFORE 50MG 28CPDS REV.LIB.CONTR.;23062020;V;9165;12670;000;3273;4525;0000;CX;CPDS;2800;000;000;A;WYETH;0000289565;50;000;000;1211003650034;31052022;7891045031455;+;N;S;90381599;  ;;N;N
0000241073;0000241073;ELIGARD 45MG SER.A+B AG.DESSEC.;27062020;V;424935;587448;000;0000;0000;0000;   ;SER;100;000;000;A;ZODIAC;0000241073;50;000;000;1221400740053;28022021;7892953000823;+;N;N;90272846;  ;;N;N
0000243107;0000243107;ELIQUIS 5MG 2BLX10CPDS REV.;07082020;V;7516;10390;000;3758;5195;0000;CX;CPDS;2000;000;000;A;WYETH;0000243107;50;000;000;1211004640059;31072026;7891268118094;+;N;S;90446569;  ;;N;N
0000243108;0000243108;ELIQUIS 5MG 6BLX10CPDS REV.;07082020;V;22551;31175;000;3759;5196;0000;CX;CPDS;6000;000;000;A;WYETH;0000243108;50;000;000;1211004640067;31072026;7891268118100;+;N;S;90446577;  ;;N;N
0000315385;0000315385;EMAH 25MG 30CPDS REV.;07072020;V;51498;71193;000;17166;23731;0000;CX;CPDS;3000;000;000;A;SUN FARMACEUTICA;0000315385;50;000;000;1468200720066;28022029;7898272945197;+;N;S;90429052;  ;;N;N
0000315380;0000315380;ENAVO 4MG 10CPDS ORODISP.;07072020;V;1978;2734;000;1978;2734;0000;CX;CPDS;1000;000;000;A;SIGMA PHARMA;0000315380;50;000;000;1023513130017;30092029;7894916512770;+;N;S;90461932;  ;;N;N
0000315381;0000315381;ENAVO 8MG 10CPDS ORODISP.;07072020;V;3893;5382;000;3893;5382;0000;CX;CPDS;1000;000;000;A;SIGMA PHARMA;0000315381;50;000;000;1023513130076;30092029;7894916512787;+;N;S;90461940;  ;;N;N
0000318943;0000318943;ENDOPROTESE ABDOMINAL BIFURCADA AORFIX C/SIST.ENTREGA INTELLIFLEX CONTRALATERAL 106X14MM;05112020;F;2500000;000;000;0000;0000;0000;CX;UN;100;000;000;A;MICROMEDICAL;0000318943;20;000;000;80299570042;19082029;; ;N;N;100080626;PT;CL-106-14;N;N
0000318944;0000318944;ENDOPROTESE ABDOMINAL BIFURCADA AORFIX C/SIST.ENTREGA INTELLIFLEX CONTRALATERAL 56X16MM;05112020;F;2500000;000;000;0000;0000;0000;CX;UN;100;000;000;A;MICROMEDICAL;0000318944;20;000;000;80299570042;19082029;; ;N;N;100079776;PT;CL-56-16;N;N
0000311510;0000311510;ENDOPROTESE ABDOMINAL BIFURCADA AORFIX C/SIST.ENTREGA INTELLIFLEX CORPO PRINC.;12112019;F;6000000;000;000;0000;0000;0000;CX;UN;100;000;000;A;MICROMEDICAL;0000311510;20;000;000;80299570042;19082029;; ;N;N;100080863;PT;MB-24-111-63-16;N;N
0000318936;0000318936;ENDOPROTESE ABDOMINAL BIFURCADA AORFIX C/SIST.ENTREGA INTELLIFLEX CORPO PRINC.;05112020;F;6000000;000;000;0000;0000;0000;CX;UN;100;000;000;A;MICROMEDICAL;0000318936;20;000;000;80299570042;19082029;; ;N;N;100081649;PT;MB-24-96-63-12;N;N
0000318937;0000318937;ENDOPROTESE ABDOMINAL BIFURCADA AORFIX C/SIST.ENTREGA INTELLIFLEX CORPO PRINC.;05112020;F;6000000;000;000;0000;0000;0000;CX;UN;100;000;000;A;MICROMEDICAL;0000318937;20;000;000;80299570042;19082029;; ;N;N;100078494;PT;MB-31-111-63-12;N;N
0000318938;0000318938;ENDOPROTESE ABDOMINAL BIFURCADA AORFIX C/SIST.ENTREGA INTELLIFLEX CORPO PRINC.;05112020;F;6000000;000;000;0000;0000;0000;CX;UN;100;000;000;A;MICROMEDICAL;0000318938;20;000;000;80299570042;19082029;; ;N;N;100078184;PT;MB-27-81-80-14;N;N
0000318941;0000318941;ENDOPROTESE ABDOMINAL BIFURCADA AORFIX C/SIST.ENTREGA INTELLIFLEX EXTENSAO DISTAL 14X82MM;05112020;F;2500000;000;000;0000;0000;0000;CX;UN;100;000;000;A;MICROMEDICAL;0000318941;20;000;000;80299570042;19082029;; ;N;N;100079881;PT;DE-14-82;N;N
0000318942;0000318942;ENDOPROTESE ABDOMINAL BIFURCADA AORFIX C/SIST.ENTREGA INTELLIFLEX EXTENSAO DISTAL 16X82MM;05112020;F;2500000;000;000;0000;0000;0000;CX;UN;100;000;000;A;MICROMEDICAL;0000318942;20;000;000;80299570042;19082029;; ;N;N;100082408;PT;DE-16-82;N;N
0000318939;0000318939;ENDOPROTESE ABDOMINAL BIFURCADA AORFIX C/SIST.ENTREGA INTELLIFLEX EXTENSAO PROXIMAL 24MM;05112020;F;2500000;000;000;0000;0000;0000;CX;UN;100;000;000;A;MICROMEDICAL;0000318939;20;000;000;80299570042;19082029;; ;N;N;100079377;PT;PE-24;N;N
0000311513;0000311513;ENDOPROTESE ABDOMINAL BIFURCADA AORFIX C/SIST.ENTREGA INTELLIFLEX EXTENSAO PROXIMAL 27MM;12112019;F;2500000;000;000;0000;0000;0000;CX;UN;100;000;000;A;MICROMEDICAL;0000311513;20;000;000;80299570042;19082029;; ;N;N;100081142;PT;PE-27;N;N
0000318940;0000318940;ENDOPROTESE ABDOMINAL BIFURCADA AORFIX C/SIST.ENTREGA INTELLIFLEX EXTENSAO PROXIMAL 31MM;05112020;F;2500000;000;000;0000;0000;0000;CX;UN;100;000;000;A;MICROMEDICAL;0000318940;20;000;000;80299570042;19082029;; ;N;N;100082890;PT;PE-31;N;N
0000314193;0000314193;ENDOPROTESE VASCULAR EXPANS.BALAO GORE VIABAHN VBX;14042020;F;4200000;000;000;0000;0000;0000;CX;UN;100;000;000;A;GORE;0000314193;20;000;000;80067930042;23032030;; ;N;N;100461212;OT;BXA061502K;N;N
0000314194;0000314194;ENDOPROTESE VASCULAR EXPANS.BALAO GORE VIABAHN VBX;14042020;F;4200000;000;000;0000;0000;0000;CX;UN;100;000;000;A;GORE;0000314194;20;000;000;80067930042;23032030;; ;N;N;100461549;OT;BXA071502K;N;N
0000314195;0000314195;ENDOPROTESE VASCULAR EXPANS.BALAO GORE VIABAHN VBX;14042020;F;4200000;000;000;0000;0000;0000;CX;UN;100;000;000;A;GORE;0000314195;20;000;000;80067930042;23032030;; ;N;N;100461239;OT;BXA051902K;N;N
0000314196;0000314196;ENDOPROTESE VASCULAR EXPANS.BALAO GORE VIABAHN VBX;14042020;F;4200000;000;000;0000;0000;0000;CX;UN;100;000;000;A;GORE;0000314196;20;000;000;80067930042;23032030;; ;N;N;100461050;OT;BXA061902K;N;N
0000314197;0000314197;ENDOPROTESE VASCULAR EXPANS.BALAO GORE VIABAHN VBX;14042020;F;4200000;000;000;0000;0000;0000;CX;UN;100;000;000;A;GORE;0000314197;20;000;000;80067930042;23032030;; ;N;N;100461158;OT;BXA071902K;N;N
0000314198;0000314198;ENDOPROTESE VASCULAR EXPANS.BALAO GORE VIABAHN VBX;14042020;F;4200000;000;000;0000;0000;0000;CX;UN;100;000;000;A;GORE;0000314198;20;000;000;80067930042;23032030;; ;N;N;100461492;OT;BXA052902K;N;N
0000314199;0000314199;ENDOPROTESE VASCULAR EXPANS.BALAO GORE VIABAHN VBX;14042020;F;4200000;000;000;0000;0000;0000;CX;UN;100;000;000;A;GORE;0000314199;20;000;000;80067930042;23032030;; ;N;N;100461573;OT;BXA062902K;N;N
0000314200;0000314200;ENDOPROTESE VASCULAR EXPANS.BALAO GORE VIABAHN VBX;14042020;F;4200000;000;000;0000;0000;0000;CX;UN;100;000;000;A;GORE;0000314200;20;000;000;80067930042;23032030;; ;N;N;100461760;OT;BXA072902K;N;N
0000314201;0000314201;ENDOPROTESE VASCULAR EXPANS.BALAO GORE VIABAHN VBX;14042020;F;4200000;000;000;0000;0000;0000;CX;UN;100;000;000;A;GORE;0000314201;20;000;000;80067930042;23032030;; ;N;N;100461476;OT;BXA092902K;N;N
0000314202;0000314202;ENDOPROTESE VASCULAR EXPANS.BALAO GORE VIABAHN VBX;14042020;F;4200000;000;000;0000;0000;0000;CX;UN;100;000;000;A;GORE;0000314202;20;000;000;80067930042;23032030;; ;N;N;100461565;OT;BXA102902K;N;N
0000314203;0000314203;ENDOPROTESE VASCULAR EXPANS.BALAO GORE VIABAHN VBX;14042020;F;4200000;000;000;0000;0000;0000;CX;UN;100;000;000;A;GORE;0000314203;20;000;000;80067930042;23032030;; ;N;N;100461433;OT;BXA112902K;N;N
0000314204;0000314204;ENDOPROTESE VASCULAR EXPANS.BALAO GORE VIABAHN VBX;14042020;F;4200000;000;000;0000;0000;0000;CX;UN;100;000;000;A;GORE;0000314204;20;000;000;80067930042;23032030;; ;N;N;100461557;OT;BXAL082902K;N;N
0000314205;0000314205;ENDOPROTESE VASCULAR EXPANS.BALAO GORE VIABAHN VBX;14042020;F;4200000;000;000;0000;0000;0000;CX;UN;100;000;000;A;GORE;0000314205;20;000;000;80067930042;23032030;; ;N;N;100461638;OT;BXA053902K;N;N
0000314206;0000314206;ENDOPROTESE VASCULAR EXPANS.BALAO GORE VIABAHN VBX;14042020;F;4200000;000;000;0000;0000;0000;CX;UN;100;000;000;A;GORE;0000314206;20;000;000;80067930042;23032030;; ;N;N;100461298;OT;BXA063902K;N;N
0000314207;0000314207;ENDOPROTESE VASCULAR EXPANS.BALAO GORE VIABAHN VBX;14042020;F;4200000;000;000;0000;0000;0000;CX;UN;100;000;000;A;GORE;0000314207;20;000;000;80067930042;23032030;; ;N;N;100461409;OT;BXA073902K;N;N
0000314208;0000314208;ENDOPROTESE VASCULAR EXPANS.BALAO GORE VIABAHN VBX;14042020;F;4200000;000;000;0000;0000;0000;CX;UN;100;000;000;A;GORE;0000314208;20;000;000;80067930042;23032030;; ;N;N;100461085;OT;BXA093902K;N;N
0000314209;0000314209;ENDOPROTESE VASCULAR EXPANS.BALAO GORE VIABAHN VBX;14042020;F;4200000;000;000;0000;0000;0000;CX;UN;100;000;000;A;GORE;0000314209;20;000;000;80067930042;23032030;; ;N;N;100461719;OT;BXA103902K;N;N
0000314210;0000314210;ENDOPROTESE VASCULAR EXPANS.BALAO GORE VIABAHN VBX;14042020;F;4200000;000;000;0000;0000;0000;CX;UN;100;000;000;A;GORE;0000314210;20;000;000;80067930042;23032030;; ;N;N;100461786;OT;BXA113902K;N;N
0000314211;0000314211;ENDOPROTESE VASCULAR EXPANS.BALAO GORE VIABAHN VBX;14042020;F;4200000;000;000;0000;0000;0000;CX;UN;100;000;000;A;GORE;0000314211;20;000;000;80067930042;23032030;; ;N;N;100461204;OT;BXAL083902K;N;N
0000314212;0000314212;ENDOPROTESE VASCULAR EXPANS.BALAO GORE VIABAHN VBX;14042020;F;4200000;000;000;0000;0000;0000;CX;UN;100;000;000;A;GORE;0000314212;20;000;000;80067930042;23032030;; ;N;N;100461697;OT;BXA082902K;N;N
0000314213;0000314213;ENDOPROTESE VASCULAR EXPANS.BALAO GORE VIABAHN VBX;14042020;F;4200000;000;000;0000;0000;0000;CX;UN;100;000;000;A;GORE;0000314213;20;000;000;80067930042;23032030;; ;N;N;100461468;OT;BXA083902K;N;N
0000314214;0000314214;ENDOPROTESE VASCULAR EXPANS.BALAO GORE VIABAHN VBX;14042020;F;4200000;000;000;0000;0000;0000;CX;UN;100;000;000;A;GORE;0000314214;20;000;000;80067930042;23032030;; ;N;N;100461336;OT;BXA085902K;N;N
0000314215;0000314215;ENDOPROTESE VASCULAR EXPANS.BALAO GORE VIABAHN VBX;14042020;F;4200000;000;000;0000;0000;0000;CX;UN;100;000;000;A;GORE;0000314215;20;000;000;80067930042;23032030;; ;N;N;100461743;OT;BXAL085902K;N;N
0000314216;0000314216;ENDOPROTESE VASCULAR EXPANS.BALAO GORE VIABAHN VBX;14042020;F;4200000;000;000;0000;0000;0000;CX;UN;100;000;000;A;GORE;0000314216;20;000;000;80067930042;23032030;; ;N;N;100461808;OT;BXA087902K;N;N
0000314217;0000314217;ENDOPROTESE VASCULAR EXPANS.BALAO GORE VIABAHN VBX;14042020;F;4200000;000;000;0000;0000;0000;CX;UN;100;000;000;A;GORE;0000314217;20;000;000;80067930042;23032030;; ;N;N;100461174;OT;BXAL087902K;N;N
0000314218;0000314218;ENDOPROTESE VASCULAR EXPANS.BALAO GORE VIABAHN VBX;14042020;F;4200000;000;000;0000;0000;0000;CX;UN;100;000;000;A;GORE;0000314218;20;000;000;80067930042;23032030;; ;N;N;100461131;OT;BXA055902K;N;N
0000314219;0000314219;ENDOPROTESE VASCULAR EXPANS.BALAO GORE VIABAHN VBX;14042020;F;4200000;000;000;0000;0000;0000;CX;UN;100;000;000;A;GORE;0000314219;20;000;000;80067930042;23032030;; ;N;N;100461077;OT;BXA065902K;N;N
0000314220;0000314220;ENDOPROTESE VASCULAR EXPANS.BALAO GORE VIABAHN VBX;14042020;F;4200000;000;000;0000;0000;0000;CX;UN;100;000;000;A;GORE;0000314220;20;000;000;80067930042;23032030;; ;N;N;100461611;OT;BXA075902K;N;N
0000314221;0000314221;ENDOPROTESE VASCULAR EXPANS.BALAO GORE VIABAHN VBX;14042020;F;4200000;000;000;0000;0000;0000;CX;UN;100;000;000;A;GORE;0000314221;20;000;000;80067930042;23032030;; ;N;N;100461263;OT;BXA095902K;N;N
0000314222;0000314222;ENDOPROTESE VASCULAR EXPANS.BALAO GORE VIABAHN VBX;14042020;F;4200000;000;000;0000;0000;0000;CX;UN;100;000;000;A;GORE;0000314222;20;000;000;80067930042;23032030;; ;N;N;100461425;OT;BXA105902K;N;N
0000314223;0000314223;ENDOPROTESE VASCULAR EXPANS.BALAO GORE VIABAHN VBX;14042020;F;4200000;000;000;0000;0000;0000;CX;UN;100;000;000;A;GORE;0000314223;20;000;000;80067930042;23032030;; ;N;N;100461506;OT;BXA115902K;N;N
0000314224;0000314224;ENDOPROTESE VASCULAR EXPANS.BALAO GORE VIABAHN VBX;14042020;F;4200000;000;000;0000;0000;0000;CX;UN;100;000;000;A;GORE;0000314224;20;000;000;80067930042;23032030;; ;N;N;100461751;OT;BXA057902K;N;N
0000314225;0000314225;ENDOPROTESE VASCULAR EXPANS.BALAO GORE VIABAHN VBX;14042020;F;4200000;000;000;0000;0000;0000;CX;UN;100;000;000;A;GORE;0000314225;20;000;000;80067930042;23032030;; ;N;N;100461417;OT;BXA067902K;N;N
0000314226;0000314226;ENDOPROTESE VASCULAR EXPANS.BALAO GORE VIABAHN VBX;14042020;F;4200000;000;000;0000;0000;0000;CX;UN;100;000;000;A;GORE;0000314226;20;000;000;80067930042;23032030;; ;N;N;100461107;OT;BXA077902K;N;N
0000314227;0000314227;ENDOPROTESE VASCULAR EXPANS.BALAO GORE VIABAHN VBX;14042020;F;4200000;000;000;0000;0000;0000;CX;UN;100;000;000;A;GORE;0000314227;20;000;000;80067930042;23032030;; ;N;N;100461590;OT;BXA097902K;N;N
0000314228;0000314228;ENDOPROTESE VASCULAR EXPANS.BALAO GORE VIABAHN VBX;14042020;F;4200000;000;000;0000;0000;0000;CX;UN;100;000;000;A;GORE;0000314228;20;000;000;80067930042;23032030;; ;N;N;100461581;OT;BXA107902K;N;N
0000314229;0000314229;ENDOPROTESE VASCULAR EXPANS.BALAO GORE VIABAHN VBX;14042020;F;4200000;000;000;0000;0000;0000;CX;UN;100;000;000;A;GORE;0000314229;20;000;000;80067930042;23032030;; ;N;N;100461646;OT;BXA117902K;N;N
0000289614;0000289614;ENTERAL COMP 800G;29042020;F;34500;000;000;0000;0000;0000;PT;GRS;80000;000;000;A;VITAFOR;0000289614;50;000;000;6542600120015;31032020;7898949730156; ;N;N;;  ;;N;S
0000307180;0000307180;ENTEROGERMINA 2BCFU/5ML 20FR;17022021;F;5032;000;000;2516;0000;0000;CX;FR;2000;000;000;A;SANOFI MEDLEY;0000307180;50;000;000;6193109590014;30042022;7891058017002;-;N;S;;  ;;N;S
0000266250;0000266250;ENTEROGERMINA 4BCFU/5ML 5FR;17022021;F;3189;000;000;6378;0000;0000;CX;FR;500;000;000;A;SANOFI MEDLEY;0000266250;50;000;000;6193109590014;30042022;7891058020286;-;S;S;;  ;;N;S
0000307181;0000307181;ENTEROGERMINA PLUS 4BCFU/5ML 10FR;17022021;F;5032;000;000;5032;0000;0000;CX;FR;1000;000;000;A;SANOFI MEDLEY;0000307181;50;000;000;6193109590014;30042022;7891058022594;-;N;S;;  ;;N;S
0000267723;0000267723;ENTYVIO 300MG PO LIOF.INJ.1FA;07072020;V;1499443;1997720;000;0000;0000;0000;CX;FA;100;000;000;A;TAKEDA;0000267723;50;000;000;1063902710013;31052020;7896641811425;-;N;N;90298080;  ;;N;N
0000317460;0000317460;ENVOLTORIO COMPRESSAO AJUSTAVEL READY WRAP LUVA MAO DIR.BEGE TAM.GRD.;11092020;F;66500;000;000;0000;0000;0000;SC;UN;100;000;000;A;VENOSAN BRASIL;0000317460;20;000;000;10349310028;VIGENTE;7898390914228; ;N;N;100882935;ME;155084;N;N
0000317459;0000317459;ENVOLTORIO COMPRESSAO AJUSTAVEL READY WRAP LUVA MAO DIR.BEGE TAM.MED.;11092020;F;66500;000;000;0000;0000;0000;SC;UN;100;000;000;A;VENOSAN BRASIL;0000317459;20;000;000;10349310028;VIGENTE;7898390914235; ;N;N;100882935;ME;155086;N;N
0000317458;0000317458;ENVOLTORIO COMPRESSAO AJUSTAVEL READY WRAP LUVA MAO DIR.BEGE TAM.PEQ.;11092020;F;66500;000;000;0000;0000;0000;SC;UN;100;000;000;A;VENOSAN BRASIL;0000317458;20;000;000;10349310028;VIGENTE;7898390914242; ;N;N;100882935;ME;155088;N;N
0000317461;0000317461;ENVOLTORIO COMPRESSAO AJUSTAVEL READY WRAP LUVA MAO DIR.BEGE TAM.XG.;11092020;F;66500;000;000;0000;0000;0000;SC;UN;100;000;000;A;VENOSAN BRASIL;0000317461;20;000;000;10349310028;VIGENTE;7898390914259; ;N;N;100882935;ME;155090;N;N
0000317456;0000317456;ENVOLTORIO COMPRESSAO AJUSTAVEL READY WRAP LUVA MAO ESQ.BEGE TAM.GRD.;11092020;F;66500;000;000;0000;0000;0000;SC;UN;100;000;000;A;VENOSAN BRASIL;0000317456;20;000;000;10349310028;VIGENTE;7898390914181; ;N;N;100882935;ME;155076;N;N
0000317455;0000317455;ENVOLTORIO COMPRESSAO AJUSTAVEL READY WRAP LUVA MAO ESQ.BEGE TAM.MED.;11092020;F;66500;000;000;0000;0000;0000;SC;UN;100;000;000;A;VENOSAN BRASIL;0000317455;20;000;000;10349310028;VIGENTE;7898390914198; ;N;N;100882935;ME;155078;N;N
0000317454;0000317454;ENVOLTORIO COMPRESSAO AJUSTAVEL READY WRAP LUVA MAO ESQ.BEGE TAM.PEQ.;11092020;F;66500;000;000;0000;0000;0000;SC;UN;100;000;000;A;VENOSAN BRASIL;0000317454;20;000;000;10349310028;VIGENTE;7898390914204; ;N;N;100882935;ME;155080;N;N
0000317457;0000317457;ENVOLTORIO COMPRESSAO AJUSTAVEL READY WRAP LUVA MAO ESQ.BEGE TAM.XG.;11092020;F;66500;000;000;0000;0000;0000;SC;UN;100;000;000;A;VENOSAN BRASIL;0000317457;20;000;000;10349310028;VIGENTE;7898390914211; ;N;N;100882935;ME;155082;N;N
0000317418;0000317418;ENVOLTORIO COMPRESSAO AJUSTAVEL READY WRAP PE SL DIR.BEGE TAM.XG.19-22CM;11092020;F;47250;000;000;0000;0000;0000;SC;UN;100;000;000;A;VENOSAN BRASIL;0000317418;20;000;000;10349310027;VIGENTE;7898390914587; ;N;N;100882927;ME;155475;N;N
0000317405;0000317405;ENVOLTORIO COMPRESSAO AJUSTAVEL READY WRAP PE SL ESQ.BEGE TAM.GRD.16-19CM;11092020;F;47250;000;000;0000;0000;0000;SC;UN;100;000;000;A;VENOSAN BRASIL;0000317405;20;000;000;10349310027;VIGENTE;7898390914518; ;N;N;100882927;ME;155462;N;N
0000317406;0000317406;ENVOLTORIO COMPRESSAO AJUSTAVEL READY WRAP PE SL ESQ.BEGE TAM.GRD.19-22CM;11092020;F;47250;000;000;0000;0000;0000;SC;UN;100;000;000;A;VENOSAN BRASIL;0000317406;20;000;000;10349310027;VIGENTE;7898390914532; ;N;N;100882927;ME;155466;N;N
0000317408;0000317408;ENVOLTORIO COMPRESSAO AJUSTAVEL READY WRAP PE SL ESQ.BEGE TAM.GRD.XG.19-22CM;11092020;F;47250;000;000;0000;0000;0000;SC;UN;100;000;000;A;VENOSAN BRASIL;0000317408;20;000;000;10349310027;VIGENTE;7898390914570; ;N;N;100882927;ME;155474;N;N
0000317403;0000317403;ENVOLTORIO COMPRESSAO AJUSTAVEL READY WRAP PE SL ESQ.BEGE TAM.MED.16-19CM;11092020;F;47250;000;000;0000;0000;0000;SC;UN;100;000;000;A;VENOSAN BRASIL;0000317403;20;000;000;10349310027;VIGENTE;7898390914471; ;N;N;100882927;ME;155454;N;N
0000317404;0000317404;ENVOLTORIO COMPRESSAO AJUSTAVEL READY WRAP PE SL ESQ.BEGE TAM.MED.19-22CM;11092020;F;47250;000;000;0000;0000;0000;SC;UN;100;000;000;A;VENOSAN BRASIL;0000317404;20;000;000;10349310027;VIGENTE;7898390914495; ;N;N;100882927;ME;155458;N;N
0000317401;0000317401;ENVOLTORIO COMPRESSAO AJUSTAVEL READY WRAP PE SL ESQ.BEGE TAM.PEQ.16-19CM;11092020;F;47250;000;000;0000;0000;0000;SC;UN;100;000;000;A;VENOSAN BRASIL;0000317401;20;000;000;10349310027;VIGENTE;7898390914594; ;N;N;100882927;ME;155478;N;N
0000317402;0000317402;ENVOLTORIO COMPRESSAO AJUSTAVEL READY WRAP PE SL ESQ.BEGE TAM.PEQ.19-22CM;11092020;F;47250;000;000;0000;0000;0000;SC;UN;100;000;000;A;VENOSAN BRASIL;0000317402;20;000;000;10349310027;VIGENTE;7898390914457; ;N;N;100882927;ME;155450;N;N
0000317407;0000317407;ENVOLTORIO COMPRESSAO AJUSTAVEL READY WRAP PE SL ESQ.BEGE TAM.XG.16-19CM;11092020;F;47250;000;000;0000;0000;0000;SC;UN;100;000;000;A;VENOSAN BRASIL;0000317407;20;000;000;10349310027;VIGENTE;7898390914556; ;N;N;100882927;ME;155470;N;N
0000317462;0000317462;ENVOLTORIO COMPRESSAO AJUSTAVEL READY WRAP TIRA AJUSTAVEL EXTENSAO BEGE;11092020;F;24500;000;000;0000;0000;0000;SC;UN;100;000;000;A;VENOSAN BRASIL;0000317462;20;000;000;10349310028;VIGENTE;7898390914396; ;N;N;100882935;ME;155116;N;N
0000289666;0000289666;ENZYFOR 10SACH.3G;29042020;F;18700;000;000;18700;0000;0000;CX;SACH;1000;000;000;A;VITAFOR;0000289666;50;000;000;ISENTO;;7898919865994; ;N;S;;  ;;N;S
0000289668;0000289668;ENZYFOR 30SACH.2G;29042020;F;53000;000;000;17667;0000;0000;CX;SACH;3000;000;000;A;VITAFOR;0000289668;50;000;000;ISENTO;;7898949730385; ;N;S;;  ;;N;S
0000289667;0000289667;ENZYFOR 30SACH.3G;29042020;F;54400;000;000;18133;0000;0000;CX;SACH;3000;000;000;A;VITAFOR;0000289667;50;000;000;ISENTO;;7898943044037; ;N;S;;  ;;N;S
0000315409;0000315409;EPAREMA 103MG/ML SOL.ORAL 12FLAC 10ML;07072020;V;3337;4446;000;2781;3705;0000;CX;FLAC;1200;000;000;A;TAKEDA;0000315409;50;000;000;1063900300209;31102029;7896641800757;-;N;S;;  ;;N;N
0000316263;0000316263;EPAREMA 103MG/ML SOL.ORAL 1FLAC 10ML F.V.;11092020;V;000;318;000;0000;0000;0000;CX;FLAC;100;000;000;A;TAKEDA;0000316263;50;000;000;1063900300225;31102029;;-;N;N;;  ;;N;N
0000315407;0000315407;EPAREMA 103MG/ML SOL.ORAL 4FLAC.10ML;07072020;V;938;1250;000;2345;3125;0000;CX;FLAC;400;000;000;A;TAKEDA;0000315407;50;000;000;1063900300322;31102029;7896641811968;-;N;S;;  ;;N;N
0000315410;0000315410;EPAREMA 103MG/ML SOL.ORAL 60FLAC 10ML;07072020;V;14314;19071;000;2386;3179;0000;CX;FLAC;6000;000;000;A;TAKEDA;0000315410;50;000;000;1063900300225;31102029;7896641800764;-;N;S;;  ;;N;N
0000316262;0000316262;EPAREMA 125MG 1DRG F.V.(120DRGS);11092020;V;000;650;000;0000;0000;0000;CX;DRG;100;000;000;A;TAKEDA;0000316262;50;000;000;1063900300098;31102029;;-;N;N;;  ;;N;N
0000315408;0000315408;EPAREMA 206MG/ML SOL.ORAL 200ML;07072020;V;4316;5750;000;0216;0288;0000;FR;ML;20000;000;000;A;TAKEDA;0000315408;50;000;000;1063900300233;31102029;7896641800313;-;N;S;;  ;;N;N
0000289608;0000289608;EPICOR 30CAPS 500MG;29042020;F;22600;000;000;7533;0000;0000;PT;CAPS;3000;000;000;A;VITAFOR;0000289608;50;000;000;6542600070018;31032020;7898919865895; ;N;S;;  ;;N;S
0000320429;0000320429;EQUIPO AQUECIMENTO SANGUE/FLUIDOS H-1200 C/FLUXO MAXIMO 1400ML/MIN;04022021;F;194400;000;000;0000;0000;0000;SC;UN;100;000;000;A;POLITEC;0000320429;20;000;800;80228990181;VIGENTE;; ;N;N;100914403;ME;DI-300;N;N
0000320430;0000320430;EQUIPO AQUECIMENTO SANGUE/FLUIDOS H-1200 C/FLUXO MAXIMO 500ML/MIN;04022021;F;129600;000;000;0000;0000;0000;SC;UN;100;000;000;A;POLITEC;0000320430;20;000;800;80228990181;VIGENTE;; ;N;N;100914403;ME;D-50;N;N
0000320431;0000320431;EQUIPO AQUECIMENTO SANGUE/FLUIDOS H-1200 C/FLUXO MAXIMO 530ML/MIN;04022021;F;162000;000;000;0000;0000;0000;SC;UN;100;000;000;A;POLITEC;0000320431;20;000;800;80228990181;VIGENTE;; ;N;N;100914403;ME;DI-60HL;N;N
0000320432;0000320432;EQUIPO AQUECIMENTO SANGUE/FLUIDOS H-1200 C/FLUXO MAXIMO 950ML/MIN;04022021;F;162000;000;000;0000;0000;0000;SC;UN;100;000;000;A;POLITEC;0000320432;20;000;800;80228990181;VIGENTE;; ;N;N;100914403;ME;DI-100;N;N
0000313726;0000313726;EQUIPO ENTERAL BOMBA INFUSAO 200CM C/CONECTOR CRUZ/ADAPT.ESCALONADO;10032021;F;134975;000;000;0000;0000;0000;CX;UN;100;000;000;P;PMH;0000313726;20;000;000;80305560101;VIGENTE;; ;N;N;78355702;ME;TM20ENC;N;N
0000313729;0000313729;EQUIPO ENTERAL BOMBA INFUSAO 200CM C/CONECTOR CRUZ/CLIP AFF/ADAPT.ESCALONADO;10032021;F;167244;000;000;0000;0000;0000;CX;UN;100;000;000;P;PMH;0000313729;20;000;000;80305560101;VIGENTE;; ;N;N;78355702;ME;TM20XENC;N;N
0000313727;0000313727;EQUIPO ENTERAL BOMBA INFUSAO 200CM C/CONECTOR CRUZ/INJ.LATERAL/ADAPT.ESCALONADO;10032021;F;153326;000;000;0000;0000;0000;CX;UN;100;000;000;P;PMH;0000313727;20;000;000;80305560101;VIGENTE;; ;N;N;78355702;ME;TM20EN2C;N;N
0000313730;0000313730;EQUIPO ENTERAL BOMBA INFUSAO 200CM C/CONECTOR CRUZ/TRADICIONAL/ADAPT.ESCALONADO;10032021;F;156296;000;000;0000;0000;0000;CX;UN;100;000;000;P;PMH;0000313730;20;000;000;80305560101;VIGENTE;; ;N;N;78355702;ME;TMMSC20EN;N;N
0000301565;0000301565;EQUIPO ENTERAL BOMBA INFUSAO 200CM C/CONECTOR TRADICIONAL/INJ.LATERAL/ADAPT.ESCALONADO;10032021;F;167244;000;000;0000;0000;0000;CX;UN;100;000;000;P;PMH;0000301565;20;000;000;80305560101;VIGENTE;; ;N;N;78355702;ME;TMA20EN2;N;N
0000313728;0000313728;EQUIPO ENTERAL BOMBA INFUSAO 200CM C/CONECTOR TRADICIONAL/INJ.LATERAL/ADAPT.ESCALONADO;10032021;F;145640;000;000;0000;0000;0000;CX;UN;100;000;000;P;PMH;0000313728;20;000;000;80305560101;VIGENTE;; ;N;N;78355702;ME;TMA20EN;N;N
0000313731;0000313731;EQUIPO ENTERAL BOMBA INFUSAO 200CM C/PTA.PERFURANTE/TAMPA PROTETORA/ADAPT.ESCALONADO;10032021;F;163350;000;000;0000;0000;0000;CX;UN;100;000;000;P;PMH;0000313731;20;000;000;80305560101;VIGENTE;; ;N;N;78355702;ME;TMA20XEN;N;N
0000321126;0000321126;EQUIPO ENTERAL P/BOMBA INFUSAO 200CM C/CONECTOR CRUZ/CLIP AFF/ADAPT.ESCALONADO;10032021;F;163350;000;000;0000;0000;0000;CX;UN;100;000;000;I;PMH;0000321126;20;000;000;80305560101;VIGENTE;; ;N;N;78355702;ME;TMA20XENCC;N;N
0000301567;0000301567;EQUIPO ENTERAL P/BOMBA INFUSAO PVC 200CM MULTISPIKE CLIP AFF/ADAPTADOR ESCALONADO;09072019;F;169000;000;000;0000;0000;0000;CX;UN;100;000;000;A;PMH;0000301567;20;000;000;80305560101;VIGENTE;; ;N;N;78355702;ME;TMMSC20XEN;N;N
0000176950;0000176950;EQUIPO EXTENSOR IRRIGADOR/ASPIRACAO;09052017;F;104700;000;000;0000;0000;0000;PGC;UN;100;000;000;A;PANMEDICA;0000176950;20;000;000;80245210258;VIGENTE;; ;N;N;100885829;MC;;N;N
0000267715;0000267715;EQUIPO FOTOSSENSIVEL BOMBA INFUSAO FILTRO AR IN.LATERAL 244CM C/AFF;10032021;F;163771;000;000;0000;0000;0000;CX;UN;100;000;000;P;PMH;0000267715;20;000;000;80012280127;VIGENTE;; ;N;N;;ME;TI*PA300WY01;N;N
0000321127;0000321127;EQUIPO FOTOSSENSIVEL P/BOMBA C/INJ.LATERAL/LUER LOCK ROTATIVO C/RESPIRO 244CM;10032021;F;139975;000;000;0000;0000;0000;CX;UN;100;000;000;I;PMH;0000321127;20;000;000;80012280162;VIGENTE;; ;N;N;78280788;ME;TI*PA300WN01;N;N
0000316836;0000316836;EQUIPO INFUSAO GRAVITACIONAL MACROGOTAS COMPLETO RMDESC;26082020;F;950;000;000;0000;0000;0000;PCT;UN;100;000;000;A;RIOPASA;0000316836;20;000;000;10326850006;VIGENTE;7898923041124; ;N;N;100882161;MC;1139;N;N
0000316837;0000316837;EQUIPO INFUSAO GRAVITACIONAL MACROGOTAS PREMIUM RMDESC;26082020;F;1050;000;000;0000;0000;0000;PCT;UN;100;000;000;A;RIOPASA;0000316837;20;000;000;10326850006;VIGENTE;7898923041131; ;N;N;100882161;MC;2231;N;N
0000316835;0000316835;EQUIPO INFUSAO GRAVITACIONAL MACROGOTAS SIMPLES RMDESC;26082020;F;850;000;000;0000;0000;0000;PCT;UN;100;000;000;A;RIOPASA;0000316835;20;000;000;10326850006;VIGENTE;7898923041117; ;N;N;100882161;MC;2229;N;N
0000319806;0000319806;EQUIPO IRRIGACAO 2VIAS;15122020;F;150000;000;000;0000;0000;0000;CX;UN;100;000;000;A;HORTRON;0000319806;20;000;000;81288549008;VIGENTE;; ;N;N;101027702;MC;ACT 1002;N;N
0000319807;0000319807;EQUIPO IRRIGACAO 4VIAS;15122020;F;150000;000;000;0000;0000;0000;CX;UN;100;000;000;A;HORTRON;0000319807;20;000;000;81288549008;VIGENTE;; ;N;N;101027702;MC;ACT 1004;N;N
0000167433;0000167433;EQUIPO MACRO C/FILTRO BACTER./15UM/DISTAL/INJ.LAT.VALV.LL 1,50MT MOD.T-1000 EMB.PGC;12032021;F;14739;000;000;0000;0000;0000;   ;UN;100;000;000;P;EMBRAMED;0000167433;20;000;000;10252420050;VIGENTE;7898468471592; ;N;N;;MC;378160;N;N
0000240806;0000240806;EQUIPO MACRO FILT.BACTER.DISTAL 15UM CONTROL.FLUXO INJ.LAT.LL 1,50MT EMB.PGC.;12032021;F;22818;000;000;0000;0000;0000;   ;UN;100;000;000;P;EMBRAMED;0000240806;20;000;000;10252420050;VIGENTE;7898468473497; ;N;N;;MC;388619;N;N
0000320433;0000320433;EQUIPO P/AQUECEDOR SANGUE/FLUIDOS HOTLINE C/PORTA INJECAO SAIDA P/GAS ACESSORIOS;04022021;F;91800;000;000;0000;0000;0000;SC;UN;100;000;000;A;POLITEC;0000320433;20;000;800;80228990161;VIGENTE;; ;N;N;100901255;ME;L-80;N;N
0000320434;0000320434;EQUIPO P/AQUECEDOR SANGUE/FLUIDOS HOTLINE S/PORTA  INJECAO(LIVRE LATEX);04022021;F;91800;000;000;0000;0000;0000;SC;UN;100;000;000;A;POLITEC;0000320434;20;000;800;80228990161;VIGENTE;; ;N;N;100901255;ME;L-70NI;N;N
0000267714;0000267714;EQUIPO PARENTERAL BOMBA INFUSAO FILTRO AR INJ.LATERAL 244CM C/AFF;10032021;F;174772;000;000;0000;0000;0000;CX;UN;100;000;000;P;PMH;0000267714;20;000;000;80012280127;VIGENTE;; ;N;N;;ME;T*PU300WY01;N;N
0000313732;0000313732;EQUIPO PARENTERAL BOMBA INFUSAO PVC 240CM C/AFF C/INJ.LATERAL/ADAPT.LUER LOCK;10032021;F;174772;000;000;0000;0000;0000;CX;UN;100;000;000;P;PMH;0000313732;20;000;000;80305560105;VIGENTE;; ;N;N;79420761;ME;TMF24XIL;N;N
0000315847;0000315847;EQUIPO PARENTERAL BOMBA INFUSAO PVC 240CM C/CLIP AFF FILTRO AR C/CONECTOR TRADICIONAL;10032021;F;174772;000;000;0000;0000;0000;CX;UN;100;000;000;P;PMH;0000315847;20;000;000;80305560105;VIGENTE;; ;N;N;79420761;ME;TMAF24XIL;N;N
0000315848;0000315848;EQUIPO PARENTERAL P/BOMBA INFUSAO PVC 240CM FILTRO AR C/CONECTOR TRADICIONAL;10032021;F;142760;000;000;0000;0000;0000;CX;UN;100;000;000;P;PMH;0000315848;20;000;000;80305560104;VIGENTE;; ;N;N;79420753;ME;TMAF24IL;N;N
0000282004;0000282004;ERIVEDGE 150MG 28CAPS GEL.DURA;03072020;V;2356861;3140066;000;841736;1121452;0000;CX;CAPS;2800;000;000;A;ROCHE;0000282004;50;000;000;1010006640012;30102021;7896226506838;-;N;S;90370180;  ;;N;N
0000280887;0000280887;ESBRIET 267MG 270CAPS DURA;03072020;V;1039924;1437634;000;38516;53246;0000;FR;CAPS;27000;000;000;A;ROCHE;0000280887;50;000;000;1010006630017;30062021;7896226507002;+;N;S;90355210;  ;;N;N
0000241096;0000241096;ESCILEX 10MG 7CPDS REV.;07072020;V;1576;2179;000;2251;3113;0000;CX;CPDS;700;000;000;A;SIGMA PHARMA;0000241096;50;000;000;1356906730015;31052021;7894916509701;+;N;S;90367057;  ;;N;N
0000245846;0000245846;ESCILEX 15MG 30CPDS REV.;07072020;V;8144;11259;000;2715;3753;0000;CX;CPDS;3000;000;000;A;SIGMA PHARMA;0000245846;50;000;000;1356906730171;31052021;7894916509626;+;N;S;90367294;  ;;N;N
0000280738;0000280738;ESCILEX 20MG 15CPDS REV.;07072020;V;3796;5248;000;2531;3499;0000;CX;CPDS;1500;000;000;A;SIGMA PHARMA;0000280738;50;000;000;1356906730090;31052021;7894916512169;+;N;S;90367375;  ;;N;N
0000169694;0000169694;ESCOVA PVPI DERGEMANTE 10ML;04062019;F;574;000;000;0000;0000;0000;   ;UN;100;000;000;A;VIC PHARMA;0000169694;50;000;000;NOTIFICACAO;;7897877706097; ;N;N;;  ;;N;N
0000169695;0000169695;ESCOVA SOL.CLOREXIDINA 2% 22ML;04062019;F;574;000;000;0000;0000;0000;   ;UN;100;000;000;A;VIC PHARMA;0000169695;50;000;000;NOTIFICACAO;;7897877706080; ;N;N;;  ;;N;N
0000269866;0000269866;ESFIGMOMANOMETRO G5 C/BRACADEIRA ADU.;12032021;F;96228;000;000;0000;0000;0000;CX;UN;100;000;000;P;EFE;0000269866;20;000;800;10243860044;VIGENTE;; ;N;N;;BD;M-000.09.230 A;N;N
0000269865;0000269865;ESFIGMOMANOMETRO G5 C/BRACADEIRA ADU.PEQ.;12032021;F;91908;000;000;0000;0000;0000;CX;UN;100;000;000;P;EFE;0000269865;20;000;800;10243860044;VIGENTE;; ;N;N;;BD;M-000.09.230 AP;N;N
0000269864;0000269864;ESFIGMOMANOMETRO G5 C/BRACADEIRA BEBE;12032021;F;95256;000;000;0000;0000;0000;CX;UN;100;000;000;P;EFE;0000269864;20;000;800;10243860044;VIGENTE;; ;N;N;;BD;M-000.09.230 CP;N;N
0000269867;0000269867;ESFIGMOMANOMETRO G5 C/BRACADEIRA COXA;12032021;F;99684;000;000;0000;0000;0000;CX;UN;100;000;000;P;EFE;0000269867;20;000;800;10243860044;VIGENTE;; ;N;N;;BD;M-000.09.230 CX;N;N
0000269863;0000269863;ESFIGMOMANOMETRO G5 C/BRACADEIRA CRIANCA;12032021;F;90720;000;000;0000;0000;0000;CX;UN;100;000;000;P;EFE;0000269863;20;000;800;10243860044;VIGENTE;; ;N;N;;BD;M-000.09.230 C;N;N
0000269871;0000269871;ESFIGMOMANOMETRO G7 C/BRACADEIRA ADU.;12032021;F;146232;000;000;0000;0000;0000;CX;UN;100;000;000;P;EFE;0000269871;20;000;800;10243860044;VIGENTE;; ;N;N;;BD;M-000.09.230 A;N;N
0000269870;0000269870;ESFIGMOMANOMETRO G7 C/BRACADEIRA ADU.PEQ.;12032021;F;141912;000;000;0000;0000;0000;CX;UN;100;000;000;P;EFE;0000269870;20;000;800;10243860044;VIGENTE;; ;N;N;;BD;M-000.92.32 AP;N;N
0000269869;0000269869;ESFIGMOMANOMETRO G7 C/BRACADEIRA BEBE;12032021;F;140724;000;000;0000;0000;0000;CX;UN;100;000;000;P;EFE;0000269869;20;000;800;10243860044;VIGENTE;; ;N;N;;BD;M-000.09.232 CP;N;N
0000269872;0000269872;ESFIGMOMANOMETRO G7 C/BRACADEIRA COXA;12032021;F;152604;000;000;0000;0000;0000;CX;UN;100;000;000;P;EFE;0000269872;20;000;800;10243860044;VIGENTE;; ;N;N;;BD;M-000.92.32 CX;N;N
0000269868;0000269868;ESFIGMOMANOMETRO G7 C/BRACADEIRA CRIANCA;12032021;F;145152;000;000;0000;0000;0000;CX;UN;100;000;000;P;EFE;0000269868;20;000;800;10243860044;VIGENTE;; ;N;N;;BD;M-000.09.232 C;N;N
0000269876;0000269876;ESFIGMOMANOMETRO GP C/BRACADEIRA ADU.;12032021;F;124956;000;000;0000;0000;0000;CX;UN;100;000;000;P;EFE;0000269876;20;000;800;10243860044;VIGENTE;; ;N;N;;BD;M-000.09.242 A;N;N
0000269875;0000269875;ESFIGMOMANOMETRO GP C/BRACADEIRA ADU.PEQ.;12032021;F;117612;000;000;0000;0000;0000;CX;UN;100;000;000;P;EFE;0000269875;20;000;800;10243860044;VIGENTE;; ;N;N;;BD;M-000.09.242 AP;N;N
0000269873;0000269873;ESFIGMOMANOMETRO GP C/BRACADEIRA BEBE;12032021;F;111952;000;000;0000;0000;0000;CX;UN;100;000;000;P;EFE;0000269873;20;000;800;10243860044;VIGENTE;; ;N;N;;BD;M-000.09.242 CP;N;N
0000269877;0000269877;ESFIGMOMANOMETRO GP C/BRACADEIRA COXA;12032021;F;125496;000;000;0000;0000;0000;CX;UN;100;000;000;P;EFE;0000269877;20;000;800;10243860044;VIGENTE;; ;N;N;;BD;M-000.09.242 CX;N;N
0000269874;0000269874;ESFIGMOMANOMETRO GP C/BRACADEIRA CRIANCA;12032021;F;116424;000;000;0000;0000;0000;CX;UN;100;000;000;P;EFE;0000269874;20;000;800;10243860044;VIGENTE;; ;N;N;;BD;M-000.09.242 C;N;N
0000269881;0000269881;ESFIGMOMANOMETRO XXL LF-PAREDE C/BRACADEIRA ADU.;12032021;F;213408;000;000;0000;0000;0000;CX;UN;100;000;000;P;EFE;0000269881;20;000;800;10243860044;VIGENTE;; ;N;N;;BD;M-000.09.323 A;N;N
0000269880;0000269880;ESFIGMOMANOMETRO XXL LF-PAREDE C/BRACADEIRA ADU.PEQ.;12032021;F;207900;000;000;0000;0000;0000;CX;UN;100;000;000;P;EFE;0000269880;20;000;800;10243860044;VIGENTE;; ;N;N;;BD;M-000.09.323 AP;N;N
0000269878;0000269878;ESFIGMOMANOMETRO XXL LF-PAREDE C/BRACADEIRA BEBE;12032021;F;202176;000;000;0000;0000;0000;CX;UN;100;000;000;P;EFE;0000269878;20;000;800;10243860044;VIGENTE;; ;N;N;;BD;M-000.0.9323 CP;N;N
0000269882;0000269882;ESFIGMOMANOMETRO XXL LF-PAREDE C/BRACADEIRA COXA;12032021;F;218484;000;000;0000;0000;0000;CX;UN;100;000;000;P;EFE;0000269882;20;000;800;10243860044;VIGENTE;; ;N;N;;BD;M-000.09.323 CX;N;N
0000269879;0000269879;ESFIGMOMANOMETRO XXL LF-PAREDE C/BRACADEIRA CRIANCA;12032021;F;206820;000;000;0000;0000;0000;CX;UN;100;000;000;P;EFE;0000269879;20;000;800;10243860044;VIGENTE;; ;N;N;;BD;M-000.09.323 C;N;N
0000269886;0000269886;ESFIGMOMANOMETRO XXL LF-RODIZIO C/BRACADEIRA ADU.;12032021;F;248940;000;000;0000;0000;0000;CX;UN;100;000;000;P;EFE;0000269886;20;000;800;10243860044;VIGENTE;; ;N;N;;BD;M-000.09.326 A;N;N
0000269885;0000269885;ESFIGMOMANOMETRO XXL LF-RODIZIO C/BRACADEIRA ADU.PEQ.;12032021;F;243432;000;000;0000;0000;0000;CX;UN;100;000;000;P;EFE;0000269885;20;000;800;10243860044;VIGENTE;; ;N;N;;BD;M-000.09.326 AP;N;N
0000269883;0000269883;ESFIGMOMANOMETRO XXL LF-RODIZIO C/BRACADEIRA BEBE;12032021;F;237816;000;000;0000;0000;0000;CX;UN;100;000;000;P;EFE;0000269883;20;000;800;10243860044;VIGENTE;; ;N;N;;BD;M-000.09.326 CP;N;N
0000269887;0000269887;ESFIGMOMANOMETRO XXL LF-RODIZIO C/BRACADEIRA COXA;12032021;F;260064;000;000;0000;0000;0000;CX;UN;100;000;000;P;EFE;0000269887;20;000;800;10243860044;VIGENTE;; ;N;N;;BD;M-000.09.326 CX;N;N
0000269884;0000269884;ESFIGMOMANOMETRO XXL LF-RODIZIO C/BRACADEIRA CRIANCA;12032021;F;242460;000;000;0000;0000;0000;CX;UN;100;000;000;P;EFE;0000269884;20;000;800;10243860044;VIGENTE;; ;N;N;;BD;M-000.09.326 C;N;N
0000308973;0000308973;ESOGASTRO IBP 500MG 28CAPS GEL.DURA +500MG 14CPDS REV.+20MG 42CPDS REV.LIB.RETARD.;09072019;V;16641;22171;000;1981;2639;0000;CX;CPDS;8400;000;000;A;SIGMA PHARMA;0000308973;50;000;000;1023510960051;31122023;;-;N;S;90449193;  ;;N;N
0000302018;0000302018;ESOGASTRO IBP 500MG 56CAPS GEL.DURA+500MG 28CPDS REV+20MG 42CPDS REV.;07072020;V;23655;31516;000;1877;2501;0000;CX;CPDS;12600;000;000;A;SIGMA PHARMA;0000302018;50;000;000;1023510960035;31122023;7894916512558;+;N;S;90418980;  ;;N;N
0000246303;0000246303;ESOGASTRO IBP 500MG BL.AL.PLAS.TRANS.28CAPS GEL.DURA+500MG 14CPDS REV+20MG 42CPDS REV.LIB RETARD;07072020;V;17508;23326;000;2084;2777;0000;CX;CPDS;8400;000;000;A;SIGMA PHARMA;0000246303;50;000;000;1023510960027;31122023;7894916510202;-;N;S;90328329;  ;;N;N
0000175727;0000175727;ESOMEPRAZOL SODICO 40MG PO LIOF.1FA;07072020;V;3305;4569;000;33050;45690;0000;CX;FA;100;000;000;A;SUN FARMACEUTICA;0000175727;50;000;000;1468200270011;28022022;7898272941038;+;N;S;90240731;  ;171000000008;S;N
0000310610;0000310610;ESOMEX 20MG 56CPDS REV.LIB.RETARD.(EMB.HOSP);01102019;F;9905;000;000;1769;0000;0000;CX;CPDS;5600;000;000;A;SIGMA PHARMA;0000310610;50;000;000;1356907000045;31122021;7894916514019;+;S;S;90442202;  ;;N;N
0000309373;0000309373;ESOMEX 20MG 7CPDS REV.LIB.RETARD.;07072020;V;2077;2871;000;2967;4101;0000;CX;CPDS;700;000;000;A;SIGMA PHARMA;0000309373;50;000;000;1356907000010;31122021;7894916512053;+;N;S;90453379;  ;;N;N
0000284482;0000284482;ESOMEX 40MG 56CPDS REV.LIB.RETARD.;09042019;V;20046;27712;000;3580;4949;0000;CX;CPDS;5600;000;000;A;SIGMA PHARMA;0000284482;50;000;000;1356907000088;31122021;7896004759432;+;S;S;90386191;  ;;N;N
0000309372;0000309372;ESOMEX 40MG 7CPDS REV.LIB.RETARD.;07072020;V;4339;5998;000;6199;8569;0000;CX;CPDS;700;000;000;A;SIGMA PHARMA;0000309372;50;000;000;1356907000053;31122021;7894916514002;+;N;S;90453450;  ;;N;N
0000314591;0000314591;ESPACADOR RESPIRATORIO 250ML C/MASCARA SPACEFLUX REUT.;06052020;F;690;000;000;0000;0000;0000;PCT;UN;100;000;000;A;ZANDEI PLASTICOS;0000314591;20;000;1500;81382710001;VIGENTE;7898964742059; ;N;N;100889816;MC;251015;N;N
0000244790;0000244790;ESPECTROPRIMA 40+8MG/ML SUSP.ORAL 50FRX100ML;26062020;F;15832;000;000;3166;0000;0000;CX;FR;5000;000;000;A;PRATI-DONADUZZI;0000244790;50;000;000;1256800210291;31052024;7899547506143;+;S;S;90291883;  ;;N;N
0000321125;0000321125;ESPECULO DESC.2,5MM 1000UNID.;12032021;F;118908;000;000;1189;0000;0000;CX;UN;100000;000;000;I;EFE;0000321125;20;000;800;10243860041;VIGENTE;; ;N;S;;BD;B-000.11.128;N;N
0000321124;0000321124;ESPECULO DESC.4MM 1000UNID.;12032021;F;118909;000;000;1189;0000;0000;CX;UN;100000;000;000;I;EFE;0000321124;20;000;800;10243860041;VIGENTE;; ;N;S;;BD;B-000.11.127;N;N
0000321123;0000321123;ESPECULO SANALON REUT.2,4-3-4-5MM;12032021;F;25920;000;000;0000;0000;0000;CX;UN;400;000;000;I;EFE;0000321123;20;000;800;10243860041;VIGENTE;; ;N;N;;BD;B-000.11.111;N;N
0000321119;0000321119;ESPECULO SANALON REUT.2,4MM;12032021;F;7020;000;000;0000;0000;0000;CX;UN;100;000;000;I;EFE;0000321119;20;000;800;10243860041;VIGENTE;; ;N;N;;BD;B-000.11.107;N;N
0000321120;0000321120;ESPECULO SANALON REUT.3MM;12032021;F;7020;000;000;0000;0000;0000;CX;UN;100;000;000;I;EFE;0000321120;20;000;800;10243860041;VIGENTE;; ;N;N;;BD;B-000.11.108;N;N
0000321121;0000321121;ESPECULO SANALON REUT.4MM;12032021;F;7020;000;000;0000;0000;0000;CX;UN;100;000;000;I;EFE;0000321121;20;000;800;10243860041;VIGENTE;; ;N;N;;BD;B-000.11.109;N;N
0000321122;0000321122;ESPECULO SANALON REUT.5MM;12032021;F;7020;000;000;0000;0000;0000;CX;UN;100;000;000;I;EFE;0000321122;20;000;800;10243860041;VIGENTE;; ;N;N;;BD;B-000.11.110;N;N
0000306667;0000306667;ESPEFOR 20SACH.4G;29042020;F;91300;000;000;45650;0000;0000;CX;SACH;2000;000;000;A;VITAFOR;0000306667;50;000;000;ISENTO;;7898665430408; ;N;S;;  ;;N;S
0000289665;0000289665;ESPEFOR 250G;29042020;F;75000;000;000;0000;0000;0000;LT;GRS;25000;000;000;A;VITAFOR;0000289665;50;000;000;ISENTO;;7898959478093; ;N;N;;  ;;N;S
0000302262;0000302262;ESPIRONOLACTONA 100MG 32CPDS;30062020;V;3413;4718;000;1067;1474;0000;CX;CPDS;3200;000;000;A;VITAPAN;0000302262;50;000;000;1039201830028;30062023;7898049797578;+;N;S;90414268;  ;;S;N
0000302263;0000302263;ESPIRONOLACTONA 50MG 30CPDS;30062020;V;2600;3594;000;0867;1198;0000;CX;CPDS;3000;000;000;A;VITAPAN;0000302263;50;000;000;1039201830044;30062023;7898049797547;+;N;S;90414250;  ;;S;N
0000320869;0000320869;ESPONJA GELATINA ABSORVIVEL HEMOSTATICA NASAL STRIP 80X15X07MM;03032021;F;280000;000;000;0000;0000;0000;CX;ENV;100;000;000;A;DANIALEX CIRURGICO;0000320869;20;000;000;80320680090;25052030;; ;N;N;100535933;ME;SSP801507;N;N
0000320868;0000320868;ESPONJA GELATINA ABSORVIVEL HEMOSTATICA NASAL TAMPON 80X07MM 2ENV.;03032021;F;280000;000;000;1400000;0000;0000;CX;ENV;200;000;000;A;DANIALEX CIRURGICO;0000320868;20;000;000;80320680090;25052030;; ;N;S;100536026;ME;SSP8007;N;N
0000316807;0000316807;ESPONJA GELATINOSA ABSORVIVEL HEMOSTATICA 10X10X10MM 4ENV.;25082020;F;47000;000;000;117500;0000;0000;CX;ENV;400;000;000;A;DANIALEX CIRURGICO;0000316807;20;000;000;80320680090;25052030;; ;N;S;100535968;MC;SSP-101010;N;N
0000316801;0000316801;ESPONJA GELATINOSA ABSORVIVEL HEMOSTATICA 125X80X10MM 2ENV.;25082020;F;220000;000;000;1100000;0000;0000;CX;ENV;200;000;000;A;DANIALEX CIRURGICO;0000316801;20;000;000;80320680090;25052030;; ;N;S;100535909;ME;SSP-100;N;N
0000316802;0000316802;ESPONJA GELATINOSA ABSORVIVEL HEMOSTATICA 70X50X10MM 10ENV.;25082020;F;800000;000;000;800000;0000;0000;CX;ENV;1000;000;000;A;DANIALEX CIRURGICO;0000316802;20;000;000;80320680090;25052030;; ;N;S;100535976;ME;SSP-705010;N;N
0000316806;0000316806;ESPONJA GELATINOSA ABSORVIVEL HEMOSTATICA 80X50X10MM 10ENV.;25082020;F;850000;000;000;850000;0000;0000;CX;ENV;1000;000;000;A;DANIALEX CIRURGICO;0000316806;20;000;000;80320680090;25052030;; ;N;S;100535941;ME;SSP-805010;N;N
0000316804;0000316804;ESPONJA GELATINOSA ABSORVIVEL HEMOSTATICA ESPECIAL 80X50X01MM 20ENV.;25082020;F;998000;000;000;499000;0000;0000;CX;ENV;2000;000;000;A;DANIALEX CIRURGICO;0000316804;20;000;000;80320680090;25052030;; ;N;S;100536018;ME;SSP-805001;N;N
0000316803;0000316803;ESPONJA GELATINOSA ABSORVIVEL HEMOSTATICA FILME 200X70X0,5MM 10ENV.;25082020;F;980000;000;000;980000;0000;0000;CX;ENV;1000;000;000;A;DANIALEX CIRURGICO;0000316803;20;000;000;80320680090;25052030;; ;N;S;100535895;ME;SSP-200705;N;N
0000316808;0000316808;ESPONJA GELATINOSA ABSORVIVEL HEMOSTATICA TAMPAO ANAL 80X30MM 6ENV.;25082020;F;600000;000;000;1000000;0000;0000;CX;ENV;600;000;000;A;DANIALEX CIRURGICO;0000316808;20;000;000;80320680090;25052030;; ;N;S;100535917;ME;SSP-8030;N;N
0000275621;0000275621;ESPRAN 10MG 60CPDS REV.;05042019;V;7051;9747;000;1175;1625;0000;CX;CPDS;6000;000;000;A;TORRENT;0000275621;50;000;000;1052500440040;30062020;8903855072333;+;N;S;90343530;  ;;N;N
0000269891;0000269891;ESTETOSCOPIO GAMMA 3 CARDIOLOGICO;12032021;F;228960;000;000;0000;0000;0000;CX;UN;100;000;000;P;EFE;0000269891;20;000;800;10243860043;VIGENTE;; ;N;N;;BD;M-000.09.944;N;N
0000269888;0000269888;ESTETOSCOPIO GAMMA 3.1 ADU.SIMPLES;12032021;F;62532;000;000;0000;0000;0000;CX;UN;100;000;000;P;EFE;0000269888;20;000;800;10243860043;VIGENTE;; ;N;N;;BD;M-000.09.941;N;N
0000269889;0000269889;ESTETOSCOPIO GAMMA 3.2 ADU.DUPLO;12032021;F;81432;000;000;0000;0000;0000;CX;UN;100;000;000;P;EFE;0000269889;20;000;800;10243860043;VIGENTE;; ;N;N;;BD;M-000.09.942;N;N
0000269890;0000269890;ESTETOSCOPIO GAMMA 3.3 INF.DUPLO;12032021;F;81432;000;000;0000;0000;0000;CX;UN;100;000;000;P;EFE;0000269890;20;000;800;10243860043;VIGENTE;; ;N;N;;BD;M-000.09.943;N;N
0000317497;0000317497;ESTIMULADOR NEUROMUSCULAR GEKO T-3;15122020;F;170000;000;000;0000;0000;0000;ENV;UN;100;000;000;A;HEALINGMED;0000317497;20;000;000;80686360256;VIGENTE;; ;N;N;100887961;ME;T3ME02;N;N
0000257158;0000257158;ETINILESTRADIOL+DESOGESTREL 0,02+0,15MG 21CPDS REV.;30062020;V;2234;3088;000;1064;1470;0000;CX;CPDS;2100;000;000;A;SANDOZ;0000257158;50;000;000;1004705260011;31122023;7897595620910;+;N;S;90310314;  ;;S;N
0000297277;0000297277;ETINILESTRADIOL+DESOGESTREL 0,03+0,15MG 21CPDS REV.;30062020;V;1788;2472;000;0000;0000;0000;CX;CPDS;2100;000;000;A;SANDOZ;0000297277;50;000;000;1004705260044;31122023;7897595620972;+;N;N;90402804;  ;;S;N
0000271599;0000271599;EUDOK 10MG 30CPDS REV.;30062020;V;4270;5904;000;1423;1968;0000;CX;CPDS;3000;000;000;A;UNIAO QUIMICA;0000271599;50;000;000;1049713950046;28022021;7896006215936;+;N;S;90343859;  ;;N;N
0000271600;0000271600;EUDOK 15MG 30CPDS REV.;30062020;V;4819;6662;000;1606;2221;0000;CX;CPDS;3000;000;000;A;UNIAO QUIMICA;0000271600;50;000;000;1049713950178;28022021;7896006215943;+;N;S;90343867;  ;;N;N
0000271601;0000271601;EUDOK 20MG 30CPDS REV.;30062020;V;6576;9091;000;2192;3030;0000;CX;CPDS;3000;000;000;A;UNIAO QUIMICA;0000271601;50;000;000;1049713950119;28022021;7896006215950;+;N;S;90343875;  ;;N;N
0000265465;0000265465;EXCALV 1MG 30CPDS REV;07072020;V;2732;3640;000;0911;1213;0000;CX;CPDS;3000;000;000;A;TEUTO BRAS;0000265465;50;000;000;1037006530065;30092020;7896112198000;+;N;S;90339185;  ;;N;N
0000306812;0000306812;EXEMESTANO 25MG 30CPDS REV.;07072020;V;53727;74274;000;17909;24758;0000;CX;CPDS;3000;000;000;A;SUN FARMACEUTICA;0000306812;50;000;000;1468200660063;31082023;7898524980426;+;N;S;90429028;  ;;S;N
0000276011;0000276011;EXEMESTANO 25MG 30DRGS;23062020;V;53727;74274;000;17909;24758;0000;CX;DRGS;3000;000;000;A;WYETH;0000276011;50;000;000;1211003350022;28022021;7891045028882;+;N;S;90351460;  ;;S;N
0000269862;0000269862;EXPANSOR PELE HUMECA;12032021;F;10718460;000;000;0000;0000;0000;EST;UN;100;000;000;P;EFE;0000269862;20;000;800;10243860057;VIGENTE;; ;N;N;;BD;6.HMAC01;N;N
0000172625;0000172625;EXTENSAO ASPIRACAO 5X8MMX4MT C/2PONTEIRAS P/CONEXAO EST.DESC.;31032020;F;7050;000;000;0000;0000;0000;PGC;UN;100;000;000;A;FLEXOR;0000172625;20;000;000;10342310060;VIGENTE;; ;N;N;100882595;MC;TUB-158;N;N
0000318148;0000318148;EXTENSAO DESC.VERDE 4,5X6,80MMX10MT C/CONECTOR GRADUADO/RIGIDO EST.;14102020;F;13000;000;000;0000;0000;0000;PGC;ENV;100;000;000;A;FLEXOR;0000318148;20;000;000;10342310060;VIGENTE;; ;N;N;100882595;MC;TUB-138;N;N
0000270004;0000270004;EXTENSAO FLEXIVEL DESC.CRISTAL 4,5X6,8MMX4MT C/CONECTOR GRADUADO EST.;31032020;F;6400;000;000;0000;0000;0000;PGC;ENV;100;000;000;A;FLEXOR;0000270004;20;000;000;10342310060;VIGENTE;; ;N;N;100882595;MC;TUB-159;N;N
0000269999;0000269999;EXTENSAO FLEXIVEL DESC.CRISTAL 5,3X8MMX4MT C/CONECTOR GRADUADO/ELASTOMERO EST.;31032020;F;7050;000;000;0000;0000;0000;PGC;ENV;100;000;000;A;FLEXOR;0000269999;20;000;000;10342310060;VIGENTE;; ;N;N;100882595;MC;TUB-160;N;N
0000172629;0000172629;EXTENSAO OXIGENACAO CRISTAL/VERDE 2MT C/2PONTEIRAS MALEAVEIS P/CONEXAO EST.DESC.;31032020;F;4200;000;000;0000;0000;0000;PGC;ENV;100;000;000;A;FLEXOR;0000172629;20;000;000;10342310060;VIGENTE;; ;N;N;100882595;MC;TUB-123;N;N
0000172630;0000172630;EXTENSAO OXIGENACAO CRISTAL/VERDE 3MT C/2PONTEIRAS MALEAVEIS P/CONEXAO EST.DESC.;31032020;F;5700;000;000;0000;0000;0000;PGC;UN;100;000;000;A;FLEXOR;0000172630;20;000;000;10342310060;VIGENTE;; ;N;N;100882595;MC;TUB-120;N;N
0000172631;0000172631;EXTENSAO OXIGENACAO CRISTAL/VERDE 4MT C/2PONTEIRAS MALEAVEIS P/CONEXAO EST.DESC.;31032020;F;6400;000;000;0000;0000;0000;PGC;UN;100;000;000;A;FLEXOR;0000172631;20;000;000;10342310060;VIGENTE;; ;N;N;100882595;MC;TUB-123;N;N
0000268773;0000268773;EXTODIN 100MCG/ML SOL.INJ.5FA 2ML;30062020;F;63710;000;000;127420;0000;0000;CX;FA;500;000;000;A;UNIAO QUIMICA;0000268773;50;000;000;1049713930010;31122020;7896006210474;+;S;S;90343786;  ;;N;N
0000316195;0000316195;EXTRATOR CALCULO NITINOL NITAN HELICAL 4FIOS 2,5FR 90CM;21072020;F;295000;000;000;0000;0000;0000;CX;UN;100;000;000;A;MEDI-GLOBE;0000316195;20;000;000;80073110113;VIGENTE;; ;N;N;100900232;ME;48012456;N;N
0000316197;0000316197;EXTRATOR CALCULO NITINOL NITAN HELICAL 4FIOS 3FR 120CM;21072020;F;295000;000;000;0000;0000;0000;CX;UN;100;000;000;A;MEDI-GLOBE;0000316197;20;000;000;80073110113;VIGENTE;; ;N;N;100900232;ME;48012458;N;N
0000316196;0000316196;EXTRATOR CALCULO NITINOL NITAN HELICAL 4FIOS 3FR 90CM;21072020;F;295000;000;000;0000;0000;0000;CX;UN;100;000;000;A;MEDI-GLOBE;0000316196;20;000;000;80073110113;VIGENTE;; ;N;N;100900232;ME;48012457;N;N
0000316200;0000316200;EXTRATOR CALCULO NITINOL NITAN HELICAL 4FIOS 4,5FR 90CM;21072020;F;295000;000;000;0000;0000;0000;CX;UN;100;000;000;A;MEDI-GLOBE;0000316200;20;000;000;80073110113;VIGENTE;; ;N;N;100900232;ME;48012461;N;N
0000316201;0000316201;EXTRATOR CALCULO NITINOL NITAN HELICAL 5FIOS 4,5FR 90CM;21072020;F;295000;000;000;0000;0000;0000;CX;UN;100;000;000;A;MEDI-GLOBE;0000316201;20;000;000;80073110113;VIGENTE;; ;N;N;100900232;ME;48012462;N;N
0000316198;0000316198;EXTRATOR CALCULO NITINOL NITAN TIPLESS 4FIOS 1,8FR 120CM;21072020;F;390000;000;000;0000;0000;0000;CX;UN;100;000;000;A;MEDI-GLOBE;0000316198;20;000;000;80073110113;VIGENTE;; ;N;N;100900232;ME;48012459;N;N
0000316199;0000316199;EXTRATOR CALCULO NITINOL NITAN TIPLESS 4FIOS 2,5FR 90CM;21072020;F;390000;000;000;0000;0000;0000;CX;UN;100;000;000;A;MEDI-GLOBE;0000316199;20;000;000;80073110113;VIGENTE;; ;N;N;100900232;ME;48012460;N;N
0000314895;0000314895;EXTRATOR CALCULO NITINOL STONE WRAPPER 3FIOS 1,5FR 120CM ABERTO.11MM;21072020;F;450000;000;000;0000;0000;0000;CX;UN;100;000;000;A;MEDI-GLOBE;0000314895;20;000;000;80073110114;VIGENTE;; ;N;N;100900240;ME;48012554;N;N
0000314894;0000314894;EXTRATOR CALCULO NITINOL STONE WRAPPER 3FIOS 1,5FR 120CM ABERTO.8MM;21072020;F;450000;000;000;0000;0000;0000;CX;UN;100;000;000;A;MEDI-GLOBE;0000314894;20;000;000;80073110114;VIGENTE;; ;N;N;100900240;ME;48012553;N;N
0000314897;0000314897;EXTRATOR CALCULO NITINOL STONE WRAPPER 3FIOS 2FR 120CM ABERTO.11MM;21072020;F;450000;000;000;0000;0000;0000;CX;UN;100;000;000;A;MEDI-GLOBE;0000314897;20;000;000;80073110114;VIGENTE;; ;N;N;100900240;ME;48012556;N;N
0000314896;0000314896;EXTRATOR CALCULO NITINOL STONE WRAPPER 3FIOS 2FR 120CM ABERTO.8MM;21072020;F;450000;000;000;0000;0000;0000;CX;UN;100;000;000;A;MEDI-GLOBE;0000314896;20;000;000;80073110114;VIGENTE;; ;N;N;100900240;ME;48012555;N;N
0000271765;0000271765;EZETIMIBA 10MG 30CPDS;30062020;V;5770;7977;000;1923;2659;0000;CX;CPDS;3000;000;000;A;SANDOZ;0000271765;50;000;000;1004705380023;31032025;7897595628404;+;N;S;90310497;  ;;S;N
0000279751;0000279751;EZETIMIBA 10MG 30CPDS;07072020;V;3603;4981;000;1201;1660;0000;BL;CPDS;3000;000;000;A;TEUTO BRAS;0000279751;50;000;000;1037006860049;31052021;7896112100041;+;N;S;90351088;  ;;S;N
0000297273;0000297273;EZETIMIBA 10MG 60CPDS;30062020;V;6801;9402;000;1134;1567;0000;CX;CPDS;6000;000;000;A;SANDOZ;0000297273;50;000;000;1004705380041;31032025;7897595635099;+;N;S;90402952;  ;;S;N
0000297278;0000297278;EZETIMIBA+SINVASTATINA 10+10MG 28CPDS;30062020;V;5318;7352;000;1899;2626;0000;CX;CPDS;2800;000;000;A;SANDOZ;0000297278;50;000;000;1004706020136;31032022;7897595632210;+;N;S;90402847;  ;;S;N
0000297279;0000297279;EZETIMIBA+SINVASTATINA 10+20MG 28CPDS;30062020;V;5318;7352;000;1899;2626;0000;CX;CPDS;2800;000;000;A;SANDOZ;0000297279;50;000;000;1004706020330;31032022;7897595632227;+;N;S;90402820;  ;;S;N
0000297280;0000297280;EZETIMIBA+SINVASTATINA 10+40MG 28CPDS;30062020;V;9317;12880;000;3328;4600;0000;CX;CPDS;2800;000;000;A;SANDOZ;0000297280;50;000;000;1004706020535;31032022;7897595632234;+;N;S;90402839;  ;;S;N
0000320111;0000320111;EZONIA 2MG 20CPDS REV.;05012021;V;4795;6388;000;2398;3194;0000;CX;CPDS;2000;000;000;A;MOMENTA FARMACEUTICA;0000320111;50;000;000;1942701000064;30092030;7899640809592;-;N;S;90496833;  ;;N;N
0000320112;0000320112;EZONIA 3MG 20CPDS REV.;05012021;V;4795;6388;000;2398;3194;0000;CX;CPDS;2000;000;000;A;MOMENTA FARMACEUTICA;0000320112;50;000;000;1942701000102;30092030;7899640809608;-;N;S;90496841;  ;;N;N
0000269651;0000269651;FEIBA 2500U PO LIOF.INJ.FA+FA DIL.50ML+CONJ.REC.INFUS.;03072020;F;986784;000;000;0000;0000;0000;CX;FA;100;000;000;A;SHIRE FARMACEUTICA;0000269651;50;000;000;1697900160051;30092026;7898924769263;+;S;N;90416716;  ;;N;N
0000306776;0000306776;FELDENE SL 20MG 4CPDS ORODISP.;07082020;V;2113;2921;000;5283;7303;0000;CX;CPDS;400;000;000;A;WYETH;0000306776;50;000;000;1211003860225;31102029;7891268180275;+;N;S;90406761;  ;;N;N
0000256021;0000256021;FELDENE SL 20MG 6CPDS DISSOL.INST.;07082020;V;3170;4382;000;5283;7303;0000;CX;CPDS;600;000;000;A;WYETH;0000256021;50;000;000;1211003860101;31102029;7891268110852;+;N;S;90405331;  ;;N;N
0000304239;0000304239;FELISSA 10MG 28CPDS REV.;07072020;V;12955;17910;000;4627;6396;0000;CX;CPDS;2800;000;000;A;SUN FARMACEUTICA;0000304239;50;000;000;1468200540041;31052022;7898524980792;+;N;S;90413563;  ;;N;N
0000304240;0000304240;FELISSA 15MG 28CPDS REV.;07072020;V;9866;13639;000;3524;4871;0000;CX;CPDS;2800;000;000;A;SUN FARMACEUTICA;0000304240;50;000;000;1468200540076;31052022;7898524980860;+;N;S;90413571;  ;;N;N
0000310686;0000310686;FENAFLAN 11,6MG/G GEL 60G;01082020;V;1092;1455;000;0182;0243;0000;CX;CPDS;6000;000;000;A;TEUTO BRAS;0000310686;50;000;000;1037000800095;31082021;7896112142126;-;N;S;90312317;  ;;N;N
0000265466;0000265466;FENAFLAN 15MG/ML SUSP.ORAL GTS.20ML;07072020;V;829;1146;000;0415;0573;0000;FR;ML;2000;000;000;A;TEUTO BRAS;0000265466;50;000;000;1037006510031;30092020;7896112198949;+;N;S;90339371;  ;;N;N
0000289590;0000289590;FENAFLAN D 44,3MG 20CPDS DISP.;07072020;V;681;941;000;0341;0471;0000;CX;CPDS;2000;000;000;A;TEUTO BRAS;0000289590;50;000;000;1037000800222;31082021;7896112122494;+;N;S;90381106;  ;;N;N
0000244913;0000244913;FENAREN 10MG/G GEL.TOP.60G;30062020;V;1401;1867;000;0234;0311;0000;BG;GR;6000;000;000;A;UNIAO QUIMICA;0000244913;50;000;000;1049701200128;31072023;7896006208358;-;N;S;90323890;  ;;N;N
0000286246;0000286246;FENAZIC 15MG 28CPDS REV.LIB.PROLONG.;27062020;V;12882;17163;000;4601;6130;0000;BL;CPDS;2800;000;000;A;ZODIAC;0000286246;50;000;000;1221400990084;31102021;7892953003299;-;N;S;90359151;  ;;N;N
0000286247;0000286247;FENAZIC 7,5MG 14CPDS REV.LIB.PROLONG.;27062020;V;5264;7013;000;3760;5009;0000;BL;CPDS;1400;000;000;A;ZODIAC;0000286247;50;000;000;1221400990025;31102021;7892953003237;-;N;S;90359186;  ;;N;N
0000286248;0000286248;FENAZIC 7,5MG 28CPDS REV.LIB.PROLONG.;27062020;V;10528;14027;000;3760;5010;0000;BL;CPDS;2800;000;000;A;ZODIAC;0000286248;50;000;000;1221400990033;31102021;7892953003244;-;N;S;90359119;  ;;N;N
0000262119;0000262119;FENOBARBITAL 100MG 100CPDS(EMB.HOSP);23062020;F;2260;000;000;0226;0000;0000;CX;CPDS;10000;000;000;A;TEUTO BRAS;0000262119;50;000;000;1037006400021;30082020;7896112122456;+;S;S;90339690;  ;;S;N
0000262120;0000262120;FENOBARBITAL 100MG 20CPDS(EMB.HOSP.);07072020;V;450;622;000;0225;0311;0000;CX;CPDS;2000;000;000;A;TEUTO BRAS;0000262120;50;000;000;1037006400013;30082020;7896112125358;+;N;S;90312490;  ;;S;N
0000262118;0000262118;FENOBARBITAL 200MG/ML 60AMP 1ML(EMB.HOSP.);23062020;F;7160;000;000;1193;0000;0000;CX;AMP;6000;000;000;A;TEUTO BRAS;0000262118;50;000;000;1037006400064;30082020;7896112137641;+;S;S;90339339;  ;;S;N
0000312874;0000312874;FENTORA 100MCG 28CPDS ORODISPERSIVEL;19062020;V;39421;54497;000;14079;19463;0000;CX;CPDS;2800;000;000;A;TEVA;0000312874;50;000;000;1557300480025;31122028;7898587900843;+;N;S;90437985;  ;;N;N
0000312872;0000312872;FENTORA 100MCG 4CPDS ORODISPERSIVEL;19062020;V;5632;7786;000;14080;19465;0000;CX;CPDS;400;000;000;A;TEVA;0000312872;50;000;000;1557300480017;31122028;7898587901383;+;N;S;90437977;  ;;N;N
0000312875;0000312875;FENTORA 200MCG 28CPDS ORODISPERSIVEL;19062020;V;66827;92384;000;23867;32994;0000;CX;CPDS;2800;000;000;A;TEVA;0000312875;50;000;000;1557300480041;31122028;7898587900850;+;N;S;90438000;  ;;N;N
0000312873;0000312873;FENTORA 200MCG 4CPDS ORODISPERSIVEL;19062020;V;9548;13200;000;23870;33000;0000;CX;CPDS;400;000;000;A;TEVA;0000312873;50;000;000;1557300480033;31122028;7898587901390;+;N;S;90437993;  ;;N;N
0000312876;0000312876;FENTORA 400MCG 28CPDS ORODISPERSIVEL;19062020;V;66827;92384;000;23867;32994;0000;CX;CPDS;2800;000;000;A;TEVA;0000312876;50;000;000;1557300480051;31122028;7898587900874;+;N;S;90438019;  ;;N;N
0000312877;0000312877;FENTORA 600MCG 28CPDS ORODISPERSIVEL;19062020;V;66827;92384;000;23867;32994;0000;CX;CPDS;2800;000;000;A;TEVA;0000312877;50;000;000;1557300480068;31122028;7898587900881;+;N;S;90438027;  ;;N;N
0000312878;0000312878;FENTORA 800MCG 28CPDS ORODISPERSIVEL;19062020;V;66827;92384;000;23867;32994;0000;CX;CPDS;2800;000;000;A;TEVA;0000312878;50;000;000;1557300480076;31122028;7898587900898;+;N;S;90438035;  ;;N;N
0000246041;0000246041;FERINJECT 50MG/ML SOL.INJ.IV 1AMP 10ML;07072020;V;46510;61966;000;0000;0000;0000;CX;AMP;100;000;000;A;TAKEDA;0000246041;50;000;000;1063902620014;31102022;7896641806841;-;N;N;90265513;  ;;N;N
0000177435;0000177435;FERISEPT 10MG/ML SOL.TOP.30ML+APLIC.;30062020;F;1099;000;000;0000;0000;0000;FR;ML;3000;000;000;A;UNIAO QUIMICA;0000177435;50;000;000;NOTIFICACAO;;7896006209881;-;N;N;;  ;;N;N
0000240316;0000240316;FERISEPT SPRAY 45ML;30062020;F;1647;000;000;0000;0000;0000;FR;ML;4500;000;000;A;UNIAO QUIMICA;0000240316;50;000;000;NOTIFICACAO;;7896006209898;-;N;N;;  ;;N;N
0000291052;0000291052;FERRAMENTA DISSECCAO P/SIST.LEGEND BOLOTA 08CMX05MM;10032021;F;320000;000;000;0000;0000;0000;ENV;UN;100;000;000;A;RICHARDS;0000291052;20;000;800;10339190206;PENDENTE;; ;N;N;;IT;8AC50;N;N
0000098616;0000098616;FERRAMENTA DISSECCAO P/SIST.LEGEND BOLOTA 08CMX06MM;10032021;F;320000;000;000;0000;0000;0000;ENV;UN;100;000;000;A;RICHARDS;0000098616;20;000;800;10339190206;PENDENTE;; ;N;N;;IT;8AC60;N;N
0000291069;0000291069;FERRAMENTA DISSECCAO P/SIST.LEGEND BOLOTA 09CMX05MM;10032021;F;320000;000;000;0000;0000;0000;ENV;UN;100;000;000;A;RICHARDS;0000291069;20;000;800;10339190206;PENDENTE;; ;N;N;;IT;9AC50;N;N
0000291070;0000291070;FERRAMENTA DISSECCAO P/SIST.LEGEND BOLOTA 09CMX09MM;10032021;F;320000;000;000;0000;0000;0000;ENV;UN;100;000;000;A;RICHARDS;0000291070;20;000;800;10339190206;PENDENTE;; ;N;N;;IT;9AC90;N;N
0000290878;0000290878;FERRAMENTA DISSECCAO P/SIST.LEGEND BOLOTA 10CMX05MM;10032021;F;320000;000;000;0000;0000;0000;ENV;UN;100;000;000;A;RICHARDS;0000290878;20;000;800;10339190206;PENDENTE;; ;N;N;;IT;10AC50;N;N
0000290879;0000290879;FERRAMENTA DISSECCAO P/SIST.LEGEND BOLOTA 10CMX06MM;10032021;F;320000;000;000;0000;0000;0000;ENV;UN;100;000;000;A;RICHARDS;0000290879;20;000;800;10339190206;PENDENTE;; ;N;N;;IT;10AC60;N;N
0000290931;0000290931;FERRAMENTA DISSECCAO P/SIST.LEGEND BOLOTA 14CMX05MM;10032021;F;320000;000;000;0000;0000;0000;ENV;UN;100;000;000;A;RICHARDS;0000290931;20;000;800;10339190206;PENDENTE;; ;N;N;;IT;14AC50;N;N
0000290932;0000290932;FERRAMENTA DISSECCAO P/SIST.LEGEND BOLOTA 14CMX06MM;10032021;F;320000;000;000;0000;0000;0000;ENV;UN;100;000;000;A;RICHARDS;0000290932;20;000;800;10339190206;PENDENTE;; ;N;N;;IT;14AC60;N;N
0000290934;0000290934;FERRAMENTA DISSECCAO P/SIST.LEGEND BOLOTA 14CMX09MM;10032021;F;320000;000;000;0000;0000;0000;ENV;UN;100;000;000;A;RICHARDS;0000290934;20;000;800;10339190206;PENDENTE;; ;N;N;;IT;14AC90;N;N
0000290933;0000290933;FERRAMENTA DISSECCAO P/SIST.LEGEND BOLOTA 14CMX7,5MM;10032021;F;320000;000;000;0000;0000;0000;ENV;UN;100;000;000;A;RICHARDS;0000290933;20;000;800;10339190206;PENDENTE;; ;N;N;;IT;14AC75;N;N
0000098656;0000098656;FERRAMENTA DISSECCAO P/SIST.LEGEND BOLOTA 15CMX05MM;10032021;F;320000;000;000;0000;0000;0000;ENV;UN;100;000;000;A;RICHARDS;0000098656;20;000;800;10339190206;PENDENTE;; ;N;N;;IT;15AC50;N;N
0000098657;0000098657;FERRAMENTA DISSECCAO P/SIST.LEGEND BOLOTA 15CMX06MM;10032021;F;320000;000;000;0000;0000;0000;ENV;UN;100;000;000;A;RICHARDS;0000098657;20;000;800;10339190206;PENDENTE;; ;N;N;;IT;15AC60;N;N
0000290983;0000290983;FERRAMENTA DISSECCAO P/SIST.LEGEND BOLOTA 21CMX06MM;10032021;F;320000;000;000;0000;0000;0000;ENV;UN;100;000;000;A;RICHARDS;0000290983;20;000;800;10339190206;PENDENTE;; ;N;N;;IT;21AC60;N;N
0000290985;0000290985;FERRAMENTA DISSECCAO P/SIST.LEGEND BOLOTA 21CMX09MM;10032021;F;320000;000;000;0000;0000;0000;ENV;UN;100;000;000;A;RICHARDS;0000290985;20;000;800;10339190206;PENDENTE;; ;N;N;;IT;21AC90;N;N
0000290984;0000290984;FERRAMENTA DISSECCAO P/SIST.LEGEND BOLOTA 21CMX7,5MM;10032021;F;320000;000;000;0000;0000;0000;ENV;UN;100;000;000;A;RICHARDS;0000290984;20;000;800;10339190206;PENDENTE;; ;N;N;;IT;21AC75;N;N
0000290996;0000290996;FERRAMENTA DISSECCAO P/SIST.LEGEND BOLOTA 26CMX06MM;10032021;F;320000;000;000;0000;0000;0000;ENV;UN;100;000;000;A;RICHARDS;0000290996;20;000;800;10339190206;PENDENTE;; ;N;N;;IT;26AC60;N;N
0000290998;0000290998;FERRAMENTA DISSECCAO P/SIST.LEGEND BOLOTA 26CMX09MM;10032021;F;320000;000;000;0000;0000;0000;ENV;UN;100;000;000;A;RICHARDS;0000290998;20;000;800;10339190206;PENDENTE;; ;N;N;;IT;26AC90;N;N
0000290997;0000290997;FERRAMENTA DISSECCAO P/SIST.LEGEND BOLOTA 26CMX7,5MM;10032021;F;320000;000;000;0000;0000;0000;ENV;UN;100;000;000;A;RICHARDS;0000290997;20;000;800;10339190206;PENDENTE;; ;N;N;;IT;26AC75;N;N
0000291010;0000291010;FERRAMENTA DISSECCAO P/SIST.LEGEND BOLOTA MN 07CMX06MM;10032021;F;320000;000;000;0000;0000;0000;ENV;UN;100;000;000;A;RICHARDS;0000291010;20;000;800;10339190206;PENDENTE;; ;N;N;;IT;7AC60-MN;N;N
0000291054;0000291054;FERRAMENTA DISSECCAO P/SIST.LEGEND BROCA TORCAO 08CMX0,8X04MM;10032021;F;320000;000;000;0000;0000;0000;ENV;UN;100;000;000;A;RICHARDS;0000291054;20;000;800;10339190206;PENDENTE;; ;N;N;;IT;8TD084;N;N
0000291055;0000291055;FERRAMENTA DISSECCAO P/SIST.LEGEND BROCA TORCAO 08CMX1,0X04MM;10032021;F;320000;000;000;0000;0000;0000;ENV;UN;100;000;000;A;RICHARDS;0000291055;20;000;800;10339190206;PENDENTE;; ;N;N;;IT;8TD104;N;N
0000291056;0000291056;FERRAMENTA DISSECCAO P/SIST.LEGEND BROCA TORCAO 08CMX1,1X04MM;10032021;F;320000;000;000;0000;0000;0000;ENV;UN;100;000;000;A;RICHARDS;0000291056;20;000;800;10339190206;PENDENTE;; ;N;N;;IT;8TD114;N;N
0000291057;0000291057;FERRAMENTA DISSECCAO P/SIST.LEGEND BROCA TORCAO 08CMX1,2X04MM;10032021;F;320000;000;000;0000;0000;0000;ENV;UN;100;000;000;A;RICHARDS;0000291057;20;000;800;10339190206;PENDENTE;; ;N;N;;IT;8TD124;N;N
0000291058;0000291058;FERRAMENTA DISSECCAO P/SIST.LEGEND BROCA TORCAO 08CMX1,2X06MM;10032021;F;320000;000;000;0000;0000;0000;ENV;UN;100;000;000;A;RICHARDS;0000291058;20;000;800;10339190206;PENDENTE;; ;N;N;;IT;8TD126;N;N
0000291059;0000291059;FERRAMENTA DISSECCAO P/SIST.LEGEND BROCA TORCAO 08CMX1,3X04MM;10032021;F;320000;000;000;0000;0000;0000;ENV;UN;100;000;000;A;RICHARDS;0000291059;20;000;800;10339190206;PENDENTE;; ;N;N;;IT;8TD134;N;N
0000291060;0000291060;FERRAMENTA DISSECCAO P/SIST.LEGEND BROCA TORCAO 08CMX1,3X06MM;10032021;F;320000;000;000;0000;0000;0000;ENV;UN;100;000;000;A;RICHARDS;0000291060;20;000;800;10339190206;PENDENTE;; ;N;N;;IT;8TD136;N;N
0000291061;0000291061;FERRAMENTA DISSECCAO P/SIST.LEGEND BROCA TORCAO 08CMX1,5X04MM;10032021;F;320000;000;000;0000;0000;0000;ENV;UN;100;000;000;A;RICHARDS;0000291061;20;000;800;10339190206;PENDENTE;; ;N;N;;IT;8TD154;N;N
0000291062;0000291062;FERRAMENTA DISSECCAO P/SIST.LEGEND BROCA TORCAO 08CMX1,5X06MM;10032021;F;320000;000;000;0000;0000;0000;ENV;UN;100;000;000;A;RICHARDS;0000291062;20;000;800;10339190206;PENDENTE;; ;N;N;;IT;8TD156;N;N
0000291063;0000291063;FERRAMENTA DISSECCAO P/SIST.LEGEND BROCA TORCAO 08CMX1,7X04MM;10032021;F;320000;000;000;0000;0000;0000;ENV;UN;100;000;000;A;RICHARDS;0000291063;20;000;800;10339190206;PENDENTE;; ;N;N;;IT;8TD174;N;N
0000291064;0000291064;FERRAMENTA DISSECCAO P/SIST.LEGEND BROCA TORCAO 08CMX1,7X06MM;10032021;F;320000;000;000;0000;0000;0000;ENV;UN;100;000;000;A;RICHARDS;0000291064;20;000;800;10339190206;PENDENTE;; ;N;N;;IT;8TD176;N;N
0000291065;0000291065;FERRAMENTA DISSECCAO P/SIST.LEGEND BROCA TORCAO 08CMX1,7X08MM;10032021;F;320000;000;000;0000;0000;0000;ENV;UN;100;000;000;A;RICHARDS;0000291065;20;000;800;10339190206;PENDENTE;; ;N;N;;IT;8TD178;N;N
0000291066;0000291066;FERRAMENTA DISSECCAO P/SIST.LEGEND BROCA TORCAO 08CMX2,0X04MM;10032021;F;320000;000;000;0000;0000;0000;ENV;UN;100;000;000;A;RICHARDS;0000291066;20;000;800;10339190206;PENDENTE;; ;N;N;;IT;8TD204;N;N
0000291067;0000291067;FERRAMENTA DISSECCAO P/SIST.LEGEND BROCA TORCAO 08CMX2,0X06MM;10032021;F;320000;000;000;0000;0000;0000;ENV;UN;100;000;000;A;RICHARDS;0000291067;20;000;800;10339190206;PENDENTE;; ;N;N;;IT;8TD206;N;N
0000291068;0000291068;FERRAMENTA DISSECCAO P/SIST.LEGEND BROCA TORCAO 08CMX2,0X08MM;10032021;F;320000;000;000;0000;0000;0000;ENV;UN;100;000;000;A;RICHARDS;0000291068;20;000;800;10339190206;PENDENTE;; ;N;N;;IT;8TD208;N;N
0000290915;0000290915;FERRAMENTA DISSECCAO P/SIST.LEGEND CABECA CORRESPONDENTE 10CMX03MM LONGA;10032021;F;320000;000;000;0000;0000;0000;ENV;UN;100;000;000;A;RICHARDS;0000290915;20;000;800;10339190206;PENDENTE;; ;N;N;;IT;10MH30L;N;N
0000098646;0000098646;FERRAMENTA DISSECCAO P/SIST.LEGEND CABECA CORRESPONDENTE 10CMX1,7MM;10032021;F;320000;000;000;0000;0000;0000;ENV;UN;100;000;000;A;RICHARDS;0000098646;20;000;800;10339190206;PENDENTE;; ;N;N;;IT;10MH17;N;N
0000290928;0000290928;FERRAMENTA DISSECCAO P/SIST.LEGEND CABECA CORRESPONDENTE 12CMX2,2MM;10032021;F;320000;000;000;0000;0000;0000;ENV;UN;100;000;000;A;RICHARDS;0000290928;20;000;800;10339190206;PENDENTE;; ;N;N;;IT;12MH22;N;N
0000290929;0000290929;FERRAMENTA DISSECCAO P/SIST.LEGEND CABECA CORRESPONDENTE 12CMX3,0MM;10032021;F;320000;000;000;0000;0000;0000;ENV;UN;100;000;000;A;RICHARDS;0000290929;20;000;800;10339190206;PENDENTE;; ;N;N;;IT;12MH30;N;N
0000098666;0000098666;FERRAMENTA DISSECCAO P/SIST.LEGEND CABECA CORRESPONDENTE 15CMX1,7MM;10032021;F;320000;000;000;0000;0000;0000;ENV;UN;100;000;000;A;RICHARDS;0000098666;20;000;800;10339190206;PENDENTE;; ;N;N;;IT;15MH17;N;N
0000098668;0000098668;FERRAMENTA DISSECCAO P/SIST.LEGEND CABECA CORRESPONDENTE 15CMX2,2MM;10032021;F;320000;000;000;0000;0000;0000;ENV;UN;100;000;000;A;RICHARDS;0000098668;20;000;800;10339190206;PENDENTE;; ;N;N;;IT;15MH22;N;N
0000290974;0000290974;FERRAMENTA DISSECCAO P/SIST.LEGEND CABECA CORRESPONDENTE 16CMX1,8MM;10032021;F;320000;000;000;0000;0000;0000;ENV;UN;100;000;000;A;RICHARDS;0000290974;20;000;800;10339190206;PENDENTE;; ;N;N;;IT;16MH18;N;N
0000290975;0000290975;FERRAMENTA DISSECCAO P/SIST.LEGEND CABECA CORRESPONDENTE 16CMX1,8MM LONGA;10032021;F;320000;000;000;0000;0000;0000;ENV;UN;100;000;000;A;RICHARDS;0000290975;20;000;800;10339190206;PENDENTE;; ;N;N;;IT;16MH18L;N;N
0000290976;0000290976;FERRAMENTA DISSECCAO P/SIST.LEGEND CABECA CORRESPONDENTE 16CMX2,2MM;10032021;F;320000;000;000;0000;0000;0000;ENV;UN;100;000;000;A;RICHARDS;0000290976;20;000;800;10339190206;PENDENTE;; ;N;N;;IT;16MH22;N;N
0000290994;0000290994;FERRAMENTA DISSECCAO P/SIST.LEGEND CABECA CORRESPONDENTE 21CMX03MM;10032021;F;320000;000;000;0000;0000;0000;ENV;UN;100;000;000;A;RICHARDS;0000290994;20;000;800;10339190206;PENDENTE;; ;N;N;;IT;21MH30;N;N
0000291008;0000291008;FERRAMENTA DISSECCAO P/SIST.LEGEND CABECA CORRESPONDENTE 26CMX03MM;10032021;F;320000;000;000;0000;0000;0000;ENV;UN;100;000;000;A;RICHARDS;0000291008;20;000;800;10339190206;PENDENTE;; ;N;N;;IT;26MH30;N;N
0000291134;0000291134;FERRAMENTA DISSECCAO P/SIST.LEGEND CABECA CORRESPONDENTE TELESC.09CMX02MM;10032021;F;367200;000;000;0000;0000;0000;ENV;UN;100;000;000;A;RICHARDS;0000291134;20;000;800;10339190206;PENDENTE;; ;N;N;;IT;T9MH20;N;N
0000291133;0000291133;FERRAMENTA DISSECCAO P/SIST.LEGEND CABECA CORRESPONDENTE TELESC.09CMX1,5MM;10032021;F;367200;000;000;0000;0000;0000;ENV;UN;100;000;000;A;RICHARDS;0000291133;20;000;800;10339190206;PENDENTE;; ;N;N;;IT;T9MH15;N;N
0000291136;0000291136;FERRAMENTA DISSECCAO P/SIST.LEGEND CABECA CORRESPONDENTE TELESC.09CMX2,5MM;10032021;F;367200;000;000;0000;0000;0000;ENV;UN;100;000;000;A;RICHARDS;0000291136;20;000;800;10339190206;PENDENTE;; ;N;N;;IT;T9MH25;N;N
0000291110;0000291110;FERRAMENTA DISSECCAO P/SIST.LEGEND CABECA CORRESPONDENTE TELESC.12CMX1,5MM;10032021;F;367200;000;000;0000;0000;0000;ENV;UN;100;000;000;A;RICHARDS;0000291110;20;000;800;10339190206;PENDENTE;; ;N;N;;IT;T12MH15;N;N
0000291111;0000291111;FERRAMENTA DISSECCAO P/SIST.LEGEND CABECA CORRESPONDENTE TELESC.12CMX2,0MM;10032021;F;367200;000;000;0000;0000;0000;ENV;UN;100;000;000;A;RICHARDS;0000291111;20;000;800;10339190206;PENDENTE;; ;N;N;;IT;T12MH20;N;N
0000291119;0000291119;FERRAMENTA DISSECCAO P/SIST.LEGEND CABECA CORRESPONDENTE TELESC.14CMX2,5MM;10032021;F;367200;000;000;0000;0000;0000;ENV;UN;100;000;000;A;RICHARDS;0000291119;20;000;800;10339190206;PENDENTE;; ;N;N;;IT;T14MH25;N;N
0000291121;0000291121;FERRAMENTA DISSECCAO P/SIST.LEGEND CABECA CORRESPONDENTE TELESC.15CMX2,5MM;10032021;F;367200;000;000;0000;0000;0000;ENV;UN;100;000;000;A;RICHARDS;0000291121;20;000;800;10339190206;PENDENTE;; ;N;N;;IT;T15MH25;N;N
0000291131;0000291131;FERRAMENTA DISSECCAO P/SIST.LEGEND CABECA CORRESPONDENTE TELESC.18CMX2,5MM;10032021;F;367200;000;000;0000;0000;0000;ENV;UN;100;000;000;A;RICHARDS;0000291131;20;000;800;10339190206;PENDENTE;; ;N;N;;IT;T18MH25;N;N
0000290909;0000290909;FERRAMENTA DISSECCAO P/SIST.LEGEND CABECA CORRESPONDENTE10CMX03MM;10032021;F;320000;000;000;0000;0000;0000;ENV;UN;100;000;000;A;RICHARDS;0000290909;20;000;800;10339190206;PENDENTE;; ;N;N;;IT;10MH30;N;N
0000291081;0000291081;FERRAMENTA DISSECCAO P/SIST.LEGEND CILINDRO 09CMX05MM;10032021;F;320000;000;000;0000;0000;0000;ENV;UN;100;000;000;A;RICHARDS;0000291081;20;000;800;10339190206;PENDENTE;; ;N;N;;IT;9CY50;N;N
0000290900;0000290900;FERRAMENTA DISSECCAO P/SIST.LEGEND CILINDRO 10CMX04MM;10032021;F;320000;000;000;0000;0000;0000;ENV;UN;100;000;000;A;RICHARDS;0000290900;20;000;800;10339190206;PENDENTE;; ;N;N;;IT;10CY40;N;N
0000290901;0000290901;FERRAMENTA DISSECCAO P/SIST.LEGEND CILINDRO 10CMX04MM PONTA ESFERICA;10032021;F;320000;000;000;0000;0000;0000;ENV;UN;100;000;000;A;RICHARDS;0000290901;20;000;800;10339190206;PENDENTE;; ;N;N;;IT;10CY40BR;N;N
0000290902;0000290902;FERRAMENTA DISSECCAO P/SIST.LEGEND CILINDRO 10CMX05MM;10032021;F;320000;000;000;0000;0000;0000;ENV;UN;100;000;000;A;RICHARDS;0000290902;20;000;800;10339190206;PENDENTE;; ;N;N;;IT;10CY50;N;N
0000290904;0000290904;FERRAMENTA DISSECCAO P/SIST.LEGEND CILINDRO 10CMX05MM LONGA;10032021;F;320000;000;000;0000;0000;0000;ENV;UN;100;000;000;A;RICHARDS;0000290904;20;000;800;10339190206;PENDENTE;; ;N;N;;IT;10CY50L;N;N
0000290903;0000290903;FERRAMENTA DISSECCAO P/SIST.LEGEND CILINDRO 10CMX05MM PONTA ESFERICA;10032021;F;320000;000;000;0000;0000;0000;ENV;UN;100;000;000;A;RICHARDS;0000290903;20;000;800;10339190206;PENDENTE;; ;N;N;;IT;10CY50BR;N;N
0000290905;0000290905;FERRAMENTA DISSECCAO P/SIST.LEGEND CILINDRO 10CMX06MM PONTA ESFERICA;10032021;F;320000;000;000;0000;0000;0000;ENV;UN;100;000;000;A;RICHARDS;0000290905;20;000;800;10339190206;PENDENTE;; ;N;N;;IT;10CY60BR;N;N
0000290953;0000290953;FERRAMENTA DISSECCAO P/SIST.LEGEND CILINDRO 14CMX05MM BLUNT;10032021;F;320000;000;000;0000;0000;0000;ENV;UN;100;000;000;A;RICHARDS;0000290953;20;000;800;10339190206;PENDENTE;; ;N;N;;IT;14CY50B;N;N
0000290954;0000290954;FERRAMENTA DISSECCAO P/SIST.LEGEND CILINDRO 14CMX05MM LONGA;10032021;F;320000;000;000;0000;0000;0000;ENV;UN;100;000;000;A;RICHARDS;0000290954;20;000;800;10339190206;PENDENTE;; ;N;N;;IT;14CY50L;N;N
0000290955;0000290955;FERRAMENTA DISSECCAO P/SIST.LEGEND CILINDRO 14CMX06MM;10032021;F;320000;000;000;0000;0000;0000;ENV;UN;100;000;000;A;RICHARDS;0000290955;20;000;800;10339190206;PENDENTE;; ;N;N;;IT;14CY60;N;N
0000290958;0000290958;FERRAMENTA DISSECCAO P/SIST.LEGEND CILINDRO 14CMX09MM;10032021;F;320000;000;000;0000;0000;0000;ENV;UN;100;000;000;A;RICHARDS;0000290958;20;000;800;10339190206;PENDENTE;; ;N;N;;IT;14CY90;N;N
0000290957;0000290957;FERRAMENTA DISSECCAO P/SIST.LEGEND CILINDRO 14CMX7,6MM LONGA;10032021;F;320000;000;000;0000;0000;0000;ENV;UN;100;000;000;A;RICHARDS;0000290957;20;000;800;10339190206;PENDENTE;; ;N;N;;IT;14CY76L;N;N
0000290968;0000290968;FERRAMENTA DISSECCAO P/SIST.LEGEND CILINDRO 15CMX05MM;10032021;F;320000;000;000;0000;0000;0000;ENV;UN;100;000;000;A;RICHARDS;0000290968;20;000;800;10339190206;PENDENTE;; ;N;N;;IT;15CY50;N;N
0000290969;0000290969;FERRAMENTA DISSECCAO P/SIST.LEGEND CILINDRO 15CMX05MM LONGA;10032021;F;320000;000;000;0000;0000;0000;ENV;UN;100;000;000;A;RICHARDS;0000290969;20;000;800;10339190206;PENDENTE;; ;N;N;;IT;15CY50L;N;N
0000290970;0000290970;FERRAMENTA DISSECCAO P/SIST.LEGEND CILINDRO 15CMX06MM;10032021;F;320000;000;000;0000;0000;0000;ENV;UN;100;000;000;A;RICHARDS;0000290970;20;000;800;10339190206;PENDENTE;; ;N;N;;IT;15CY60;N;N
0000290993;0000290993;FERRAMENTA DISSECCAO P/SIST.LEGEND CILINDRO 21CMX09MM;10032021;F;320000;000;000;0000;0000;0000;ENV;UN;100;000;000;A;RICHARDS;0000290993;20;000;800;10339190206;PENDENTE;; ;N;N;;IT;21CY90;N;N
0000291007;0000291007;FERRAMENTA DISSECCAO P/SIST.LEGEND CILINDRO 26CMX09MM;10032021;F;320000;000;000;0000;0000;0000;ENV;UN;100;000;000;A;RICHARDS;0000291007;20;000;800;10339190206;PENDENTE;; ;N;N;;IT;26CY90;N;N
0000291006;0000291006;FERRAMENTA DISSECCAO P/SIST.LEGEND CILINDRO 26CMX7,5MM;10032021;F;320000;000;000;0000;0000;0000;ENV;UN;100;000;000;A;RICHARDS;0000291006;20;000;800;10339190206;PENDENTE;; ;N;N;;IT;26CY75;N;N
0000291053;0000291053;FERRAMENTA DISSECCAO P/SIST.LEGEND CORTADOR AFUNILADO 08CMX1,7MM;10032021;F;320000;000;000;0000;0000;0000;ENV;UN;100;000;000;A;RICHARDS;0000291053;20;000;800;10339190206;PENDENTE;; ;N;N;;IT;8TA17;N;N
0000282207;0000282207;FERRAMENTA DISSECCAO P/SIST.LEGEND CORTADOR AFUNILADO 09CMX03MM;10032021;F;320000;000;000;0000;0000;0000;ENV;UN;100;000;000;A;RICHARDS;0000282207;20;000;800;10339190206;PENDENTE;; ;N;N;;IT;9TA30;N;N
0000290916;0000290916;FERRAMENTA DISSECCAO P/SIST.LEGEND CORTADOR AFUNILADO 10CMX2,3MM;10032021;F;320000;000;000;0000;0000;0000;ENV;UN;100;000;000;A;RICHARDS;0000290916;20;000;800;10339190206;PENDENTE;; ;N;N;;IT;1OTA23;N;N
0000290965;0000290965;FERRAMENTA DISSECCAO P/SIST.LEGEND CORTADOR AFUNILADO 14CMX03MM;10032021;F;320000;000;000;0000;0000;0000;ENV;UN;100;000;000;A;RICHARDS;0000290965;20;000;800;10339190206;PENDENTE;; ;N;N;;IT;14TA30;N;N
0000290966;0000290966;FERRAMENTA DISSECCAO P/SIST.LEGEND CORTADOR AFUNILADO 14CMX3,1MM;10032021;F;320000;000;000;0000;0000;0000;ENV;UN;100;000;000;A;RICHARDS;0000290966;20;000;800;10339190206;PENDENTE;; ;N;N;;IT;14TA31;N;N
0000290972;0000290972;FERRAMENTA DISSECCAO P/SIST.LEGEND CORTADOR AFUNILADO 15CMX2,3MM;10032021;F;320000;000;000;0000;0000;0000;ENV;UN;100;000;000;A;RICHARDS;0000290972;20;000;800;10339190206;PENDENTE;; ;N;N;;IT;15TA23;N;N
0000290973;0000290973;FERRAMENTA DISSECCAO P/SIST.LEGEND CORTADOR AFUNILADO 15CMX2,3MM LONGA;10032021;F;320000;000;000;0000;0000;0000;ENV;UN;100;000;000;A;RICHARDS;0000290973;20;000;800;10339190206;PENDENTE;; ;N;N;;IT;15TA23L;N;N
0000290977;0000290977;FERRAMENTA DISSECCAO P/SIST.LEGEND CORTADOR AFUNILADO 16CMX1,1MM;10032021;F;320000;000;000;0000;0000;0000;ENV;UN;100;000;000;A;RICHARDS;0000290977;20;000;800;10339190206;PENDENTE;; ;N;N;;IT;16TA11;N;N
0000290978;0000290978;FERRAMENTA DISSECCAO P/SIST.LEGEND CORTADOR AFUNILADO 16CMX1,3MM;10032021;F;320000;000;000;0000;0000;0000;ENV;UN;100;000;000;A;RICHARDS;0000290978;20;000;800;10339190206;PENDENTE;; ;N;N;;IT;16TA13;N;N
0000290979;0000290979;FERRAMENTA DISSECCAO P/SIST.LEGEND CORTADOR AFUNILADO 16CMX1,5MM;10032021;F;320000;000;000;0000;0000;0000;ENV;UN;100;000;000;A;RICHARDS;0000290979;20;000;800;10339190206;PENDENTE;; ;N;N;;IT;16TA15;N;N
0000290980;0000290980;FERRAMENTA DISSECCAO P/SIST.LEGEND CORTADOR AFUNILADO 16CMX1,7MM;10032021;F;320000;000;000;0000;0000;0000;ENV;UN;100;000;000;A;RICHARDS;0000290980;20;000;800;10339190206;PENDENTE;; ;N;N;;IT;16TA17;N;N
0000290981;0000290981;FERRAMENTA DISSECCAO P/SIST.LEGEND CORTADOR AFUNILADO 16CMX2,3MM;10032021;F;320000;000;000;0000;0000;0000;ENV;UN;100;000;000;A;RICHARDS;0000290981;20;000;800;10339190206;PENDENTE;; ;N;N;;IT;16TA23;N;N
0000290995;0000290995;FERRAMENTA DISSECCAO P/SIST.LEGEND CORTADOR AFUNILADO 21CMX03MM;10032021;F;320000;000;000;0000;0000;0000;ENV;UN;100;000;000;A;RICHARDS;0000290995;20;000;800;10339190206;PENDENTE;; ;N;N;;IT;21TA30;N;N
0000291009;0000291009;FERRAMENTA DISSECCAO P/SIST.LEGEND CORTADOR AFUNILADO 26CMX03MM;10032021;F;320000;000;000;0000;0000;0000;ENV;UN;100;000;000;A;RICHARDS;0000291009;20;000;800;10339190206;PENDENTE;; ;N;N;;IT;26TA30;N;N
0000290964;0000290964;FERRAMENTA DISSECCAO P/SIST.LEGEND CORTADOR AFUNILADO REVERSO 14CMX6,4MM;10032021;F;320000;000;000;0000;0000;0000;ENV;UN;100;000;000;A;RICHARDS;0000290964;20;000;800;10339190206;PENDENTE;; ;N;N;;IT;14RT64;N;N
0000291082;0000291082;FERRAMENTA DISSECCAO P/SIST.LEGEND CRIADOR ORIFICIO 09CMX10MM;10032021;F;320000;000;000;0000;0000;0000;ENV;UN;100;000;000;A;RICHARDS;0000291082;20;000;800;10339190206;PENDENTE;; ;N;N;;IT;9HM100;N;N
0000291083;0000291083;FERRAMENTA DISSECCAO P/SIST.LEGEND CRIADOR ORIFICIO 09CMX12,6MM;10032021;F;320000;000;000;0000;0000;0000;ENV;UN;100;000;000;A;RICHARDS;0000291083;20;000;800;10339190206;PENDENTE;; ;N;N;;IT;9HM126;N;N
0000291084;0000291084;FERRAMENTA DISSECCAO P/SIST.LEGEND CRIADOR ORIFICIO 09CMX9,5MM;10032021;F;320000;000;000;0000;0000;0000;ENV;UN;100;000;000;A;RICHARDS;0000291084;20;000;800;10339190206;PENDENTE;; ;N;N;;IT;9HM95;N;N
0000290959;0000290959;FERRAMENTA DISSECCAO P/SIST.LEGEND CRIADOR ORIFICIO 14CMX12,6MM;10032021;F;320000;000;000;0000;0000;0000;ENV;UN;100;000;000;A;RICHARDS;0000290959;20;000;800;10339190206;PENDENTE;; ;N;N;;IT;14HM126;N;N
0000290960;0000290960;FERRAMENTA DISSECCAO P/SIST.LEGEND CRIADOR ORIFICIO 14CMX9,5MM;10032021;F;320000;000;000;0000;0000;0000;ENV;UN;100;000;000;A;RICHARDS;0000290960;20;000;800;10339190206;PENDENTE;; ;N;N;;IT;14HM95;N;N
0000291090;0000291090;FERRAMENTA DISSECCAO P/SIST.LEGEND CURVA ESFERA 09CMX01MM;10032021;F;320000;000;000;0000;0000;0000;ENV;UN;100;000;000;A;RICHARDS;0000291090;20;000;800;10339190206;PENDENTE;; ;N;N;;IT;CB09BA10;N;N
0000291092;0000291092;FERRAMENTA DISSECCAO P/SIST.LEGEND CURVA ESFERA 09CMX02MM;10032021;F;320000;000;000;0000;0000;0000;ENV;UN;100;000;000;A;RICHARDS;0000291092;20;000;800;10339190206;PENDENTE;; ;N;N;;IT;CB09BA20;N;N
0000291094;0000291094;FERRAMENTA DISSECCAO P/SIST.LEGEND CURVA ESFERA 09CMX03MM;10032021;F;320000;000;000;0000;0000;0000;ENV;UN;100;000;000;A;RICHARDS;0000291094;20;000;800;10339190206;PENDENTE;; ;N;N;;IT;CB09BA30;N;N
0000291096;0000291096;FERRAMENTA DISSECCAO P/SIST.LEGEND CURVA ESFERA 09CMX04MM;10032021;F;320000;000;000;0000;0000;0000;ENV;UN;100;000;000;A;RICHARDS;0000291096;20;000;800;10339190206;PENDENTE;; ;N;N;;IT;CB09BA40;N;N
0000291098;0000291098;FERRAMENTA DISSECCAO P/SIST.LEGEND CURVA ESFERA 11CMX01MM;10032021;F;320000;000;000;0000;0000;0000;ENV;UN;100;000;000;A;RICHARDS;0000291098;20;000;800;10339190206;PENDENTE;; ;N;N;;IT;CB11BA10;N;N
0000291100;0000291100;FERRAMENTA DISSECCAO P/SIST.LEGEND CURVA ESFERA 11CMX02MM;10032021;F;320000;000;000;0000;0000;0000;ENV;UN;100;000;000;A;RICHARDS;0000291100;20;000;800;10339190206;PENDENTE;; ;N;N;;IT;CB11BA20;N;N
0000291102;0000291102;FERRAMENTA DISSECCAO P/SIST.LEGEND CURVA ESFERA 11CMX03MM;10032021;F;320000;000;000;0000;0000;0000;ENV;UN;100;000;000;A;RICHARDS;0000291102;20;000;800;10339190206;PENDENTE;; ;N;N;;IT;CB11BA30;N;N
0000291104;0000291104;FERRAMENTA DISSECCAO P/SIST.LEGEND CURVA ESFERA 11CMX04MM;10032021;F;320000;000;000;0000;0000;0000;ENV;UN;100;000;000;A;RICHARDS;0000291104;20;000;800;10339190206;PENDENTE;; ;N;N;;IT;CB11BA40;N;N
0000098582;0000098582;FERRAMENTA DISSECCAO P/SIST.LEGEND ESFERA 07CMX0,5MM;10032021;F;320000;000;000;0000;0000;0000;ENV;UN;100;000;000;A;RICHARDS;0000098582;20;000;800;10339190206;PENDENTE;; ;N;N;;IT;7BA05;N;N
0000098592;0000098592;FERRAMENTA DISSECCAO P/SIST.LEGEND ESFERA 07CMX1,5MM;10032021;F;320000;000;000;0000;0000;0000;ENV;UN;100;000;000;A;RICHARDS;0000098592;20;000;800;10339190206;PENDENTE;; ;N;N;;IT;7BA15;N;N
0000098619;0000098619;FERRAMENTA DISSECCAO P/SIST.LEGEND ESFERA 09CMX03MM;10032021;F;320000;000;000;0000;0000;0000;ENV;UN;100;000;000;A;RICHARDS;0000098619;20;000;800;10339190206;PENDENTE;; ;N;N;;IT;9BA30;N;N
0000098621;0000098621;FERRAMENTA DISSECCAO P/SIST.LEGEND ESFERA 09CMX04MM;10032021;F;320000;000;000;0000;0000;0000;ENV;UN;100;000;000;A;RICHARDS;0000098621;20;000;800;10339190206;PENDENTE;; ;N;N;;IT;9BA40;N;N
0000291080;0000291080;FERRAMENTA DISSECCAO P/SIST.LEGEND ESFERA 09CMX09MM;10032021;F;320000;000;000;0000;0000;0000;ENV;UN;100;000;000;A;RICHARDS;0000291080;20;000;800;10339190206;PENDENTE;; ;N;N;;IT;9BA90;N;N
0000291078;0000291078;FERRAMENTA DISSECCAO P/SIST.LEGEND ESFERA 09CMX7,5MM;10032021;F;320000;000;000;0000;0000;0000;ENV;UN;100;000;000;A;RICHARDS;0000291078;20;000;800;10339190206;PENDENTE;; ;N;N;;IT;9BA75;N;N
0000098627;0000098627;FERRAMENTA DISSECCAO P/SIST.LEGEND ESFERA 10CMX01MM;10032021;F;320000;000;000;0000;0000;0000;ENV;UN;100;000;000;A;RICHARDS;0000098627;20;000;800;10339190206;PENDENTE;; ;N;N;;IT;10BA10;N;N
0000098629;0000098629;FERRAMENTA DISSECCAO P/SIST.LEGEND ESFERA 10CMX02MM;10032021;F;345600;000;000;0000;0000;0000;ENV;UN;100;000;000;A;RICHARDS;0000098629;20;000;800;10339190206;PENDENTE;; ;N;N;;IT;10BA20;N;N
0000290918;0000290918;FERRAMENTA DISSECCAO P/SIST.LEGEND ESFERA 12CMX03MM;10032021;F;320000;000;000;0000;0000;0000;ENV;UN;100;000;000;A;RICHARDS;0000290918;20;000;800;10339190206;PENDENTE;; ;N;N;;IT;12BA30;N;N
0000290920;0000290920;FERRAMENTA DISSECCAO P/SIST.LEGEND ESFERA 12CMX04MM;10032021;F;320000;000;000;0000;0000;0000;ENV;UN;100;000;000;A;RICHARDS;0000290920;20;000;800;10339190206;PENDENTE;; ;N;N;;IT;12BA40;N;N
0000290923;0000290923;FERRAMENTA DISSECCAO P/SIST.LEGEND ESFERA 12CMX05MM;10032021;F;320000;000;000;0000;0000;0000;ENV;UN;100;000;000;A;RICHARDS;0000290923;20;000;800;10339190206;PENDENTE;; ;N;N;;IT;12BA50;N;N
0000290925;0000290925;FERRAMENTA DISSECCAO P/SIST.LEGEND ESFERA 12CMX06MM;10032021;F;320000;000;000;0000;0000;0000;ENV;UN;100;000;000;A;RICHARDS;0000290925;20;000;800;10339190206;PENDENTE;; ;N;N;;IT;12BA60;N;N
0000290935;0000290935;FERRAMENTA DISSECCAO P/SIST.LEGEND ESFERA 14CMX02MM;10032021;F;320000;000;000;0000;0000;0000;ENV;UN;100;000;000;A;RICHARDS;0000290935;20;000;800;10339190206;PENDENTE;; ;N;N;;IT;14BA20;N;N
0000290938;0000290938;FERRAMENTA DISSECCAO P/SIST.LEGEND ESFERA 14CMX03MM;10032021;F;320000;000;000;0000;0000;0000;ENV;UN;100;000;000;A;RICHARDS;0000290938;20;000;800;10339190206;PENDENTE;; ;N;N;;IT;14BA30;N;N
0000290952;0000290952;FERRAMENTA DISSECCAO P/SIST.LEGEND ESFERA 14CMX09MM;10032021;F;320000;000;000;0000;0000;0000;ENV;UN;100;000;000;A;RICHARDS;0000290952;20;000;800;10339190206;PENDENTE;; ;N;N;;IT;14BA90;N;N
0000290936;0000290936;FERRAMENTA DISSECCAO P/SIST.LEGEND ESFERA 14CMX2,5MM;10032021;F;320000;000;000;0000;0000;0000;ENV;UN;100;000;000;A;RICHARDS;0000290936;20;000;800;10339190206;PENDENTE;; ;N;N;;IT;14BA25;N;N
0000290949;0000290949;FERRAMENTA DISSECCAO P/SIST.LEGEND ESFERA 14CMX7,5MM;10032021;F;320000;000;000;0000;0000;0000;ENV;UN;100;000;000;A;RICHARDS;0000290949;20;000;800;10339190206;PENDENTE;; ;N;N;;IT;14BA75;N;N
0000098658;0000098658;FERRAMENTA DISSECCAO P/SIST.LEGEND ESFERA 15CMX03MM;10032021;F;320000;000;000;0000;0000;0000;ENV;UN;100;000;000;A;RICHARDS;0000098658;20;000;800;10339190206;PENDENTE;; ;N;N;;IT;15BA30;N;N
0000098664;0000098664;FERRAMENTA DISSECCAO P/SIST.LEGEND ESFERA 15CMX06MM;10032021;F;320000;000;000;0000;0000;0000;ENV;UN;100;000;000;A;RICHARDS;0000098664;20;000;800;10339190206;PENDENTE;; ;N;N;;IT;15BA60;N;N
0000290986;0000290986;FERRAMENTA DISSECCAO P/SIST.LEGEND ESFERA 21CMX05MM;10032021;F;320000;000;000;0000;0000;0000;ENV;UN;100;000;000;A;RICHARDS;0000290986;20;000;800;10339190206;PENDENTE;; ;N;N;;IT;21BA50;N;N
0000290988;0000290988;FERRAMENTA DISSECCAO P/SIST.LEGEND ESFERA 21CMX06MM;10032021;F;320000;000;000;0000;0000;0000;ENV;UN;100;000;000;A;RICHARDS;0000290988;20;000;800;10339190206;PENDENTE;; ;N;N;;IT;21BA60;N;N
0000290991;0000290991;FERRAMENTA DISSECCAO P/SIST.LEGEND ESFERA 21CMX09MM;10032021;F;320000;000;000;0000;0000;0000;ENV;UN;100;000;000;A;RICHARDS;0000290991;20;000;800;10339190206;PENDENTE;; ;N;N;;IT;21BA90;N;N
0000290990;0000290990;FERRAMENTA DISSECCAO P/SIST.LEGEND ESFERA 21CMX7,5MM;10032021;F;320000;000;000;0000;0000;0000;ENV;UN;100;000;000;A;RICHARDS;0000290990;20;000;800;10339190206;PENDENTE;; ;N;N;;IT;21BA75;N;N
0000290999;0000290999;FERRAMENTA DISSECCAO P/SIST.LEGEND ESFERA 26CMX04MM;10032021;F;320000;000;000;0000;0000;0000;ENV;UN;100;000;000;A;RICHARDS;0000290999;20;000;800;10339190206;PENDENTE;; ;N;N;;IT;26BA40;N;N
0000291002;0000291002;FERRAMENTA DISSECCAO P/SIST.LEGEND ESFERA 26CMX06MM;10032021;F;320000;000;000;0000;0000;0000;ENV;UN;100;000;000;A;RICHARDS;0000291002;20;000;800;10339190206;PENDENTE;; ;N;N;;IT;26BA60;N;N
0000291005;0000291005;FERRAMENTA DISSECCAO P/SIST.LEGEND ESFERA 26CMX09MM;10032021;F;320000;000;000;0000;0000;0000;ENV;UN;100;000;000;A;RICHARDS;0000291005;20;000;800;10339190206;PENDENTE;; ;N;N;;IT;26BA90;N;N
0000291004;0000291004;FERRAMENTA DISSECCAO P/SIST.LEGEND ESFERA 26CMX7,5MM;10032021;F;320000;000;000;0000;0000;0000;ENV;UN;100;000;000;A;RICHARDS;0000291004;20;000;800;10339190206;PENDENTE;; ;N;N;;IT;26BA75;N;N
0000291012;0000291012;FERRAMENTA DISSECCAO P/SIST.LEGEND ESFERA MN 07CMX0,5MM;10032021;F;320000;000;000;0000;0000;0000;ENV;UN;100;000;000;A;RICHARDS;0000291012;20;000;800;10339190680;PENDENTE;; ;N;N;;IT;7BA05-MN;N;N
0000291107;0000291107;FERRAMENTA DISSECCAO P/SIST.LEGEND ESFERA TELESC.12CMX02MM;10032021;F;367200;000;000;0000;0000;0000;ENV;UN;100;000;000;A;RICHARDS;0000291107;20;000;800;10339190206;PENDENTE;; ;N;N;;IT;T12BA20;N;N
0000291116;0000291116;FERRAMENTA DISSECCAO P/SIST.LEGEND ESFERA TELESC.14CMX02MM;10032021;F;367200;000;000;0000;0000;0000;ENV;UN;100;000;000;A;RICHARDS;0000291116;20;000;800;10339190206;PENDENTE;; ;N;N;;IT;T14BA20;N;N
0000291117;0000291117;FERRAMENTA DISSECCAO P/SIST.LEGEND ESFERA TELESC.14CMX03MM;10032021;F;367200;000;000;0000;0000;0000;ENV;UN;100;000;000;A;RICHARDS;0000291117;20;000;800;10339190206;PENDENTE;; ;N;N;;IT;T14BA30;N;N
0000291118;0000291118;FERRAMENTA DISSECCAO P/SIST.LEGEND ESFERA TELESC.14CMX04MM;10032021;F;367200;000;000;0000;0000;0000;ENV;UN;100;000;000;A;RICHARDS;0000291118;20;000;800;10339190206;PENDENTE;; ;N;N;;IT;T14BA40;N;N
0000291028;0000291028;FERRAMENTA DISSECCAO P/SIST.LEGEND MN ESFERA 07CMX2,5MM;10032021;F;320000;000;000;0000;0000;0000;ENV;UN;100;000;000;A;RICHARDS;0000291028;20;000;800;10339190206;PENDENTE;; ;N;N;;IT;7BA25;N;N
0000291089;0000291089;FERRAMENTA DISSECCAO P/SIST.LEGEND OVAL 09CMX5,5MM;10032021;F;320000;000;000;0000;0000;0000;ENV;UN;100;000;000;A;RICHARDS;0000291089;20;000;800;10339190206;PENDENTE;; ;N;N;;IT;90V55;N;N
0000098654;0000098654;FERRAMENTA DISSECCAO P/SIST.LEGEND OVAL 10CMX04MM;10032021;F;320000;000;000;0000;0000;0000;ENV;UN;100;000;000;A;RICHARDS;0000098654;20;000;800;10339190206;PENDENTE;; ;N;N;;IT;10OV40;N;N
0000290963;0000290963;FERRAMENTA DISSECCAO P/SIST.LEGEND OVAL 14CMX5,5MM;10032021;F;320000;000;000;0000;0000;0000;ENV;UN;100;000;000;A;RICHARDS;0000290963;20;000;800;10339190206;PENDENTE;; ;N;N;;IT;14OV55;N;N
0000098606;0000098606;FERRAMENTA DISSECCAO P/SIST.LEGEND REV.DIAMANTE ESFERA 07CMX06MM;10032021;F;320000;000;000;0000;0000;0000;ENV;UN;100;000;000;A;RICHARDS;0000098606;20;000;800;10339190694;PENDENTE;; ;N;N;;IT;7BA60D;N;N
0000098628;0000098628;FERRAMENTA DISSECCAO P/SIST.LEGEND REV.DIAMANTE ESFERA 10CMX01MM;10032021;F;320000;000;000;0000;0000;0000;ENV;UN;100;000;000;A;RICHARDS;0000098628;20;000;800;10339190694;PENDENTE;; ;N;N;;IT;10BA10D;N;N
0000098643;0000098643;FERRAMENTA DISSECCAO P/SIST.LEGEND REV.DIAMANTE ESFERA 10CMX06MM;10032021;F;320000;000;000;0000;0000;0000;ENV;UN;100;000;000;A;RICHARDS;0000098643;20;000;800;10339190694;PENDENTE;; ;N;N;;IT;10BA60D;N;N
0000290919;0000290919;FERRAMENTA DISSECCAO P/SIST.LEGEND REV.DIAMANTE ESFERA 12CMX03MM;10032021;F;320000;000;000;0000;0000;0000;ENV;UN;100;000;000;A;RICHARDS;0000290919;20;000;800;10339190694;PENDENTE;; ;N;N;;IT;12BA30D;N;N
0000290921;0000290921;FERRAMENTA DISSECCAO P/SIST.LEGEND REV.DIAMANTE ESFERA 12CMX04MM;10032021;F;320000;000;000;0000;0000;0000;ENV;UN;100;000;000;A;RICHARDS;0000290921;20;000;800;10339190694;PENDENTE;; ;N;N;;IT;12BA40D;N;N
0000290926;0000290926;FERRAMENTA DISSECCAO P/SIST.LEGEND REV.DIAMANTE ESFERA 12CMX06MM;10032021;F;320000;000;000;0000;0000;0000;ENV;UN;100;000;000;A;RICHARDS;0000290926;20;000;800;10339190694;PENDENTE;; ;N;N;;IT;12BA60D;N;N
0000290922;0000290922;FERRAMENTA DISSECCAO P/SIST.LEGEND REV.DIAMANTE EXTRA GROSSO ESFERA 12CMX04MM;10032021;F;320000;000;000;0000;0000;0000;ENV;UN;100;000;000;A;RICHARDS;0000290922;20;000;800;10339190206;PENDENTE;; ;N;N;;IT;12BA40X;N;N
0000282160;0000282160;FERRAMENTA DISSECCAO P/SISTEMA LEGEND CABECA 12CMX2,5MM;10032021;F;367200;000;000;0000;0000;0000;ENV;UN;100;000;000;A;RICHARDS;0000282160;20;000;200;10339190206;PENDENTE;; ;N;N;;IT;T12MH25;N;N
0000296975;0000296975;FIBEFOR 300G;29042020;F;39400;000;000;1313;0000;0000;PT;GRS;30000;000;000;A;VITAFOR;0000296975;50;000;000;6542600110011;01032020;7898959478765; ;N;S;;  ;;N;S
0000315411;0000315411;FIBERNORM 10SACH 10G;24112020;F;3284;000;000;3284;0000;0000;CX;SACH;1000;000;000;A;TAKEDA;0000315411;50;000;000;ISENTO;;7896641812545; ;N;S;;  ;;N;S
0000315412;0000315412;FIBERNORM LATA 225G;24112020;F;7820;000;000;0348;0000;0000;LT;GR;22500;000;000;A;TAKEDA;0000315412;50;000;000;ISENTO;;7896641812552; ;N;S;;  ;;N;S
0000307021;0000307021;FILINAR 10MG/ML XPE.ADU.120ML+COPO MED.;30062020;V;2295;3173;000;0191;0264;0000;FR;ML;12000;000;000;A;SUPERA;0000307021;50;000;000;1004311580023;30092020;7891317181611;+;N;S;90336313;  ;;N;N
0000307022;0000307022;FILINAR 5MG/ML XPE.ADU.120ML+COPO MED.;30062020;V;1676;2317;000;0140;0193;0000;FR;ML;12000;000;000;A;SUPERA;0000307022;50;000;000;1004311580015;30092020;7891317181604;+;N;S;90336321;  ;;N;N
0000243429;0000243429;FILINAR G 5MG/ML GEL ORAL 120ML+COLHER DOSAD.;30062020;V;1616;2234;000;0135;0186;0000;FR;ML;12000;000;000;A;SUPERA;0000243429;50;000;000;1004310860022;30062023;7891317485153;+;N;S;90292049;  ;;N;N
0000314948;0000314948;FILTRO BACTERIOLOGICO VIRAL HME;04062020;F;18700;000;000;0000;0000;0000;ENV;UN;100;000;000;A;AMERICAN INSTRUMENTS;0000314948;20;000;000;80251140059;VIGENTE;; ;N;N;100901581;MC;AI0500;N;N
0000316822;0000316822;FILTRO HME C/TUBO TRAQUEIA ADU.;26082020;F;24500;000;000;0000;0000;0000;ENV;UN;100;000;000;A;DBI MEDICAL;0000316822;20;000;000;80722800017;VIGENTE;; ;N;N;100904084;MC;HME-A;N;N
0000249143;0000249143;FILTRO HME MICRON 05UNID;14072020;F;100350;000;000;200700;0000;0000;CX;UN;500;000;000;A;ATOS MEDICAL BRASIL;0000249143;20;000;000;80911510001;VIGENTE;; ;N;S;100888470;ME;7247;N;N
0000249144;0000249144;FILTRO HME MICRON 30UNID.;14072020;F;490568;000;000;163523;0000;0000;CX;UN;3000;000;000;A;ATOS MEDICAL BRASIL;0000249144;20;000;000;80911510001;VIGENTE;; ;N;S;100888470;ME;7248;N;N
0000319194;0000319194;FILTRO HME NEO. MINI VT 10 50ML BECARE;20112020;F;29500;000;000;0000;0000;0000;ENV;UN;100;000;000;A;BECARE;0000319194;20;000;000;80808489013;VIGENTE;; ;N;N;100916481;MC;14472T;N;N
0000249145;0000249145;FILTRO HME XTRAMOIST 30UNID.;14072020;F;178120;000;000;59373;0000;0000;CX;UN;3000;000;000;A;ATOS MEDICAL BRASIL;0000249145;20;000;000;80911510004;VIGENTE;; ;N;S;100888488;ME;7290;N;N
0000249147;0000249147;FILTRO HME XTRAMOIST 30UNID.;14072020;F;178120;000;000;59373;0000;0000;CX;UN;3000;000;000;A;ATOS MEDICAL BRASIL;0000249147;20;000;000;80911510004;VIGENTE;; ;N;S;100888488;ME;7291;N;N
0000319193;0000319193;FILTRO HMEF PREMIUM C/TRAQUEIA VT 150 1500ML BECARE;20112020;F;47500;000;000;0000;0000;0000;ENV;UN;100;000;000;A;BECARE;0000319193;20;000;000;80808480061;VIGENTE;; ;N;N;100916473;MC;14479T;N;N
0000314781;0000314781;FILTRO LAPARO HEPA;22052020;F;110000;000;000;0000;0000;0000;PGC;UN;100;000;000;A;AMERICAN INSTRUMENTS;0000314781;20;000;000;80251140060;VIGENTE;; ;N;N;100901590;ME;AI0521;N;N
0000297232;0000297232;FILTRO TROCADOR CALOR UMIDADE P/TRAQUEOSTOMIA TERMOVENT PORTEX;17042018;F;21200;000;000;0000;0000;0000;PCT;UN;100;000;000;A;CIRURGICA FERNANDES;0000297232;20;000;000;80228990126;VIGENTE;; ;N;N;100885306;MC;100.570.022;N;N
0000081803;0000081803;FILTRO-UMIDIFICADOR THERMOVENT EST.HEPA-BACTERIA C/PORT CO2 HIGROSCOPIO/HIDROFOBICO;31082017;F;25000;000;000;0000;0000;0000;   ;UN;100;000;000;A;CIRURGICA FERNANDES;0000081803;20;000;000;80228999009;VIGENTE;; ;N;N;100885349;MC;100.585.000;N;N
0000058468;0000058468;FILTRO-UMIDIFICADOR THERMOVENT EST.TP.1200 ADU.BOL.BAIXO 1200ML PAC.60-120KG SIMS-PORTEX;10092015;F;7123;000;000;0000;0000;0000;   ;UN;100;000;000;A;CIRURGICA FERNANDES;0000058468;20;000;000;80228990098;VIGENTE;; ;N;N;100885292;MC;100.582.000;N;N
0000263898;0000263898;FINARID 5MG 30CPDS REV.;09042019;V;5250;7258;000;1750;2419;0000;CX;CPDS;3000;000;000;A;TEUTO BRAS;0000263898;50;000;000;1037006520086;30092020;7896112198017;+;N;S;90339312;  ;;N;N
0000251218;0000251218;FINASTERIDA 1MG 30CPDS REV.;02022021;V;3218;4287;000;1073;1429;0000;CX;CPDS;3000;000;000;A;TEUTO BRAS;0000251218;50;000;000;1037005920064;30082023;7896112190844;+;N;S;90292057;  ;;S;N
0000296965;0000296965;FINASTERIDA 1MG 30CPDS REV.;30062020;V;3217;4286;000;1072;1429;0000;CX;CPDS;3000;000;000;A;VITAPAN;0000296965;50;000;000;1039201810027;15012023;7898049793938;-;N;S;90414241;  ;;S;N
0000298593;0000298593;FINASTERIDA 1MG 30CPDS REV.;30062020;V;3889;5182;000;1296;1727;0000;CX;CPDS;3000;000;000;A;UNIAO QUIMICA;0000298593;50;000;000;1049713980018;31052021;7896006299769;-;N;S;90414063;  ;;S;N
0000309767;0000309767;FINASTERIDA 1MG 30CPDS REV.;26062020;V;2353;3135;000;0784;1045;0000;CX;CPDS;3000;000;000;A;PRATI-DONADUZZI;0000309767;50;000;000;1256802810024;31052024;7899547522556;-;N;S;90450647;  ;;S;N
0000251228;0000251228;FINASTERIDA 1MG 60CPDS REV.;07072020;V;6513;8677;000;1086;1446;0000;CX;CPDS;6000;000;000;A;TEUTO BRAS;0000251228;50;000;000;1037005920072;30082023;7896112190851;+;N;S;90292065;  ;;S;N
0000309768;0000309768;FINASTERIDA 1MG 60CPDS REV.;26062020;V;7825;10425;000;1304;1738;0000;CX;CPDS;6000;000;000;A;PRATI-DONADUZZI;0000309768;50;000;000;1256802810032;31052024;7899547522563;-;N;S;90450655;  ;;S;N
0000266607;0000266607;FINASTERIDA 5MG BL AL.30CPDS REV.;02022021;V;6155;8509;000;2052;2836;0000;CX;CPDS;3000;000;000;A;TEUTO BRAS;0000266607;50;000;000;1037005410082;31072020;7896112191827;+;N;S;90312465;  ;;S;N
0000316353;0000316353;FIO GUIA HIDROFILICO P/DIAGNOSTICO APT;30072020;F;87000;000;000;0000;0000;0000;PCT;UN;100;000;000;A;HOMACC;0000316353;20;000;000;80447710010;03022030;; ;N;N;100402186;ME;;N;N
0000317730;0000317730;FIO GUIA/TROCA P/ANGIOPLASTIA HIDROFILICO DS-C-032 PTA.J 0,032'' 150CM;25092020;F;55000;000;000;0000;0000;0000;BL;UN;100;000;000;A;ANGIOLUX;0000317730;20;000;000;10407990084;VIGENTE;; ;N;N;100883290;ME;2063020102;N;N
0000317728;0000317728;FIO GUIA/TROCA P/ANGIOPLASTIA HIDROFILICO DS-C-032 PTA.RETA 0,032'' 150CM;25092020;F;55000;000;000;0000;0000;0000;BL;UN;100;000;000;A;ANGIOLUX;0000317728;20;000;000;10407990084;VIGENTE;; ;N;N;100883290;ME;2063020101;N;N
0000317732;0000317732;FIO GUIA/TROCA P/ANGIOPLASTIA HIDROFILICO DS-C-035 PTA.J 0,035'' 150CM;25092020;F;55000;000;000;0000;0000;0000;BL;UN;100;000;000;A;ANGIOLUX;0000317732;20;000;000;10407990084;VIGENTE;; ;N;N;100883290;ME;2063030101;N;N
0000317735;0000317735;FIO GUIA/TROCA P/ANGIOPLASTIA HIDROFILICO DS-C-035 PTA.J 0,035'' 260CM;25092020;F;55000;000;000;0000;0000;0000;BL;UN;100;000;000;A;ANGIOLUX;0000317735;20;000;000;10407990084;VIGENTE;; ;N;N;100883290;ME;2063030301;N;N
0000317734;0000317734;FIO GUIA/TROCA P/ANGIOPLASTIA HIDROFILICO DS-C-035 PTA.RETA 0,035'' 150CM;25092020;F;55000;000;000;0000;0000;0000;BL;UN;100;000;000;A;ANGIOLUX;0000317734;20;000;000;10407990084;VIGENTE;; ;N;N;100883290;ME;2063030103;N;N
0000317698;0000317698;FIO GUIA/TROCA P/ANGIOPLASTIA HIDROFILICO DS-C-038 PTA.J 0,038" 260CM;25092020;F;55000;000;000;0000;0000;0000;BL;UN;100;000;000;A;ANGIOLUX;0000317698;20;000;000;10407990084;VIGENTE;; ;N;N;100883290;ME;2063040201;N;N
0000317742;0000317742;FIO GUIA/TROCA P/ANGIOPLASTIA HIDROFILICO DS-C-038 PTA.J 0,038'' 150CM;25092020;F;55000;000;000;0000;0000;0000;BL;UN;100;000;000;A;ANGIOLUX;0000317742;20;000;000;10407990084;VIGENTE;; ;N;N;100883290;ME;2063040101;N;N
0000317695;0000317695;FIO GUIA/TROCA P/ANGIOPLASTIA HIDROFILICO DS-C-038 PTA.RETA 0,038" 150CM;25092020;F;55000;000;000;0000;0000;0000;BL;UN;100;000;000;A;ANGIOLUX;0000317695;20;000;000;10407990084;VIGENTE;; ;N;N;100883290;ME;2063040102;N;N
0000317712;0000317712;FIO GUIA/TROCA P/ANGIOPLASTIA PTFE DS-B-032 PTA. J 0,032'' 150CM;25092020;F;35000;000;000;0000;0000;0000;BL;UN;100;000;000;A;ANGIOLUX;0000317712;20;000;000;10407990083;VIGENTE;; ;N;N;100883281;ME;2062020101;N;N
0000317714;0000317714;FIO GUIA/TROCA P/ANGIOPLASTIA PTFE DS-B-032 PTA.RETA 0,032'' 150CM;25092020;F;35000;000;000;0000;0000;0000;BL;UN;100;000;000;A;ANGIOLUX;0000317714;20;000;000;10407990083;VIGENTE;; ;N;N;100883281;ME;2062020102;N;N
0000317716;0000317716;FIO GUIA/TROCA P/ANGIOPLASTIA PTFE DS-B-035 PTA. J 0,035'' 150CM;25092020;F;35000;000;000;0000;0000;0000;BL;UN;100;000;000;A;ANGIOLUX;0000317716;20;000;000;10407990083;VIGENTE;; ;N;N;100883281;ME;2062030101;N;N
0000317719;0000317719;FIO GUIA/TROCA P/ANGIOPLASTIA PTFE DS-B-035 PTA.J 0,035'' 260CM;25092020;F;35000;000;000;0000;0000;0000;BL;UN;100;000;000;A;ANGIOLUX;0000317719;20;000;000;10407990083;VIGENTE;; ;N;N;100883281;ME;2062030301;N;N
0000317717;0000317717;FIO GUIA/TROCA P/ANGIOPLASTIA PTFE DS-B-035 PTA.RETA 0,035'' 150CM;25092020;F;35000;000;000;0000;0000;0000;BL;UN;100;000;000;A;ANGIOLUX;0000317717;20;000;000;10407990083;VIGENTE;; ;N;N;100883281;ME;2062030102;N;N
0000317721;0000317721;FIO GUIA/TROCA P/ANGIOPLASTIA PTFE DS-B-038 PTA.J 0,038'' 150CM;25092020;F;35000;000;000;0000;0000;0000;BL;UN;100;000;000;A;ANGIOLUX;0000317721;20;000;000;10407990083;VIGENTE;; ;N;N;100883281;ME;2062040101;N;N
0000317725;0000317725;FIO GUIA/TROCA P/ANGIOPLASTIA PTFE DS-B-038 PTA.J 0,038'' 260CM;25092020;F;35000;000;000;0000;0000;0000;BL;UN;100;000;000;A;ANGIOLUX;0000317725;20;000;000;10407990083;VIGENTE;; ;N;N;100883281;ME;2062040201;N;N
0000317723;0000317723;FIO GUIA/TROCA P/ANGIOPLASTIA PTFE DS-B-038 PTA.RETA 0,038'' 150CM;25092020;F;35000;000;000;0000;0000;0000;BL;UN;100;000;000;A;ANGIOLUX;0000317723;20;000;000;10407990083;VIGENTE;; ;N;N;100883281;ME;2062040102;N;N
0000315271;0000315271;FIRAZYR 10MG/ML 1SER.3ML+AG.;03072020;V;701366;934436;000;0000;0000;0000;CX;SER;100;000;000;A;SHIRE FARMACEUTICA;0000315271;50;000;000;1697900030018;31122029;7898924769034;-;N;N;90202384;  ;;N;N
0000267992;0000267992;FISIOGEN FERRO 30CAPS;17072020;F;6883;000;000;2294;0000;0000;CX;CAPS;3000;000;000;A;ZAMBON;0000267992;50;000;000;ISENTO;;7898074618091; ;N;S;;  ;;N;N
0000167322;0000167322;FITA HIPOALERGENICA MEDIPORE H 025MMX9,1MT ROLO;24072018;F;7678;000;000;0084;0000;0000;RL;CM;91000;000;000;A;3M BRASIL;0000167322;20;000;000;80284930264;VIGENTE;; ;N;S;78349591;MC;2861;N;N
0000167323;0000167323;FITA HIPOALERGENICA MEDIPORE H 050MMX9,1MT ROLO;24072018;F;15392;000;000;0169;0000;0000;RL;CM;91000;000;000;A;3M BRASIL;0000167323;20;000;000;80284930264;VIGENTE;; ;N;S;78349591;MC;2862;N;N
0000167321;0000167321;FITA HIPOALERGENICA MEDIPORE H 100MMX9,1MT ROLO;24072018;F;30893;000;000;0339;0000;0000;RL;CM;91000;000;000;A;3M BRASIL;0000167321;20;000;000;80284930264;VIGENTE;; ;N;S;78349591;MC;2864;N;N
0000267769;0000267769;FITA MEDICA SUAVE MEDIPORE H BR 02,5CMX4,5MT ROLO;24072018;F;3875;000;000;0086;0000;0000;RL;CM;45000;000;000;A;3M BRASIL;0000267769;20;000;000;80284930330;VIGENTE;7891040219209; ;N;S;78350093;MC;2861BR-4.5;N;N
0000267770;0000267770;FITA MEDICA SUAVE MEDIPORE H BR 05,0CMX4,5MT ROLO;24072018;F;7769;000;000;0173;0000;0000;RL;CM;45000;000;000;A;3M BRASIL;0000267770;20;000;000;80284930330;VIGENTE;7891040219216; ;N;S;78350093;MC;2862BR-4.5;N;N
0000267771;0000267771;FITA MEDICA SUAVE MEDIPORE H BR 10,0CMX4,5MT ROLO;24072018;F;15593;000;000;0347;0000;0000;RL;CM;45000;000;000;A;3M BRASIL;0000267771;20;000;000;80284930330;VIGENTE;7891040219223; ;N;S;78350093;MC;2864BR-4.5;N;N
0000163789;0000163789;FITA SILICONE MICROPORE S 2,5CMX5MT REMOCAO SUAVE AZUL;24072018;F;5398;000;000;0108;0000;0000;RL;CM;50000;000;000;A;3M BRASIL;0000163789;20;000;000;80284930383;VIGENTE;; ;N;S;79590365;MC;2770-1;N;N
0000163791;0000163791;FITA SILICONE MICROPORE S 5CMX1,3MT REMOCAO SUAVE AZUL;24072018;F;3295;000;000;0253;0000;0000;RL;CM;13000;000;000;A;3M BRASIL;0000163791;20;000;000;80284930383;VIGENTE;; ;N;S;79590330;MC;2770S-2;N;N
0000163788;0000163788;FITA SILICONE MICROPORE S 5CMX5MT REMOCAO SUAVE AZUL;24072018;F;12571;000;000;0251;0000;0000;RL;CM;50000;000;000;A;3M BRASIL;0000163788;20;000;000;80284930383;VIGENTE;; ;N;S;79590322;MC;2770-2;N;N
0000318299;0000318299;FIXADOR CEFALICO HSA10200-062;22102020;F;62400;000;000;0000;0000;0000;ENV;UN;100;000;000;A;NEWMED;0000318299;20;000;200;80171530108;VIGENTE;; ;N;N;100914250;MC;28FC-10200;N;N
0000320729;0000320729;FIXADOR P/TUBO ENDOTRAQUEL ORAL ANCHOR FAST GUARD SELECT 5-9MM;23022021;F;18937;000;000;0000;0000;0000;   ;UN;100;000;000;A;HOLLISTER;0000320729;20;000;000;10326400052;VIGENTE;; ;N;N;100882110;MC;9700;N;N
0000298770;0000298770;FIXARE 30CPDS REV.;07072020;F;8659;000;000;2886;0000;0000;CX;CPDS;3000;000;000;A;SIGMA PHARMA;0000298770;50;000;000;ISENTO;;7894916512060; ;N;S;;  ;;N;S
0000298771;0000298771;FIXARE 60CPDS REV.;07072020;F;13855;000;000;2309;0000;0000;CX;CPDS;6000;000;000;A;SIGMA PHARMA;0000298771;50;000;000;ISENTO;;7894916512077; ;N;S;;  ;;N;S
0000304002;0000304002;FLEX-S 4G 30SACHE;30062020;F;9242;000;000;3081;0000;0000;CX;SACH;3000;000;000;A;UNIAO QUIMICA;0000304002;50;000;000;ISENTO;;7896006215738;-;N;S;;  ;;N;N
0000314681;0000314681;FLEXIVE CDM 350MG/G CRM.DERM.25G;12062020;V;2702;3600;000;0000;0000;0000;BG;GR;2500;000;000;A;PROCTER;0000314681;50;000;000;1214206650051;29022020;;-;N;N;90490371;  ;;N;N
0000314682;0000314682;FLEXIVE CDM 350MG/G CRM.DERM.50G;05052020;V;4485;5975;000;0000;0000;0000;BG;GR;5000;000;000;A;PROCTER;0000314682;50;000;000;1214206650017;29022020;;-;N;N;90490380;  ;;N;N
0000175496;0000175496;FLEXTOSS 1,5MG/ML XPE.60ML+CP.;07072020;V;987;1315;000;0165;0219;0000;FR;ML;6000;000;000;A;TEUTO BRAS;0000175496;50;000;000;1037001920051;31052022;7896112127765;-;N;S;90258410;  ;;N;N
0000173866;0000173866;FLEXTOSS 3MG/ML XPE.100ML+CP.;07072020;V;1304;1737;000;0130;0174;0000;FR;ML;10000;000;000;A;TEUTO BRAS;0000173866;50;000;000;1037001920043;31052022;7896112127741;-;N;S;90258401;  ;;N;N
0000261421;0000261421;FLOMICIN 100MG 12CAPS;05052020;V;3147;4193;000;2623;3494;0000;CX;CAPS;1200;000;000;A;NEO QUIMICA;0000261421;50;000;000;1558404580024;31122019;7896714250946;-;N;S;90301161;  ;;N;N
0000314700;0000314700;FLORALYTE 45MEQ/L 2,05+2,16+0,98+22,75MG/ML SOL.ORAL 500ML SABOR COCO;12062020;V;1668;2222;000;0033;0044;0000;FR;ML;50000;000;000;A;PROCTER;0000314700;50;000;000;1214206660063;30112021;;-;N;S;90480392;  ;;N;N
0000314688;0000314688;FLORALYTE 45MEQ/L 2,05+2,16+0,98+22,75MG/ML SOL.ORAL 500ML SABOR GUARANA;12062020;V;1668;2222;000;0033;0044;0000;FR;ML;50000;000;000;A;PROCTER;0000314688;50;000;000;1214206660012;30112021;;-;N;S;90480350;  ;;N;N
0000314689;0000314689;FLORALYTE 45MEQ/L 2,05+2,16+0,98+22,75MG/ML SOL.ORAL 500ML SABOR LARANJA;12062020;V;1668;2222;000;0033;0044;0000;FR;ML;50000;000;000;A;PROCTER;0000314689;50;000;000;1214206660020;30112021;;-;N;S;90480368;  ;;N;N
0000314696;0000314696;FLORALYTE 45MEQ/L 2,05+2,16+0,98+22,75MG/ML SOL.ORAL 500ML SABOR MACA;12062020;V;1668;2222;000;0033;0044;0000;FR;ML;50000;000;000;A;PROCTER;0000314696;50;000;000;1214206660055;30112021;;-;N;S;90480384;  ;;N;N
0000314692;0000314692;FLORALYTE 45MEQ/L 2,05+2,16+0,98+22,75MG/ML SOL.ORAL 500ML SABOR TUTTI-FRUTTI;12062020;V;1668;2222;000;0033;0044;0000;FR;ML;50000;000;000;A;PROCTER;0000314692;50;000;000;1214206660039;30112021;;-;N;S;90480376;  ;;N;N
0000314707;0000314707;FLORALYTE 90MEQ/L 4,68+2,16+0,98+20MG/ML SOL.ORAL 500ML SABOR COCO;12062020;V;1748;2329;000;0035;0047;0000;FR;ML;50000;000;000;A;PROCTER;0000314707;50;000;000;1214206660101;30112021;;-;N;S;90480414;  ;;N;N
0000314704;0000314704;FLORALYTE 90MEQ/L 4,68+2,16+0,98+20MG/ML SOL.ORAL 500ML SABOR NATURAL;12062020;V;1748;2329;000;0035;0047;0000;FR;ML;50000;000;000;A;PROCTER;0000314704;50;000;000;1214206660071;30112021;;-;N;S;90480406;  ;;N;N
0000288551;0000288551;FLORASTOR 200MI 12CAPS;30062020;F;2989;000;000;2491;0000;0000;CX;CAPS;1200;000;000;A;UNIAO QUIMICA;0000288551;50;000;000;ISENTO;;7896006213161;-;N;S;;  ;;N;N
0000288552;0000288552;FLORASTOR 4G 6SACH;30062020;F;2112;000;000;3520;0000;0000;CX;SACH;600;000;000;A;UNIAO QUIMICA;0000288552;50;000;000;ISENTO;;7896006213178;-;N;S;;  ;;N;N
0000305506;0000305506;FLUCONAZOL 150MG 1CAP GEL.DURA;30062020;V;693;958;000;0000;0000;0000;CX;CAP;100;000;000;A;VITAPAN;0000305506;50;000;000;1039201900018;28022024;7898049796151;+;N;N;90434277;  ;;S;N
0000305507;0000305507;FLUCONAZOL 150MG 2CAP GEL.DURA;30062020;V;1004;1388;000;5020;6940;0000;CX;CAPS;200;000;000;A;VITAPAN;0000305507;50;000;000;1039201900034;28022024;7898049796168;+;N;S;90434285;  ;;S;N
0000244714;0000244714;FLUCONID 150MG 2CAPS;30062020;V;1056;1460;000;5280;7300;0000;CX;CAPS;200;000;000;A;VITAPAN;0000244714;50;000;000;1039201570085;31122022;7898049793761;+;N;S;90259807;  ;;N;N
0000319289;0000319289;FLUIR 12MCG 20CAPS DURA;01122020;V;2493;3446;000;1247;1723;0000;CX;CAPS;2000;000;000;A;MANTECORP FARMASA;0000319289;50;000;000;1781707910060;31052029;7891142207326;+;N;S;90497368;  ;;N;N
0000319360;0000319360;FLUIR 12MCG 20CAPS DURA+DISP.INALATORIO;01122020;V;2493;3446;000;1247;1723;0000;CX;CAPS;2000;000;000;A;MANTECORP FARMASA;0000319360;50;000;000;1781707910028;31052029;7891142207333;+;N;S;90497333;  ;;N;N
0000293216;0000293216;FLUMAZENIL 0,1MG/ML SOL.INJ.5AMP 5ML(EMB.HOSP);23062020;F;66304;000;000;132608;0000;0000;CX;AMP;500;000;000;A;TEUTO BRAS;0000293216;50;000;000;1037006350032;31072020;7896112173526;+;S;S;90404211;  ;;S;N
0000256234;0000256234;FLUQUADRI SUSP.INJ.10SER.PREENCH.0,25ML;30062020;V;22256;30768;000;22256;30768;0000;CX;SER;1000;000;000;A;SANOFI MEDLEY;0000256234;50;000;000;1832603320028;31012025;7891058018610;+;N;S;90466187;  ;;N;N
0000256233;0000256233;FLUQUADRI SUSP.INJ.10SER.PREENCH.0,5ML;30062020;V;44512;61535;000;44512;61535;0000;CX;SER;1000;000;000;A;SANOFI MEDLEY;0000256233;50;000;000;1832603320044;31012025;7891058018597;+;N;S;90466209;  ;;N;N
0000304004;0000304004;FLUQUADRI SUSP.INJ.1FA 5ML;30062020;V;44513;61537;000;0000;0000;0000;FA;ML;500;000;000;A;SANOFI MEDLEY;0000304004;50;000;000;1832603320052;31012025;7891058020521;+;N;N;90466217;  ;;N;N
0000268209;0000268209;FLUQUADRI SUSP.INJ.5SER.PREENCH.0,25ML;30062020;V;11130;15387;000;22260;30774;0000;CX;SER;500;000;000;A;SANOFI MEDLEY;0000268209;50;000;000;1832603320011;31012025;7891058018603;+;N;S;90466179;  ;;N;N
0000268208;0000268208;FLUQUADRI SUSP.INJ.5SER.PREENCH.0,5ML;30062020;V;22256;30768;000;44512;61536;0000;CX;SER;500;000;000;A;SANOFI MEDLEY;0000268208;50;000;000;1832603320036;31012025;7891058018580;+;N;S;90466195;  ;;N;N
0000240295;0000240295;FLUXENE 20MG 60CAPS GEL.DURA;30062020;V;8543;11810;000;1424;1968;0000;CX;CAPS;6000;000;000;A;SUPERA;0000240295;50;000;000;1004305170153;31122019;7891317103033;+;N;S;90250974;  ;;N;N
0000256898;0000256898;FLUXOCOR 20MG 10CPDS REV.;19062020;V;1438;1988;000;1438;1988;0000;CX;CPDS;1000;000;000;A;SANOFI MEDLEY;0000256898;50;000;000;1832602230017;31102024;7896422500845;+;N;S;90366867;  ;;N;N
0000253880;0000253880;FLUXOCOR 20MG 30CPDS REV.;19062020;V;2809;3883;000;0936;1294;0000;CX;CPDS;3000;000;000;A;SANOFI MEDLEY;0000253880;50;000;000;1832602230025;31102024;7896422500852;+;N;S;90366875;  ;;N;N
0000253881;0000253881;FLUXOCOR 40MG 30CPDS REV.;19062020;V;2950;4078;000;0983;1359;0000;CX;CPDS;3000;000;000;A;SANOFI MEDLEY;0000253881;50;000;000;1832602230051;31102024;7896422500883;+;N;S;90366905;  ;;N;N
0000281931;0000281931;FLUXOCOR ANLO 20+5MG 30CPDS REV.;19062020;V;4115;5689;000;1372;1896;0000;CX;CAPS;3000;000;000;A;SANOFI MEDLEY;0000281931;50;000;000;1832602790039;30102021;7896422513944;+;N;S;90371585;  ;;N;N
0000281933;0000281933;FLUXOCOR ANLO 40+10MG 30CPDS REV.;19062020;V;4651;6430;000;1550;2143;0000;CX;CAPS;3000;000;000;A;SANOFI MEDLEY;0000281933;50;000;000;1832602790098;30102021;7896422513883;+;N;S;90371550;  ;;N;N
0000281932;0000281932;FLUXOCOR ANLO 40+5MG 30CPDS REV.;19062020;V;4651;6430;000;1550;2143;0000;CX;CAPS;3000;000;000;A;SANOFI MEDLEY;0000281932;50;000;000;1832602790063;30102021;7896422514200;+;N;S;90371615;  ;;N;N
0000317080;0000317080;FONT D 10000UI 4CPDS REV.;01092020;V;1990;2651;000;4975;6628;0000;CX;CPDS;400;000;000;A;UNIAO QUIMICA;0000317080;50;000;000;1049714400090;30042030;7896006218517;-;N;S;90482093;  ;;N;N
0000317081;0000317081;FONT D 10000UI 8CPDS REV.;01092020;V;2392;3187;000;2990;3984;0000;CX;CPDS;800;000;000;A;UNIAO QUIMICA;0000317081;50;000;000;1049714400181;30042030;7896006218524;-;N;S;90482115;  ;;N;N
0000317082;0000317082;FONT D 50000UI 4CPDS REV.;01092020;V;4890;6515;000;12225;16288;0000;CX;CPDS;400;000;000;A;UNIAO QUIMICA;0000317082;50;000;000;1049714400104;30042030;7896006218531;-;N;S;90482107;  ;;N;N
0000317083;0000317083;FONT D 50000UI 8CPDS REV.;01092020;V;9592;12780;000;11990;15975;0000;CX;CPDS;800;000;000;A;UNIAO QUIMICA;0000317083;50;000;000;1049714400198;30042030;7896006218548;-;N;S;90482034;  ;;N;N
0000317084;0000317084;FONT D 5000UI 30CPDS REV.;01092020;V;4590;6115;000;1530;2038;0000;CX;CPDS;3000;000;000;A;UNIAO QUIMICA;0000317084;50;000;000;1049714400066;30042030;7896006218487;-;N;S;90482077;  ;;N;N
0000306834;0000306834;FONT D 60CAPS;30062020;F;2857;000;000;0476;0000;0000;CX;CAPS;6000;000;000;A;UNIAO QUIMICA;0000306834;50;000;000;ISENTO;;7896006211587;-;N;S;;  ;;N;S
0000317078;0000317078;FONT D 7000UI 12CPDS REV.;01092020;V;1990;2651;000;1658;2209;0000;CX;CPDS;1200;000;000;A;UNIAO QUIMICA;0000317078;50;000;000;1049714400236;30042030;7896006218494;-;N;S;90482042;  ;;N;N
0000317079;0000317079;FONT D 7000UI 30CPDS REV.;01092020;V;5090;6781;000;1697;2260;0000;CX;CPDS;3000;000;000;A;UNIAO QUIMICA;0000317079;50;000;000;1049714400082;30042030;7896006218500;-;N;S;90482085;  ;;N;N
0000308424;0000308424;FORMOCAPS 12MCG 30CAPS;26062020;V;3811;5268;000;1270;1756;0000;CX;CAPS;3000;000;000;A;ACHE;0000308424;50;000;000;1057305550011;31032023;;+;N;S;90497341;  ;;N;N
0000308423;0000308423;FORMOCAPS 12MCG 30CAPS +INALADOR;26062020;V;4677;6466;000;1559;2155;0000;CX;CAPS;3000;000;000;A;ACHE;0000308423;50;000;000;1057305550021;31032023;;+;N;S;90497350;  ;;N;N
0000173867;0000173867;FOSFATO DISSODICO DEXAMETASONA 4MG/ML SOL.INJ.120AMP 2,5ML(EMB.HOSP.);23062020;F;87955;000;000;7330;0000;0000;CX;AMP;12000;000;000;A;TEUTO BRAS;0000173867;50;000;000;1037002870120;31032025;7896112151982;+;S;S;90258525;  ;;S;N
0000308426;0000308426;FOSFATO SODICO DE PREDNISOLONA 3MG/ML 120ML+PIPETA;26062020;V;2154;2978;000;0180;0248;0000;FR;ML;12000;000;000;A;ACHE;0000308426;50;000;000;1057305410058;31032023;;+;N;S;90497287;  ;;S;N
0000308425;0000308425;FOSFATO SODICO DE PREDNISOLONA 3MG/ML 60ML+PIPETA;26062020;V;1093;1511;000;0182;0252;0000;FR;ML;6000;000;000;A;ACHE;0000308425;50;000;000;1057305410031;31032023;;+;N;S;90497279;  ;;S;N
0000305509;0000305509;FOSFATO SODICO PREDNISOLONA 3,0MG/ML 120ML+CP.MED.;30062020;V;1874;2591;000;0156;0216;0000;FR;ML;12000;000;000;A;VITAPAN;0000305509;50;000;000;1039201880025;30092023;7898049796861;+;N;S;90437845;  ;;S;N
0000305508;0000305508;FOSFATO SODICO PREDNISOLONA 3,0MG/ML SOL.ORAL 60ML+CP.MED.;30062020;V;888;1228;000;0148;0205;0000;FR;ML;6000;000;000;A;VITAPAN;0000305508;50;000;000;1039201880017;30092023;7898049796830;+;N;S;90437837;  ;;S;N
0000313026;0000313026;FOSFATO SODICO PREDNISOLONA 3MG/ML SOL.ORAL 120ML+SER.DOS.;30062020;V;2064;2853;000;0172;0238;0000;FR;ML;12000;000;000;A;UNIAO QUIMICA;0000313026;50;000;000;1049714240131;31082028;7896006201892;+;N;S;;  ;;S;N
0000313025;0000313025;FOSFATO SODICO PREDNISOLONA 3MG/ML SOL.ORAL 60ML+SER.DOS.;30062020;V;1335;1846;000;0223;0308;0000;FR;ML;6000;000;000;A;UNIAO QUIMICA;0000313025;50;000;000;1049714240018;31082028;7896006201779;+;N;S;;  ;;S;N
0000289609;0000289609;FOSVITA 250G;29042020;F;29900;000;000;0000;0000;0000;PT;GRS;25000;000;000;A;VITAFOR;0000289609;50;000;000;6542600100014;28022020;7898919865857; ;N;N;;  ;;N;S
0000289610;0000289610;FOSVITA 30SACH.7G;29042020;F;30000;000;000;10000;0000;0000;CX;SACH;3000;000;000;A;VITAFOR;0000289610;50;000;000;6542600100014;28022020;7898943044402; ;N;S;;  ;;N;S
0000269912;0000269912;FOTOFORO ML4 LED HEALDLIGTH;12032021;F;1807272;000;000;0000;0000;0000;CX;UN;100;000;000;P;EFE;0000269912;20;000;800;10243869007;VIGENTE;; ;N;N;;BD;J-008.31.411;N;N
0000269913;0000269913;FOTOFORO ML4 LED HEALDLIGTH C/MPACK/TRANSF.TOMADA;12032021;F;2295108;000;000;0000;0000;0000;CX;UN;100;000;000;P;EFE;0000269913;20;000;800;10243869007;VIGENTE;; ;N;N;;BD;J-008.31.413;N;N
0000321014;0000321014;FRALDA GERIATRICA BIOFRAL CLASSIC EG.24UNID.;09032021;F;4074;000;000;1698;0000;0000;PCT;UN;2400;000;000;I;TENA;0000321014;20;000;000;ISENTO;;; ;N;S;;MC;105430829;N;N
0000321015;0000321015;FRALDA GERIATRICA BIOFRAL CLASSIC EG.7UNID.;09032021;F;1225;000;000;1750;0000;0000;PCT;UN;700;000;000;I;TENA;0000321015;20;000;000;ISENTO;;; ;N;S;;MC;105407403;N;N
0000321017;0000321017;FRALDA GERIATRICA BIOFRAL CLASSIC GENERIC GRD.8UNID.;09032021;F;1225;000;000;1531;0000;0000;PCT;UN;800;000;000;I;TENA;0000321017;20;000;000;ISENTO;;; ;N;S;;MC;105308397;N;N
0000321016;0000321016;FRALDA GERIATRICA BIOFRAL CLASSIC GRD.28UNID.;09032021;F;4074;000;000;1455;0000;0000;PCT;UN;2800;000;000;I;TENA;0000321016;20;000;000;ISENTO;;; ;N;S;;MC;105330311;N;N
0000321018;0000321018;FRALDA GERIATRICA BIOFRAL CLASSIC MED.32UNID.;09032021;F;4074;000;000;1273;0000;0000;PCT;UN;3200;000;000;I;TENA;0000321018;20;000;000;ISENTO;;; ;N;S;;MC;105230304;N;N
0000321019;0000321019;FRALDA GERIATRICA BIOFRAL CLASSIC MED.9UNID.;09032021;F;1225;000;000;1361;0000;0000;PCT;UN;900;000;000;I;TENA;0000321019;20;000;000;ISENTO;;; ;N;S;;MC;105209812;N;N
0000266725;0000266725;FRALDA GERIATRICA TENA CONFORT EG.18UNID.;09032021;F;5228;000;000;2904;0000;0000;PCT;UN;1800;000;000;P;TENA;0000266725;20;000;000;ISENTO;;; ;N;S;;MC;10202614;N;N
0000263940;0000263940;FRALDA GERIATRICA TENA CONFORT EG.7UNID.;09032021;F;2200;000;000;3143;0000;0000;PCT;UN;700;000;000;P;TENA;0000263940;20;000;000;ISENTO;;; ;N;S;;MC;10200544;N;N
0000266110;0000266110;FRALDA GERIATRICA TENA CONFORT GRD.20UNID.;09032021;F;5228;000;000;2614;0000;0000;PCT;UN;2000;000;000;P;TENA;0000266110;20;000;000;ISENTO;;7896770902606; ;N;S;;MC;10202604;N;N
0000263939;0000263939;FRALDA GERIATRICA TENA CONFORT GRD.8UNID.;09032021;F;2200;000;000;2750;0000;0000;PCT;UN;800;000;000;P;TENA;0000263939;20;000;000;ISENTO;;; ;N;S;;MC;10200020;N;N
0000263938;0000263938;FRALDA GERIATRICA TENA CONFORT MED.10UNID.;09032021;F;2200;000;000;2200;0000;0000;PCT;UN;1000;000;000;P;TENA;0000263938;20;000;000;ISENTO;;789677090083; ;N;S;;MC;10200082;N;N
0000263935;0000263935;FRALDA GERIATRICA TENA CONFORT MED.26UNID.;09032021;F;5228;000;000;2011;0000;0000;PCT;UN;2600;000;000;P;TENA;0000263935;20;000;000;ISENTO;;; ;N;S;;MC;010200264;N;N
0000321020;0000321020;FRALDA GERIATRICA TENA CONFORT PEQ.11UNID.;09032021;F;2200;000;000;2000;0000;0000;PCT;UN;1100;000;000;I;TENA;0000321020;20;000;000;ISENTO;;; ;N;S;;MC;10202594;N;N
0000321021;0000321021;FRALDA GERIATRICA TENA CONFORT PEQ.30UNID.;09032021;F;5228;000;000;1743;0000;0000;PCT;UN;3000;000;000;I;TENA;0000321021;20;000;000;ISENTO;;; ;N;S;;MC;10200254;N;N
0000320999;0000320999;FRALDA NOTURNA TENA GRD.7UNID.;09032021;F;2643;000;000;3776;0000;0000;PCT;UN;700;000;000;I;TENA;0000320999;20;000;000;ISENTO;;; ;N;S;;MC;11900506;N;N
0000321000;0000321000;FRALDA NOTURNA TENA MED.7UNID.;09032021;F;2643;000;000;3776;0000;0000;PCT;UN;700;000;000;I;TENA;0000321000;20;000;000;ISENTO;;; ;N;S;;MC;11900505;N;N
0000321022;0000321022;FRALDA TENA SLIP ULTRA EG.7UNID.;09032021;F;2961;000;000;4230;0000;0000;PCT;UN;700;000;000;I;TENA;0000321022;20;000;000;ISENTO;;; ;N;S;;MC;11270182069;N;N
0000321024;0000321024;FRALDA TENA SLIP ULTRA GRD.7UNID.;09032021;F;2961;000;000;4230;0000;0000;PCT;UN;700;000;000;I;TENA;0000321024;20;000;000;ISENTO;;; ;N;S;;MC;11270182074;N;N
0000321023;0000321023;FRALDA TENA SLIP ULTRA MED.7UNID.;09032021;F;2961;000;000;4230;0000;0000;PCT;UN;700;000;000;I;TENA;0000321023;20;000;000;ISENTO;;; ;N;S;;MC;11270182073;N;N
0000171907;0000171907;FRESA AUTOMATICA TP.SMITH 08MM;18102012;F;518000;000;000;0000;0000;0000;CRT;UN;100;000;000;A;MACOM;0000171907;20;000;000;10243070038;VIGENTE;; ;N;N;79047149;IT;MA-1014A;N;N
0000171909;0000171909;FRESA AUTOMATICA TP.SMITH 14MM;18102012;F;518000;000;000;0000;0000;0000;CRT;UN;100;000;000;A;MACOM;0000171909;20;000;000;10243070038;VIGENTE;; ;N;N;79032826;IT;MA-1014C;N;N
0000171911;0000171911;FRESA CORTANTE NR.010 P/DRILL;18102012;F;202000;000;000;0000;0000;0000;CRT;UN;100;000;000;A;MACOM;0000171911;20;000;000;10243070038;VIGENTE;; ;N;N;79032770;IT;MA-DRC10;N;N
0000171912;0000171912;FRESA CORTANTE NR.020 P/DRILL;18102012;F;202000;000;000;0000;0000;0000;CRT;UN;100;000;000;A;MACOM;0000171912;20;000;000;10243070038;VIGENTE;; ;N;N;79037038;IT;MA-DRC20;N;N
0000171914;0000171914;FRESA CORTANTE NR.030 P/DRILL;18102012;F;202000;000;000;0000;0000;0000;CRT;UN;100;000;000;A;MACOM;0000171914;20;000;000;10243070038;VIGENTE;; ;N;N;79030726;IT;MA-DRC30;N;N
0000171915;0000171915;FRESA CORTANTE NR.035 P/DRILL;18102012;F;202000;000;000;0000;0000;0000;CRT;UN;100;000;000;A;MACOM;0000171915;20;000;000;10243070038;VIGENTE;; ;N;N;79029736;IT;MA-DRC35;N;N
0000171918;0000171918;FRESA CORTANTE NR.045 P/DRILL;18102012;F;202000;000;000;0000;0000;0000;CRT;UN;100;000;000;A;MACOM;0000171918;20;000;000;10243070038;VIGENTE;; ;N;N;79038743;IT;MA-DRC45;N;N
0000171920;0000171920;FRESA CORTANTE NR.055 P/DRILL;18102012;F;202000;000;000;0000;0000;0000;CRT;UN;100;000;000;A;MACOM;0000171920;20;000;000;10243070038;VIGENTE;; ;N;N;79030327;IT;MA-DRC55;N;N
0000171921;0000171921;FRESA CORTANTE NR.060 P/DRILL;18102012;F;202000;000;000;0000;0000;0000;CRT;UN;100;000;000;A;MACOM;0000171921;20;000;000;10243070038;VIGENTE;; ;N;N;79031889;IT;MA-DRC60;N;N
0000280415;0000280415;FRESA CRANIOTOMO 2,00MM;14122016;F;250000;000;000;0000;0000;0000;BL;UN;100;000;000;A;BIOMETAL;0000280415;20;000;000;80482490003;VIGENTE;; ;N;N;100902960;IT;12.5.0701.020E;N;N
0000280416;0000280416;FRESA CRANIOTOMO 2,30MM;14122016;F;250000;000;000;0000;0000;0000;BL;UN;100;000;000;A;BIOMETAL;0000280416;20;000;000;80482490003;VIGENTE;; ;N;N;100902960;IT;12.5.0701.023E;N;N
0000280417;0000280417;FRESA CRANIOTOMO 2,50MM;14122016;F;250000;000;000;0000;0000;0000;BL;UN;100;000;000;A;BIOMETAL;0000280417;20;000;000;80482490003;VIGENTE;; ;N;N;100902960;IT;12.5.0701.025E;N;N
0000280418;0000280418;FRESA CRANIOTOMO 2,70MM;14122016;F;250000;000;000;0000;0000;0000;BL;UN;100;000;000;A;BIOMETAL;0000280418;20;000;000;80482490003;VIGENTE;; ;N;N;100902960;IT;12.5.0701.027E;N;N
0000280419;0000280419;FRESA CRANIOTOMO 3,00MM;14122016;F;250000;000;000;0000;0000;0000;BL;UN;100;000;000;A;BIOMETAL;0000280419;20;000;000;80482490003;VIGENTE;; ;N;N;100902960;IT;12.5.0701.030E;N;N
0000280421;0000280421;FRESA CRANIOTOMO 3,20MM;14122016;F;250000;000;000;0000;0000;0000;BL;UN;100;000;000;A;BIOMETAL;0000280421;20;000;000;80482490003;VIGENTE;; ;N;N;100902960;IT;12.5.0701.032E;N;N
0000280423;0000280423;FRESA CRANIOTOMO 3,70MM;14122016;F;250000;000;000;0000;0000;0000;BL;UN;100;000;000;A;BIOMETAL;0000280423;20;000;000;80482490003;VIGENTE;; ;N;N;100902960;IT;12.5.0701.037E;N;N
0000171942;0000171942;FRESA ESFERICA CORTANTE 1,0X080MM;18102012;F;202000;000;000;0000;0000;0000;CRT;UN;100;000;000;A;MACOM;0000171942;20;000;000;10243070038;VIGENTE;; ;N;N;79031331;IT;DM8.10C;N;N
0000171943;0000171943;FRESA ESFERICA CORTANTE 1,5X080MM;18102012;F;202000;000;000;0000;0000;0000;CRT;UN;100;000;000;A;MACOM;0000171943;20;000;000;10243070038;VIGENTE;; ;N;N;79038700;IT;DM8.15C;N;N
0000171944;0000171944;FRESA ESFERICA CORTANTE 2,0X080MM;18102012;F;202000;000;000;0000;0000;0000;CRT;UN;100;000;000;A;MACOM;0000171944;20;000;000;10243070038;VIGENTE;; ;N;N;79044085;IT;DM8.20C;N;N
0000171953;0000171953;FRESA ESFERICA CORTANTE 2,0X120MM;18102012;F;202000;000;000;0000;0000;0000;CRT;UN;100;000;000;A;MACOM;0000171953;20;000;000;10243070038;VIGENTE;; ;N;N;79034454;IT;DM12.20C;N;N
0000171960;0000171960;FRESA ESFERICA CORTANTE 2,0X160MM;18102012;F;202000;000;000;0000;0000;0000;CRT;UN;100;000;000;A;MACOM;0000171960;20;000;000;10243070038;VIGENTE;; ;N;N;79029388;IT;DM16.20C;N;N
0000171945;0000171945;FRESA ESFERICA CORTANTE 2,5X080MM;18102012;F;202000;000;000;0000;0000;0000;CRT;UN;100;000;000;A;MACOM;0000171945;20;000;000;10243070038;VIGENTE;; ;N;N;79039120;IT;DM8.25C;N;N
0000171955;0000171955;FRESA ESFERICA CORTANTE 2,5X120MM;18102012;F;202000;000;000;0000;0000;0000;CRT;UN;100;000;000;A;MACOM;0000171955;20;000;000;10243070038;VIGENTE;; ;N;N;79043747;IT;DM12.25C;N;N
0000171961;0000171961;FRESA ESFERICA CORTANTE 2,5X160MM;18102012;F;202000;000;000;0000;0000;0000;CRT;UN;100;000;000;A;MACOM;0000171961;20;000;000;10243070038;VIGENTE;; ;N;N;79027911;IT;DM16.25C;N;N
0000171946;0000171946;FRESA ESFERICA CORTANTE 3,0X080MM;18102012;F;202000;000;000;0000;0000;0000;CRT;UN;100;000;000;A;MACOM;0000171946;20;000;000;10243070038;VIGENTE;; ;N;N;79033008;IT;DM8.30C;N;N
0000171956;0000171956;FRESA ESFERICA CORTANTE 3,0X120MM;18102012;F;202000;000;000;0000;0000;0000;CRT;UN;100;000;000;A;MACOM;0000171956;20;000;000;10243070038;VIGENTE;; ;N;N;79030700;IT;DM12.30C;N;N
0000171948;0000171948;FRESA ESFERICA CORTANTE 3,5X080MM;18102012;F;202000;000;000;0000;0000;0000;CRT;UN;100;000;000;A;MACOM;0000171948;20;000;000;10243070038;VIGENTE;; ;N;N;79040284;IT;DM8.35C;N;N
0000171963;0000171963;FRESA ESFERICA CORTANTE 3,5X160MM;18102012;F;202000;000;000;0000;0000;0000;CRT;UN;100;000;000;A;MACOM;0000171963;20;000;000;10243070038;VIGENTE;; ;N;N;79040667;IT;DM16.35C;N;N
0000171949;0000171949;FRESA ESFERICA CORTANTE 4,5X080MM;18102012;F;202000;000;000;0000;0000;0000;CRT;UN;100;000;000;A;MACOM;0000171949;20;000;000;10243070038;VIGENTE;; ;N;N;79038280;IT;DM8.45C;N;N
0000171958;0000171958;FRESA ESFERICA CORTANTE 4,5X120MM;18102012;F;202000;000;000;0000;0000;0000;CRT;UN;100;000;000;A;MACOM;0000171958;20;000;000;10243070038;VIGENTE;; ;N;N;79034780;IT;DM12.45C;N;N
0000171964;0000171964;FRESA ESFERICA SEMI CORTANTE 3,5X090MM;18102012;F;202000;000;000;0000;0000;0000;CRT;UN;100;000;000;A;MACOM;0000171964;20;000;000;10243070038;VIGENTE;; ;N;N;79033911;IT;DM9.35SC;N;N
0000171966;0000171966;FRESA ESFERICA SEMI CORTANTE 4,5X090MM;18102012;F;202000;000;000;0000;0000;0000;CRT;UN;100;000;000;A;MACOM;0000171966;20;000;000;10243070038;VIGENTE;; ;N;N;79036074;IT;DM9.45SC;N;N
0000171968;0000171968;FRESA ESFERICA SEMI CORTANTE 5,0X090MM;18102012;F;202000;000;000;0000;0000;0000;CRT;UN;100;000;000;A;MACOM;0000171968;20;000;000;10243070038;VIGENTE;; ;N;N;79030530;IT;DM9.50SC;N;N
0000171972;0000171972;FRESA ESFERICA SEMI CORTANTE 5,0X110MM;18102012;F;202000;000;000;0000;0000;0000;CRT;UN;100;000;000;A;MACOM;0000171972;20;000;000;10243070038;VIGENTE;; ;N;N;79040640;IT;DM11.50SC;N;N
0000171969;0000171969;FRESA ESFERICA SEMI CORTANTE 5,5X090MM;18102012;F;202000;000;000;0000;0000;0000;CRT;UN;100;000;000;A;MACOM;0000171969;20;000;000;10243070038;VIGENTE;; ;N;N;79044328;IT;DM9.55SC;N;N
0000171974;0000171974;FRESA ESFERICA SEMI CORTANTE 5,5X110MM;18102012;F;202000;000;000;0000;0000;0000;CRT;UN;100;000;000;A;MACOM;0000171974;20;000;000;10243070038;VIGENTE;; ;N;N;79031609;IT;DM11.55SC;N;N
0000171971;0000171971;FRESA ESFERICA SEMI CORTANTE 6,0X090MM;18102012;F;202000;000;000;0000;0000;0000;CRT;UN;100;000;000;A;MACOM;0000171971;20;000;000;10243070038;VIGENTE;; ;N;N;79031595;IT;DM9.60SC;N;N
0000171975;0000171975;FRESA ESFERICA SEMI CORTANTE 6,0X110MM;18102012;F;202000;000;000;0000;0000;0000;CRT;UN;100;000;000;A;MACOM;0000171975;20;000;000;10243070038;VIGENTE;; ;N;N;79034446;IT;DM11.60SC;N;N
0000172000;0000172000;FRESA PERFURACAO DIAMOND MAX 1,5X080MM P/DRILL;18102012;F;202000;000;000;0000;0000;0000;CRT;UN;100;000;000;A;MACOM;0000172000;20;000;000;10243070038;VIGENTE;; ;N;N;79034772;IT;DM8.15P;N;N
0000171940;0000171940;FRESA PERFURACAO P/DRILL;18102012;F;202000;000;000;0000;0000;0000;CRT;UN;100;000;000;A;MACOM;0000171940;20;000;000;10243070038;VIGENTE;; ;N;N;79039154;IT;MA-DRP15;N;N
0000285002;0000285002;FRUTAXX 462+438+90MG/G PO ABACAXI 50ENV.5G;05082020;V;7500;9992;000;1500;1998;0000;CX;ENV;5000;000;000;A;UNIAO QUIMICA;0000285002;50;000;000;1049714020018;31102021;7896006214854;-;N;S;90387139;  ;;N;N
0000320436;0000320436;FULVESTRANTO 50MG/ML SOL.INJ. 2SER.PREENC.5ML+2AG.;05022021;F;481841;000;000;0000;0000;0000;CX;SER;200;000;000;A;TEVA;0000320436;50;000;000;1557300380020;31012028;7898587900744;+;S;N;90497317;  ;;S;N
0000308638;0000308638;FULVESTRANTO 50MG/ML SOL.INJ.1SER.+AG.PREENCH.5ML;30062020;F;240919;000;000;0000;0000;0000;CX;SER;100;000;000;A;SANDOZ;0000308638;50;000;000;1004706110011;30072023;7897595634542;+;S;N;90425766;  ;;S;N
0000308639;0000308639;FULVESTRANTO 50MG/ML SOL.INJ.2SER.+AG.PREENCH.5ML;30062020;F;481840;000;000;0000;0000;0000;CX;SER;200;000;000;A;SANDOZ;0000308639;50;000;000;1004706110021;30072023;7897595634559;+;S;N;90425774;  ;;S;N
0000241545;0000241545;FUMARATO CETOTIFENO 0,2MG/ML XPE.120ML+CP.;26062020;V;1717;2374;000;0143;0198;0000;FR;ML;12000;000;000;A;PRATI-DONADUZZI;0000241545;50;000;000;1256802330030;31052022;7899547508086;+;N;S;90237820;  ;;S;N
0000241546;0000241546;FUMARATO CETOTIFENO 0,2MG/ML XPE.50FR 120ML+50CP.(EMB.HOSP.);26062020;F;114660;000;000;22932;0000;0000;CX;FR;5000;000;000;A;PRATI-DONADUZZI;0000241546;50;000;000;1256802330049;31052022;7899547508093;+;S;S;90237838;  ;;S;N
0000263214;0000263214;FUMARATO QUETIAPINA 100MG 3BLX10CPDS REV.;13042018;V;7662;10592;000;2554;3531;0000;CX;CPDS;3000;000;000;A;ZYDUS NIKKHO;0000263214;50;000;000;1565100520024;30042020;7898940658916;+;N;S;90325010;  ;;S;N
0000263215;0000263215;FUMARATO QUETIAPINA 25MG 15CPDS REV.;05042019;V;3336;4612;000;2224;3075;0000;CX;CPDS;1500;000;000;A;ZYDUS NIKKHO;0000263215;50;000;000;1565100520016;30042020;7898940658923;+;N;S;90325028;  ;;S;N
0000300492;0000300492;FUNGIROX ESMALTE UNHA 80MG/G 6G+2FR 20ML+24LIXAS;23062020;V;12725;16954;000;21208;28257;0000;FR;GRS;600;000;000;A;UCI-FARMA;0000300492;50;000;000;1055001920017;30042023;7897655100208;-;N;S;90413954;  ;;N;N
0000307152;0000307152;FYCOMPA 2MG 28CPDS REV.;30062020;V;19602;26115;000;7001;9327;0000;CX;CPDS;2800;000;000;A;UNITED MEDICAL;0000307152;50;000;000;1257600290281;31052026;7898054580134;-;N;S;90475798;  ;;N;N
0000307150;0000307150;FYCOMPA 4MG 28CPDS REV.;30062020;V;39203;52230;000;14001;18654;0000;CX;CPDS;2800;000;000;A;UNITED MEDICAL;0000307150;50;000;000;1257600290230;31052026;7898054580141;-;N;S;90475780;  ;;N;N
0000307149;0000307149;FYCOMPA 6MG 28CPDS REV.;30062020;V;42280;56330;000;15100;20118;0000;CX;CPDS;2800;000;000;A;UNITED MEDICAL;0000307149;50;000;000;1257600290192;31052026;7898054580158;-;N;S;90475810;  ;;N;N
0000307146;0000307146;FYCOMPA 8MG 28CPDS REV.;30062020;V;49184;65528;000;17566;23403;0000;CX;CPDS;2800;000;000;A;UNITED MEDICAL;0000307146;50;000;000;1257600290141;31052026;7898054580165;-;N;S;90475801;  ;;N;N
0000296954;0000296954;GABALLON 50+50+2+4+4MG 20CPDS;05042019;V;2688;3581;000;1344;1791;0000;FR;CPDS;2000;000;000;A;ZYDUS NIKKHO;0000296954;50;000;000;1565100400010;30052023;7897460400081;-;N;S;90324862;  ;;N;N
0000244794;0000244794;GABAPENTINA 300MG 300CAPS GEL.DURA;26062020;F;78132;000;000;2604;0000;0000;CX;CPDS;30000;000;000;A;PRATI-DONADUZZI;0000244794;50;000;000;1256802380054;28022023;7899547514346;+;S;S;90275020;  ;;S;N
0000241548;0000241548;GABAPENTINA 300MG 30CAPS GEL.DURA;26062020;V;6145;8495;000;2048;2832;0000;CX;CAPS;3000;000;000;A;PRATI-DONADUZZI;0000241548;50;000;000;1256802380021;28022023;7899547514315;+;N;S;90275004;  ;;S;N
0000266608;0000266608;GABAPENTINA 300MG 30CAPS GEL.DURA;07072020;V;6234;8618;000;2078;2873;0000;CX;CPDS;3000;000;000;A;TEUTO BRAS;0000266608;50;000;000;1037005990070;30092023;7896112133421;+;N;S;90339479;  ;;S;N
0000285009;0000285009;GABAPENTINA 300MG 30CAPS GEL.DURA;30062020;V;7882;10896;000;2627;3632;0000;CX;CAPS;3000;000;000;A;SANDOZ;0000285009;50;000;000;1004705940029;30072021;7897595622358;+;N;S;90363493;  ;;S;N
0000244793;0000244793;GABAPENTINA 300MG 60CAPS GEL.DURA;26062020;V;15624;21599;000;2604;3600;0000;CX;CPDS;6000;000;000;A;PRATI-DONADUZZI;0000244793;50;000;000;1256802380038;28022023;7899547514322;+;N;S;90275012;  ;;S;N
0000244796;0000244796;GABAPENTINA 400MG 300CAPS GEL.DURA;26062020;F;94939;000;000;3165;0000;0000;CX;CPDS;30000;000;000;A;PRATI-DONADUZZI;0000244796;50;000;000;1256802380119;28022023;7899547514407;+;S;S;90275055;  ;;S;N
0000241549;0000241549;GABAPENTINA 400MG 30CAPS GEL.DURA;17112020;V;6200;8571;000;2067;2857;0000;CX;CAPS;3000;000;000;A;PRATI-DONADUZZI;0000241549;50;000;000;1256802380089;28022023;7899547514377;+;N;S;90275039;  ;;S;N
0000244795;0000244795;GABAPENTINA 400MG 60CAPS GEL.DURA;17112020;V;11780;16285;000;1963;2714;0000;CX;CPDS;6000;000;000;A;PRATI-DONADUZZI;0000244795;50;000;000;1256802380097;28022023;7899547514384;+;N;S;90275047;  ;;S;N
0000263298;0000263298;GAMMAR 250MG 36CPDS;05042019;V;2919;3889;000;0912;1215;0000;CX;CPDS;3200;000;000;A;ZYDUS NIKKHO;0000263298;50;000;000;1565100330012;31122019;7897460400166;-;N;S;90324951;  ;;N;N
0000320259;0000320259;GAPEM 300MG 15CAPS DURA;14012021;V;1648;2278;000;1099;1519;0000;CX;CAPS;1500;000;000;A;PRATI-DONADUZZI;0000320259;50;000;000;1256802960018;31102029;7899547533606;+;N;S;90497430;  ;;N;N
0000319172;0000319172;GAPEM 300MG 30CAPS DURA;17112020;V;3878;5361;000;1293;1787;0000;CX;CAPS;3000;000;000;A;PRATI-DONADUZZI;0000319172;50;000;000;1256802960026;31102029;7899547533613;+;N;S;90446909;  ;;N;N
0000319173;0000319173;GAPEM 400MG 30CAPS DURA;17112020;V;5505;7610;000;1835;2537;0000;CX;CAPS;3000;000;000;A;PRATI-DONADUZZI;0000319173;50;000;000;1256802960085;31102029;7899547533675;+;N;S;90446925;  ;;N;N
0000312381;0000312381;GAUDY 16MG 28CAPS DURA LIB.PROLONG.;07072020;V;13554;18738;000;4841;6692;0000;CX;CAPS;2800;000;000;A;SIGMA PHARMA;0000312381;50;000;000;1023513080095;31082024;7894916514729;+;N;S;90440170;  ;;N;N
0000312380;0000312380;GAUDY 24MG 28CAPS DURA LIB.PROLONG.;07072020;V;14910;20612;000;5325;7361;0000;CX;CAPS;2800;000;000;A;SIGMA PHARMA;0000312380;50;000;000;1023513080151;31082024;7894916514736;+;N;S;90440218;  ;;N;N
0000312382;0000312382;GAUDY 8MG 28CAPS DURA LIB.PROLONG.;07072020;V;12200;16866;000;4357;6024;0000;CX;CAPS;2800;000;000;A;SIGMA PHARMA;0000312382;50;000;000;1023513080036;31082024;7894916514712;+;N;S;90440137;  ;;N;N
0000261866;0000261866;GAZE ROLO C/ANTIMICROBIANO KERLIX A.M.D 11CMX3,7MT;11032021;F;9000;000;000;90000;0000;0000;PGC;ROL;100;000;000;P;CARDINAL HEALTH MS;0000261866;20;000;000;81356112342;10012026;; ;N;S;;MC;3332;N;N
0000309681;0000309681;GAZE/CORTICA 1:2 P/SISTEMA PREPARACAO ENXERTOS MEEK MICROGRAFT;12032021;F;118735;000;000;0000;0000;0000;CX;UN;100;000;000;P;EFE;0000309681;20;000;800;10243869015;VIGENTE;; ;N;N;;ME;2.2/10;N;N
0000309683;0000309683;GAZE/CORTICA 1:3 P/SISTEMA PREPARACAO ENXERTOS MEEK MICROGRAFT;12032021;F;118735;000;000;0000;0000;0000;CX;UN;100;000;000;P;EFE;0000309683;20;000;800;10243869015;VIGENTE;; ;N;N;;ME;2.3/10;N;N
0000309686;0000309686;GAZE/CORTICA 1:4 P/SISTEMA PREPARACAO ENXERTOS MEEK MICROGRAFT;12032021;F;118735;000;000;0000;0000;0000;CX;UN;100;000;000;P;EFE;0000309686;20;000;000;10243869015;VIGENTE;; ;N;N;;ME;2.4/10;N;N
0000309687;0000309687;GAZE/CORTICA 1:6 P/SISTEMA PREPARACAO ENXERTOS MEEK MICROGRAFT;12032021;F;118735;000;000;0000;0000;0000;CX;UN;100;000;000;P;EFE;0000309687;20;000;800;10243869015;VIGENTE;; ;N;N;;ME;2.6/10;N;N
0000309689;0000309689;GAZE/CORTICA 1:9 P/SISTEMA PREPARACAO ENXERTOS MEEK MICROGRAFT;12032021;F;118735;000;000;0000;0000;0000;CX;UN;100;000;000;P;EFE;0000309689;20;000;800;10243869015;VIGENTE;; ;N;N;;ME;2.9/10;N;N
0000258746;0000258746;GAZYVA 1000MG SOL.DIL.INFUS IV 40ML;03072020;F;2134680;000;000;0000;0000;0000;FR;ML;4000;000;000;A;ROCHE;0000258746;50;000;000;1010006600010;31032025;7896226506906;-;S;N;90321790;  ;;N;N
0000312660;0000312660;GENGI BABY GEL 10G;07072020;F;4198;000;000;0000;0000;0000;CX;BG;100;000;000;A;BIOLAB SANUS;0000312660;20;000;000;80522910009;VIGENTE;7896112401926;-;N;N;100887562;MC;;N;N
0000321128;0000321128;GERADOR VENACURE EVLT 1470 PRO LASER;09032021;F;18000000;000;000;0000;0000;0000;CX;UN;100;000;000;I;HEMOCAT;0000321128;20;000;800;80117580805;22072029;; ;N;N;;BD;VC1470PRO;N;N
0000307282;0000307282;GESTODENO+ETINILESTRADIOL 0,06+0,15MG 72CPDS REV.;30062020;V;5461;7550;000;0758;1049;0000;CX;CPDS;7200;000;000;A;SANDOZ;0000307282;50;000;000;1004704750031;30042020;7897595614223;+;N;S;90402790;  ;;S;N
0000320786;0000320786;GESTRELAN 0,15+0,03MG 21CPDS REV.;02032021;V;722;998;000;0000;0000;0000;CX;CPDS;2100;000;000;A;BIOLAB SANUS;0000320786;50;000;000;1097400610033;30062028;7896112403029;+;N;N;90499107;  ;;N;N
0000320787;0000320787;GESTRELAN 0,15+0,03MG 63CPDS REV.;02032021;V;2495;3449;000;0396;0547;0000;CX;CPDS;6300;000;000;A;BIOLAB SANUS;0000320787;50;000;000;1097400610041;30062028;7896112403036;+;N;S;90499115;  ;;N;N
0000239849;0000239849;GINKGO VITAL 120MG 30CPDS REV.;26062020;V;3934;5241;000;1311;1747;0000;CX;CPDS;3000;000;000;A;PRATI-DONADUZZI;0000239849;50;000;000;1256802360274;30112027;7899547508857;-;N;S;90456033;  ;;N;N
0000239851;0000239851;GINKGO VITAL 80MG 30CPDS REV.;26062020;V;3059;4076;000;1020;1359;0000;CX;CPDS;3000;000;000;A;PRATI-DONADUZZI;0000239851;50;000;000;1256802360177;30112027;7899547508758;-;N;S;90456130;  ;;N;N
0000239852;0000239852;GINKGO VITAL 80MG 60CPDS REV.;26062020;V;6116;8148;000;1019;1358;0000;CX;CPDS;6000;000;000;A;PRATI-DONADUZZI;0000239852;50;000;000;1256802360185;30112027;7899547508765;-;N;S;90456149;  ;;N;N
0000315153;0000315153;GINKGO VITAL 80MG BL.AL.PLAS.TRANS.ACLAR 300CPDS REV.(EMB.HOSP);26062020;F;34603;000;000;1153;0000;0000;CX;CPDS;30000;000;000;A;PRATI-DONADUZZI;0000315153;50;000;000;1256802360215;30112027;7899547508796;-;S;S;90456157;  ;;N;N
0000258210;0000258210;GLAUB MD 1MG/ML SOL.OFT.5ML;30062020;V;2029;2805;000;0000;0000;0000;FR;ML;500;000;000;A;UNIAO QUIMICA;0000258210;50;000;000;1049713500040;30112022;7896006208266;+;N;N;90323998;  ;;N;N
0000319848;0000319848;GLICAZIDA 30MG 1000CPDS LIB.PROLONG.;16122020;F;56478;000;000;0565;0000;0000;CX;CPDS;100000;000;000;A;SUN FARMACEUTICA;0000319848;50;000;000;1468200930060;30092027;7898272945838;+;S;S;90497660;  ;;S;N
0000319844;0000319844;GLICAZIDA 30MG 30CPDS LIB.PROLONG.;16122020;V;1679;2321;000;0560;0774;0000;CX;CPDS;3000;000;000;A;SUN FARMACEUTICA;0000319844;50;000;000;1468200930028;30092027;7898272945807;+;N;S;90497635;  ;;S;N
0000319847;0000319847;GLICAZIDA 30MG 500CPDS LIB.PROLONG.;16122020;F;28240;000;000;0565;0000;0000;CX;CPDS;50000;000;000;A;SUN FARMACEUTICA;0000319847;50;000;000;1468200930052;30092027;7898272945821;+;S;S;90497651;  ;;S;N
0000319845;0000319845;GLICAZIDA 30MG 60CPDS LIB.PROLONG.;16122020;V;3193;4414;000;0532;0736;0000;CX;CPDS;6000;000;000;A;SUN FARMACEUTICA;0000319845;50;000;000;1468200930036;30092027;7898272945814;+;N;S;90497643;  ;;S;N
0000319846;0000319846;GLICAZIDA 30MG 90CPDS LIB.PROLONG.;16122020;V;5015;6933;000;0557;0770;0000;CX;CPDS;9000;000;000;A;SUN FARMACEUTICA;0000319846;50;000;000;1468200930079;30092027;7898272945845;+;N;S;90497678;  ;;S;N
0000302597;0000302597;GLICERINA 120ML;07042020;F;1310;000;000;0109;0000;0000;FR;ML;12000;000;000;A;RIOQUIMICA;0000302597;50;000;000;NOTIFICACAO;13112023;7897780217079; ;N;S;;  ;;N;N
0000279509;0000279509;GLICEROFOSFATO SODIO 1ML;03072020;F;1473;000;000;0000;0000;0000;BOL;ML;100;000;000;A;SOLUS SOLUCOES;0000279509;50;000;000;ISENTO;;; ;S;N;;  ;;N;N
0000177512;0000177512;GLICLAZIDA 30MG 30CPDS LIB.PROLONG.;07082020;V;1679;2321;000;0560;0774;0000;CX;CPDS;3000;000;000;A;RANBAXY;0000177512;50;000;000;1235202230024;30092022;7897076915474;+;N;S;90273435;  ;;S;N
0000311382;0000311382;GLICLAZIDA 30MG 30CPDS LIB.PROLONG.;05112019;V;1612;2228;000;0537;0743;0000;CX;CPDS;3000;000;000;A;TORRENT;0000311382;50;000;000;1052500690012;30102020;8902220119574;+;N;S;90343700;  ;;S;N
0000177513;0000177513;GLICLAZIDA 30MG 60CPDS LIB.PROLONG.;07082020;V;3193;4414;000;0532;0736;0000;CX;CPDS;6000;000;000;A;RANBAXY;0000177513;50;000;000;1235202230032;30092022;7897076915481;+;N;S;90273443;  ;;S;N
0000320380;0000320380;GLICLAZIDA 60MG 30CPDS LIB.PROLONG.;02022021;V;3106;4294;000;1035;1431;0000;CX;CPDS;3000;000;000;A;RANBAXY;0000320380;50;000;000;1235202690051;30062030;7897076922403;+;N;S;90483715;  ;;S;N
0000320381;0000320381;GLICLAZIDA 60MG 60CPDS LIB.PROLONG.;02022021;V;5888;8140;000;0981;1357;0000;CX;CPDS;6000;000;000;A;RANBAXY;0000320381;50;000;000;1235202690068;30062030;7897076922410;+;N;S;90483723;  ;;S;N
0000244715;0000244715;GLICOMET 500MG 30CPDS;30062020;V;500;691;000;0167;0230;0000;CX;CAPS;3000;000;000;A;VITAPAN;0000244715;50;000;000;1039201090032;31122020;7898049794324;+;N;S;90259750;  ;;N;N
0000271438;0000271438;GLIMEPIRIDA 1MG 30CPDS;07072020;V;1273;1760;000;0424;0587;0000;CX;CPDS;3000;000;000;A;TEUTO BRAS;0000271438;50;000;000;1037006170026;28022025;7896112170556;+;N;S;90350944;  ;;S;N
0000314315;0000314315;GLIMEPIRIDA 1MG 30CPDS;26062020;V;1202;1662;000;0401;0554;0000;CX;CPDS;3000;000;000;A;PRATI-DONADUZZI;0000314315;50;000;000;1256802970021;31102029;7899547513349;+;N;S;90446615;  ;;S;N
0000271439;0000271439;GLIMEPIRIDA 2MG 30CPDS;07072020;V;1928;2665;000;0643;0888;0000;CX;CPDS;3000;000;000;A;TEUTO BRAS;0000271439;50;000;000;1037006170050;28022025;7896112129417;+;N;S;90350952;  ;;S;N
0000314316;0000314316;GLIMEPIRIDA 2MG 30CPDS;26062020;V;1882;2602;000;0627;0867;0000;CX;CPDS;3000;000;000;A;PRATI-DONADUZZI;0000314316;50;000;000;1256802970153;31102029;7899547513479;+;N;S;90446690;  ;;S;N
0000271440;0000271440;GLIMEPIRIDA 4MG 30CPDS;07072020;V;3607;4986;000;1202;1662;0000;CX;CPDS;3000;000;000;A;TEUTO BRAS;0000271440;50;000;000;1037006170085;28022025;7896112129400;+;N;S;90350960;  ;;S;N
0000314317;0000314317;GLIMEPIRIDA 4MG 30CPDS;26062020;V;2791;3858;000;0930;1286;0000;CX;CPDS;3000;000;000;A;PRATI-DONADUZZI;0000314317;50;000;000;1256802970412;31102029;7899547513738;+;N;S;90446623;  ;;S;N
0000289615;0000289615;GLUTAMAX 20SACH.5G;29042020;F;86700;000;000;43350;0000;0000;CX;SACH;2000;000;000;A;VITAFOR;0000289615;50;000;000;6542600010015;31052022;7898919865307; ;N;S;;  ;;N;S
0000289617;0000289617;GLUTAMAX 300G;13092018;F;107900;000;000;0000;0000;0000;PT;GRS;30000;000;000;A;VITAFOR;0000289617;50;000;000;6542600010015;31052022;7898919865567; ;N;N;;  ;;N;S
0000289619;0000289619;GLUTAMAX 30SACH.10G;29042020;F;172400;000;000;57467;0000;0000;CX;SACH;3000;000;000;A;VITAFOR;0000289619;50;000;000;6542600010015;31052022;7898949730675; ;N;S;;  ;;N;S
0000289616;0000289616;GLUTAMAX 30SACH.5G;29042020;F;121000;000;000;40333;0000;0000;CX;SACH;3000;000;000;A;VITAFOR;0000289616;50;000;000;6542600010015;31052022;7898949730231; ;N;S;;  ;;N;S
0000289618;0000289618;GLUTAMAX 400G;29042020;F;136000;000;000;0000;0000;0000;PT;GRS;40000;000;000;A;VITAFOR;0000289618;50;000;000;6542600010015;31052022;7898919865178; ;N;N;;  ;;N;S
0000285412;0000285412;GORRO C/TIRAS DESC.;09032021;A;045;000;000;0000;0000;0000;   ;UN;100;000;000;S;SKY DESCARTAVEIS;0000285412;20;000;000;80251280008;VIGENTE;; ;N;N;;MC;04017;N;N
0000309535;0000309535;GRAMPEADOR CIRCULAR OGIVA FIXA 25CM C/ ALAVANCA;08082019;F;300000;000;000;0000;0000;0000;CX;UN;100;000;000;A;REACH SURGICAL;0000309535;20;000;000;81504790207;20112027;; ;N;N;100846262;ME;RCS25G;N;N
0000309536;0000309536;GRAMPEADOR CIRCULAR OGIVA FIXA 28CM C/ ALAVANCA;08082019;F;300000;000;000;0000;0000;0000;CX;UN;100;000;000;A;REACH SURGICAL;0000309536;20;000;000;81504790207;20112027;; ;N;N;100846670;ME;RCS28G;N;N
0000309537;0000309537;GRAMPEADOR CIRCULAR OGIVA FIXA 31CM C/ ALAVANCA;08082019;F;300000;000;000;0000;0000;0000;CX;UN;100;000;000;A;REACH SURGICAL;0000309537;20;000;000;81504790207;20112027;; ;N;N;100846602;ME;RCS31G;N;N
0000309538;0000309538;GRAMPEADOR CIRCULAR OGIVA FIXA 34CM C/ ALAVANCA;08082019;F;300000;000;000;0000;0000;0000;CX;UN;100;000;000;A;REACH SURGICAL;0000309538;20;000;000;81504790207;20112027;; ;N;N;100846475;ME;RCS34G;N;N
0000309527;0000309527;GRAMPEADOR CORTE LINEAR ENDOSCOPICO ENDO REACH ENDO III 45MM LONGO;08082019;F;366700;000;000;0000;0000;0000;CX;UN;100;000;000;A;REACH SURGICAL;0000309527;20;000;000;81504790200;VIGENTE;; ;N;N;100845380;ME;REC45AL;N;N
0000309526;0000309526;GRAMPEADOR CORTE LINEAR ENDOSCOPICO ENDO REACH ENDO III 45MM NORMAL;08082019;F;366700;000;000;0000;0000;0000;CX;UN;100;000;000;A;REACH SURGICAL;0000309526;20;000;000;81504790200;VIGENTE;; ;N;N;100845347;ME;REC45A;N;N
0000309525;0000309525;GRAMPEADOR CORTE LINEAR ENDOSCOPICO ENDO REACH ENDO III 60MM LONGO;08082019;F;366700;000;000;0000;0000;0000;CX;UN;100;000;000;A;REACH SURGICAL;0000309525;20;000;000;81504790200;VIGENTE;; ;N;N;100845363;ME;REC60AL;N;N
0000309524;0000309524;GRAMPEADOR CORTE LINEAR ENDOSCOPICO ENDO REACH ENDO III 60MM NORMAL;08082019;F;366700;000;000;0000;0000;0000;CX;UN;100;000;000;A;REACH SURGICAL;0000309524;20;000;000;81504790200;VIGENTE;; ;N;N;100845339;ME;REC60A;N;N
0000315257;0000315257;GRANDAX 1MG/ML SOL.IN.IV 5AMP.3ML;30062020;F;139341;000;000;278682;0000;0000;CX;AMP;500;000;000;A;UNIAO QUIMICA;0000315257;50;000;000;1049714170060;30042028;7896006211532;-;N;S;90495012;  ;;N;N
0000296910;0000296910;GRECE 10MG 30CAPS GEL.DURA;30062020;V;3565;4750;000;1188;1583;0000;CX;CAPS;3000;000;000;A;SUPERA;0000296910;50;000;000;1037202730012;22082021;7899420506468;-;N;S;90390466;  ;;N;N
0000296911;0000296911;GRECE 15MG 30CAPS GEL.DURA;30062020;V;4009;5341;000;1336;1780;0000;CX;CAPS;3000;000;000;A;SUPERA;0000296911;50;000;000;1037202730020;22082021;7899420506482;-;N;S;90390482;  ;;N;N
0000296912;0000296912;GRECE 15MG 60CAPS GEL.DURA;30062020;V;6539;8712;000;1090;1452;0000;CX;CAPS;6000;000;000;A;SUPERA;0000296912;50;000;000;1037202730047;22082021;7899420506499;-;N;S;90390474;  ;;N;N
0000316344;0000316344;GUIA 0,014 BALANCIUM;30072020;F;65000;000;000;0000;0000;0000;PCT;UN;100;000;000;A;HOMACC;0000316344;20;000;000;80102512390;15092024;; ;N;N;100884040;ME;;N;N
0000319849;0000319849;GULSHEN 150MG 20CPDS;16122020;V;5978;8264;000;2989;4132;0000;CX;CPDS;2000;000;000;A;SUN FARMACEUTICA;0000319849;50;000;000;1468200980051;30092030;7898272945913;+;N;S;90492188;  ;;N;N
0000319850;0000319850;GULSHEN 150MG 30CPDS;16122020;V;8971;12402;000;2990;4134;0000;CX;CPDS;3000;000;000;A;SUN FARMACEUTICA;0000319850;50;000;000;1468200980068;30092030;7898272945920;+;N;S;90492196;  ;;N;N
0000319851;0000319851;GULSHEN 150MG 60CPDS;16122020;V;17938;24798;000;2990;4133;0000;CX;CPDS;6000;000;000;A;SUN FARMACEUTICA;0000319851;50;000;000;1468200980076;30092030;7898272945937;+;N;S;90492200;  ;;N;N
0000319852;0000319852;GULSHEN 150MG 90CPDS;16122020;V;26907;37197;000;2990;4133;0000;CX;CPDS;9000;000;000;A;SUN FARMACEUTICA;0000319852;50;000;000;1468200980084;30092030;7898272945944;+;N;S;90492218;  ;;N;N
0000319853;0000319853;GULSHEN 300MG 20CPDS;16122020;V;11821;16342;000;5911;8171;0000;CX;CPDS;2000;000;000;A;SUN FARMACEUTICA;0000319853;50;000;000;1468200980130;30092030;7898272945951;+;N;S;90492226;  ;;N;N
0000319854;0000319854;GULSHEN 300MG 30CPDS;16122020;V;17732;24513;000;5911;8171;0000;CX;CPDS;3000;000;000;A;SUN FARMACEUTICA;0000319854;50;000;000;1468200980149;30092030;7898272945968;+;N;S;90492234;  ;;N;N
0000319855;0000319855;GULSHEN 300MG 60CPDS;16122020;V;35463;49026;000;5911;8171;0000;CX;CPDS;6000;000;000;A;SUN FARMACEUTICA;0000319855;50;000;000;1468200980157;30092030;7898272945975;+;N;S;90492242;  ;;N;N
0000319856;0000319856;GULSHEN 300MG 90CPDS;16122020;V;53195;73539;000;5911;8171;0000;CX;CPDS;9000;000;000;A;SUN FARMACEUTICA;0000319856;50;000;000;1468200980165;30092030;7898272945982;+;N;S;90492250;  ;;N;N
0000282220;0000282220;GUTTALAX 7,5MG/ML SOL.ORAL 30ML;17022021;V;1801;2399;000;0600;0800;0000;FR;ML;3000;000;000;A;SANOFI MEDLEY;0000282220;50;000;000;1832604290025;30092026;7891058021689;-;N;S;90487710;  ;;N;N
0000307145;0000307145;HALAVEN 0,5MG/ML SOL.INJ.2ML;30062020;F;145875;000;000;0000;0000;0000;CX;FA;100;000;000;A;UNITED MEDICAL;0000307145;50;000;000;1257600260013;31052028;7898054580103;-;S;N;90450019;  ;;N;N
0000320681;0000320681;HARIP 10MG 15CPDS;18022021;V;5055;6988;000;3370;4659;0000;CX;CPDS;1500;000;000;A;PRATI-DONADUZZI;0000320681;50;000;000;1256803080021;28022030;7899547534061;+;N;S;90492846;  ;;N;N
0000314775;0000314775;HARIP 10MG 30CPDS;14052020;V;11305;15628;000;3768;5209;0000;CX;CPDS;3000;000;000;A;PRATI-DONADUZZI;0000314775;50;000;000;1256803080038;28022025;7899547534078;+;N;S;90464656;  ;;N;N
0000320682;0000320682;HARIP 15MG 15CPDS;18022021;V;7601;10508;000;5067;7005;0000;CX;CPDS;1500;000;000;A;PRATI-DONADUZZI;0000320682;50;000;000;1256803080089;28022030;7899547534122;+;N;S;90492854;  ;;N;N
0000314776;0000314776;HARIP 15MG 30CPDS;14052020;V;17000;23501;000;5667;7834;0000;CX;CPDS;3000;000;000;A;PRATI-DONADUZZI;0000314776;50;000;000;1256803080097;28022025;7899547534139;+;N;S;90464664;  ;;N;N
0000315221;0000315221;HEDERA 7MG/ML SOL.ORAL 100ML+COPO;30062020;V;3274;4362;000;0327;0436;0000;FR;ML;10000;000;000;A;ONEFARMA;0000315221;50;000;000;1048101430019;31102028;7898075317832;-;N;S;90497856;  ;;N;N
0000315226;0000315226;HEDERA HELIX 7MG/ML XPE 100ML+COP;30062020;V;1939;2583;000;0194;0258;0000;FR;ML;10000;000;000;A;VITAPAN;0000315226;50;000;000;1039201950015;31012030;7898049796472;-;N;S;90472543;  ;;S;N
0000266609;0000266609;HELMIZOL 500MG GEL VAG.50BGX50G(EMB.HOSP.);07072020;F;67149;000;000;13430;0000;0000;CX;BG;5000;000;000;A;TEUTO BRAS;0000266609;50;000;000;1037000710088;31082021;7896112143116;+;S;S;90339428;  ;;N;N
0000303891;0000303891;HEMCIBRA 105MG SOL.INJ.1FA 0,7ML;03072020;V;4695711;6256135;000;0000;0000;0000;CX;FA;100;000;000;A;ROCHE;0000303891;50;000;000;1010006670035;31072023;7613326007344;-;N;N;90411951;  ;;N;N
0000303892;0000303892;HEMCIBRA 150MG SOL.INJ.1FA 1ML;03072020;V;6708159;8937336;000;0000;0000;0000;CX;FA;100;000;000;A;ROCHE;0000303892;50;000;000;1010006670043;31072023;7613326007337;-;N;N;90411960;  ;;N;N
0000303889;0000303889;HEMCIBRA 30MG SOL.INJ.1FA 1ML;03072020;V;1341631;1787466;000;0000;0000;0000;CX;FA;100;000;000;A;ROCHE;0000303889;50;000;000;1010006670019;31072023;7613326010054;-;N;N;90411935;  ;;N;N
0000303890;0000303890;HEMCIBRA 60MG SOL.INJ.1FA 0,4ML;03072020;V;2683264;3574935;000;0000;0000;0000;CX;FA;100;000;000;A;ROCHE;0000303890;50;000;000;1010006670027;31072023;7613326007320;-;N;N;90411943;  ;;N;N
0000312889;0000312889;HEMIFUMARATO BISOPROLOL 10MG 30CPDS REV.;19062020;V;4093;5658;000;1364;1886;0000;CX;CPDS;3000;000;000;A;SANOFI MEDLEY;0000312889;50;000;000;1832603050128;30042024;7896422522687;+;N;S;90442610;  ;;S;N
0000312887;0000312887;HEMIFUMARATO BISOPROLOL 2,5MG 30 CPDS REV.;19062020;V;2952;4081;000;0984;1360;0000;CX;CPDS;3000;000;000;A;SANOFI MEDLEY;0000312887;50;000;000;1832603050063;30042024;7896422522663;+;N;S;90442598;  ;;S;N
0000312888;0000312888;HEMIFUMARATO BISOPROLOL 5MG 30CPDS REV.;19062020;V;3593;4967;000;1198;1656;0000;CX;CPDS;3000;000;000;A;SANOFI MEDLEY;0000312888;50;000;000;1832603050098;30042024;7896422522670;+;N;S;90442601;  ;;S;N
0000316424;0000316424;HEMIFUMARATO QUETIAPINA 1,25MG 30CPDS REV.;04082020;V;2460;3401;000;0820;1134;0000;CX;CPDS;3000;000;000;A;TORRENT;0000316424;50;000;000;1052500780046;30062029;8902220114128;+;N;S;;  ;;S;N
0000242015;0000242015;HEMIFUMARATO QUETIAPINA 100MG 280CPDS REV.(EMB.HOSP.);23062020;F;218105;000;000;7789;0000;0000;CX;CPDS;28000;000;000;A;TEUTO BRAS;0000242015;50;000;000;1037005960171;31082023;7896112163732;+;S;S;90292294;  ;;S;N
0000242014;0000242014;HEMIFUMARATO QUETIAPINA 100MG 28CPDS REV.;07072020;V;21811;30152;000;7790;10769;0000;CX;CPDS;2800;000;000;A;TEUTO BRAS;0000242014;50;000;000;1037005960112;31082023;7896112163640;+;N;S;90292286;  ;;S;N
0000271773;0000271773;HEMIFUMARATO QUETIAPINA 100MG 30CPDS REV.;30062020;V;18718;25877;000;6239;8626;0000;CX;CPDS;3000;000;000;A;SANDOZ;0000271773;50;000;000;1004704920083;28022021;7897595617538;+;N;S;90310586;  ;;S;N
0000281720;0000281720;HEMIFUMARATO QUETIAPINA 100MG 30CPDS REV.;02022021;V;9459;13077;000;3153;4359;0000;CX;CPDS;3000;000;000;A;TEUTO BRAS;0000281720;50;000;000;1037005960511;31082023;7896112121114;+;N;S;90363973;  ;;S;N
0000305286;0000305286;HEMIFUMARATO QUETIAPINA 100MG 30CPDS REV.;19062020;V;18176;25127;000;6059;8376;0000;CX;CPDS;3000;000;000;A;SANOFI MEDLEY;0000305286;50;000;000;1832602930043;30092023;7896422500531;+;N;S;90422341;  ;;S;N
0000316427;0000316427;HEMIFUMARATO QUETIAPINA 10MG 30CPDS REV.;04082020;V;3927;5429;000;1309;1810;0000;CX;CPDS;3000;000;000;A;TORRENT;0000316427;50;000;000;1052500780194;30062029;8902220114203;+;N;S;90484118;  ;;S;N
0000316425;0000316425;HEMIFUMARATO QUETIAPINA 2,5MG 30CPDS REV.;04082020;V;2833;3916;000;0944;1305;0000;CX;CPDS;3000;000;000;A;TORRENT;0000316425;50;000;000;1052500780097;30062029;8902220114166;+;N;S;90484096;  ;;S;N
0000242017;0000242017;HEMIFUMARATO QUETIAPINA 200MG 280CPDS REV.(EMB.HOSP.);23062020;F;392341;000;000;14012;0000;0000;CX;CPDS;28000;000;000;A;TEUTO BRAS;0000242017;50;000;000;1037005960295;31082023;7896112163763;+;S;S;90292316;  ;;S;N
0000242016;0000242016;HEMIFUMARATO QUETIAPINA 200MG 28CPDS REV.;07072020;V;39235;54240;000;14013;19371;0000;CX;CPDS;2800;000;000;A;TEUTO BRAS;0000242016;50;000;000;1037005960236;31082023;7896112163671;+;N;S;90292308;  ;;S;N
0000271774;0000271774;HEMIFUMARATO QUETIAPINA 200MG 30CPDS REV.;30062020;V;33335;46084;000;11112;15361;0000;CX;CPDS;3000;000;000;A;SANDOZ;0000271774;50;000;000;1004704920131;28022021;7897595617026;+;N;S;90310594;  ;;S;N
0000281721;0000281721;HEMIFUMARATO QUETIAPINA 200MG 30CPDS REV.;02022021;V;21979;30385;000;7326;10128;0000;CX;CPDS;3000;000;000;A;TEUTO BRAS;0000281721;50;000;000;1037005960619;31082023;7896112121039;+;N;S;90364007;  ;;S;N
0000305287;0000305287;HEMIFUMARATO QUETIAPINA 200MG 30CPDS REV.;19062020;V;24739;34200;000;8246;11400;0000;CX;CPDS;3000;000;000;A;SANOFI MEDLEY;0000305287;50;000;000;1832602930086;30092023;7896422500562;+;N;S;90422350;  ;;S;N
0000242011;0000242011;HEMIFUMARATO QUETIAPINA 25MG 14CPDS REV.;07072020;V;2623;3626;000;1874;2590;0000;CX;CPDS;1400;000;000;A;TEUTO BRAS;0000242011;50;000;000;1037005960015;31082023;7896112154846;+;N;S;90292251;  ;;S;N
0000242013;0000242013;HEMIFUMARATO QUETIAPINA 25MG 280CPDS REV.(EMB.HOSP.);23062020;F;65551;000;000;2341;0000;0000;CX;CPDS;28000;000;000;A;TEUTO BRAS;0000242013;50;000;000;1037005960058;31082023;7896112163701;+;S;S;90292278;  ;;S;N
0000271772;0000271772;HEMIFUMARATO QUETIAPINA 25MG 30CPDS REV.;30062020;V;5260;7272;000;1753;2424;0000;CX;CPDS;3000;000;000;A;SANDOZ;0000271772;50;000;000;1004704920032;28022021;7897595617507;+;N;S;90310578;  ;;S;N
0000281719;0000281719;HEMIFUMARATO QUETIAPINA 25MG 30CPDS REV.;02022021;V;3288;4545;000;1096;1515;0000;CX;CPDS;3000;000;000;A;TEUTO BRAS;0000281719;50;000;000;1037005960414;31082023;7896112121282;+;N;S;90364058;  ;;S;N
0000282532;0000282532;HEMIFUMARATO QUETIAPINA 25MG 30CPDS REV.;30062020;V;3125;4320;000;1042;1440;0000;CX;CPDS;3000;000;000;A;ZYDUS NIKKHO;0000282532;50;000;000;1565100520032;30042020;7898940658992;+;N;S;90387511;  ;;S;N
0000305285;0000305285;HEMIFUMARATO QUETIAPINA 25MG 30CPDS REV.;19062020;V;4890;6760;000;1630;2253;0000;CX;CPDS;3000;000;000;A;SANOFI MEDLEY;0000305285;50;000;000;1832602930027;30092023;7896422500500;+;N;S;90422333;  ;;S;N
0000316426;0000316426;HEMIFUMARATO QUETIAPINA 5MG 30CPDS REV.;04082020;V;3446;4764;000;1149;1588;0000;CX;CPDS;3000;000;000;A;TORRENT;0000316426;50;000;000;1052500780143;30062029;8902220114241;+;N;S;90484100;  ;;S;N
0000263773;0000263773;HEMITARTARATO ZOLPIDEM 10MG 200CPDS REV.(EMB.HOSP);23062020;F;38905;000;000;1945;0000;0000;CX;CPDS;20000;000;000;A;TEUTO BRAS;0000263773;50;000;000;1037005730036;31012022;7896112160373;+;S;S;90339320;  ;;S;N
0000297269;0000297269;HEMITARTARATO ZOLPIDEM 10MG 30CPDS REV.;30062020;V;5473;7566;000;1824;2522;0000;CX;CPDS;3000;000;000;A;SANDOZ;0000297269;50;000;000;1004703920039;30092023;7897595608161;+;N;S;90402812;  ;;S;N
0000315453;0000315453;HEMITARTARATO ZOLPIDEM 10MG 30CPDS REV.;02022021;V;4118;5693;000;1373;1898;0000;CX;CPDS;3000;000;000;A;TEUTO BRAS;0000315453;50;000;000;1037005730095;31072027;7896112103851;-;N;S;90442687;  ;;S;N
0000318436;0000318436;HEMITARTARATO ZOLPIDEM 10MG 30CPDS REV.;01112020;V;3944;5452;000;1315;1817;0000;CX;CPDS;3000;000;000;A;GERMED GENERICOS;0000318436;50;000;000;1058308120040;30092026;7896004774121;+;N;S;90498240;  ;;S;N
0000317882;0000317882;HEMITARTARATO ZOLPIDEM 5MG 30CPDS SUBL.;01102020;V;5138;7103;000;1713;2368;0000;CX;CPDS;3000;000;000;A;EUROFARMA;0000317882;50;000;000;1004312920014;31012030;7891317004606;+;N;S;90498232;  ;;S;N
0000315274;0000315274;HEMOFIL 1000UI SOL.INJ.FA+FA DIL.10ML+CONJ.REC.INJ.;03072020;F;359135;000;000;0000;0000;0000;CX;FA;100;000;000;A;SHIRE FARMACEUTICA;0000315274;50;000;000;1697900180036;31052029;7898924769393;+;S;N;90416589;  ;;N;N
0000315272;0000315272;HEMOFIL 250UI SOL.INJ.FA+FA DIL.10ML+CONJ.REC.INJ.;03072020;F;99482;000;000;0000;0000;0000;CX;FA;100;000;000;A;SHIRE FARMACEUTICA;0000315272;50;000;000;1697900180011;31052029;7898924769379;+;S;N;90416562;  ;;N;N
0000315273;0000315273;HEMOFIL 500UI SOL.INJ.FA+FA DIL.10ML+CONJ.REC.INJ.;03072020;F;189013;000;000;0000;0000;0000;CX;FA;100;000;000;A;SHIRE FARMACEUTICA;0000315273;50;000;000;1697900180028;31052029;7898924769386;+;S;N;90416570;  ;;N;N
0000282005;0000282005;HERCEPTIN 600MG SOL.INJ.5ML;03072020;F;1081610;000;000;0000;0000;0000;FA;ML;500;000;000;A;ROCHE;0000282005;50;000;000;1010005520056;30092024;7896226506470;+;S;N;90355199;  ;;N;N
0000268155;0000268155;HETORI 60MG 14CPDS REV.;30062020;V;7995;11053;000;5711;7895;0000;CX;CPDS;1400;000;000;A;SCHERING PLOUGH;0000268155;50;000;000;1017102000034;31072024;7897572005426;+;N;S;90321090;  ;;N;N
0000268154;0000268154;HETORI 60MG 7CPDS REV.;30062020;V;4009;5542;000;5727;7917;0000;CX;CPDS;700;000;000;A;SCHERING PLOUGH;0000268154;50;000;000;1017102000026;31072024;7897572005419;+;N;S;90321081;  ;;N;N
0000268153;0000268153;HETORI 90MG 14CPDS REV.;30062020;V;8910;12318;000;6364;8799;0000;CX;CPDS;1400;000;000;A;SCHERING PLOUGH;0000268153;50;000;000;1017102000069;31072024;7897572005440;+;N;S;90321120;  ;;N;N
0000268156;0000268156;HETORI 90MG 2CPDS REV.;30062020;V;1285;1776;000;6425;8880;0000;CX;CPDS;200;000;000;A;SCHERING PLOUGH;0000268156;50;000;000;1017102000042;31072024;7897572005518;+;N;S;90321103;  ;;N;N
0000268157;0000268157;HETORI 90MG 7CPDS REV.;30062020;V;4500;6221;000;6429;8887;0000;CX;CPDS;700;000;000;A;SCHERING PLOUGH;0000268157;50;000;000;1017102000050;31072024;7897572005433;+;N;S;90321111;  ;;N;N
0000315162;0000315162;HEXAXIM SUSP.INJ.1SER PREENC.0,5ML+2AG.;30062020;V;13224;18281;000;0000;0000;0000;CX;SER;100;000;000;A;SANOFI MEDLEY;0000315162;50;000;000;1832603950031;31082026;3660053352739;+;N;N;;  ;;N;N
0000290881;0000290881;HEXAXIM SUSP.INJ.IV 1SER.PREENC.0,5ML+2AG.;30062020;V;13224;18281;000;0000;0000;0000;SER;ML;050;000;000;A;SANOFI MEDLEY;0000290881;50;000;000;1832603950031;31082026;7891058999575;+;N;N;90476000;  ;;N;N
0000263644;0000263644;HIDANTAL 100MG 25CPDS;30062020;V;840;1161;000;0336;0464;0000;CX;CPDS;2500;000;000;A;SANOFI MEDLEY;0000263644;50;000;000;1832603110041;31072026;7891058021917;+;N;S;90456394;  ;;N;N
0000252418;0000252418;HIDROCLOROTIAZIDA 25MG 300CPDS(EMB.HOSP.);23062020;F;5260;000;000;0175;0000;0000;CX;CPDS;30000;000;000;A;TEUTO BRAS;0000252418;50;000;000;1037006090049;30082024;7896112165668;+;S;S;90312112;  ;;S;N
0000252416;0000252416;HIDROCLOROTIAZIDA 25MG 30CPDS;07072020;V;260;359;000;0087;0120;0000;CX;CPDS;3000;000;000;A;TEUTO BRAS;0000252416;50;000;000;1037006090057;30082024;7896112165651;+;N;S;90312104;  ;;S;N
0000252417;0000252417;HIDROCLOROTIAZIDA 50MG 30CPDS;07072020;V;689;953;000;0230;0318;0000;CX;CPDS;3000;000;000;A;TEUTO BRAS;0000252417;50;000;000;1037006090073;30082024;7896112165620;+;N;S;90312163;  ;;S;N
0000176196;0000176196;HIDROGENOTARTARATO RIVASTIGMINA  RIVASTIGMINA 4,5MG 28CAPS GEL.DURA;30062020;V;13882;19191;000;4958;6854;0000;CX;CAPS;2800;000;000;A;SANDOZ;0000176196;50;000;000;1004704890060;31122020;7897595613295;+;N;S;90227557;  ;;S;N
0000257178;0000257178;HIDROGENOTARTARATO RIVASTIGMINA 3MG 56CAPS GEL.DURA;24042018;V;24300;33592;000;4339;5999;0000;CX;CAPS;5600;000;000;A;SANDOZ;0000257178;50;000;000;1004704890052;31122020;7897595613288;+;N;S;;  ;;S;N
0000179162;0000179162;HIGIENIZADOR PROTETOR CUTANEO BODYWASH PCT C/8COMPRESSAS;10032021;F;8200;000;000;0000;0000;0000;PCT;UN;800;000;000;P;CNPH;0000179162;20;000;000;NOTIFICACAO;;; ;N;N;;MC;;N;N
0000270144;0000270144;HIOSPAN COMPOSTO 4,0+500MG/ML SOL.INJ.120AMP 5ML;23062020;F;33331;000;000;2778;0000;0000;CX;AMP;12000;000;000;A;TEUTO BRAS;0000270144;50;000;000;1037000280083;31012030;7896112128427;-;S;S;90339649;  ;;N;N
0000310420;0000310420;HISLOR 0,4MG/ML SOL.ORAL 100ML+COP.;17092019;V;1033;1376;000;0103;0138;0000;FR;ML;10000;000;000;A;UNIAO QUIMICA;0000310420;50;000;000;1049714300029;30042024;7896006213734;-;N;S;90451813;  ;;N;N
0000302225;0000302225;HIXIZINE 25MG 10CPDS;19062020;V;1138;1516;000;1138;1516;0000;CX;CPDS;1000;000;000;A;THERASKIN;0000302225;50;000;000;1019102560036;30062024;7897129301537;-;N;S;90403479;  ;;N;N
0000244778;0000244778;HYALUDERMIN 2MG/G CRM.DERM.10G;07072020;V;3062;2298;000;3062;2298;0000;BG;GRS;1000;000;000;A;TRB PHARMA;0000244778;50;000;000;1034100530052;30042021;7896281100521;-;N;S;90292782;  ;;N;N
0000244779;0000244779;HYALUDERMIN 2MG/G CRM.DERM.30G;07072020;V;8701;6531;000;8701;6531;0000;BG;GRS;1000;000;000;A;TRB PHARMA;0000244779;50;000;000;1034100530044;30042021;7896281100514;-;N;S;90292774;  ;;N;N
0000316498;0000316498;HYLO-COMOD 1MG/ML SOL.OFT.FR GTS 10ML;12082020;V;5334;7374;000;0000;0000;0000;FR;ML;1000;000;000;A;WYETH;0000316498;50;000;000;1649300010016;31102028;7897137900364;+;N;N;90457293;  ;;N;N
0000316499;0000316499;HYLO-GEL 2MG/ML SOL.OFT.FR GTS.10ML;12082020;V;6030;8386;000;0000;0000;0000;FR;ML;1000;000;000;A;WYETH;0000316499;50;000;000;1649300030017;31122028;7897137900401;+;N;N;90457307;  ;;N;N
0000315277;0000315277;HYQVIA 0,1G/ML SOL.INJ.1FA 100ML+1FA 5ML;03072020;F;344090;000;000;0000;0000;0000;CX;FA;200;000;000;A;SHIRE FARMACEUTICA;0000315277;50;000;000;1697900090037;30092027;7898924769539;+;S;N;90416791;  ;;N;N
0000315278;0000315278;HYQVIA 0,1G/ML SOL.INJ.1FA 200ML+1FA 10ML;03072020;F;688180;000;000;0000;0000;0000;CX;FA;200;000;000;A;SHIRE FARMACEUTICA;0000315278;50;000;000;1697900090045;30092027;7898924769546;+;S;N;90416775;  ;;N;N
0000315275;0000315275;HYQVIA 0,1G/ML SOL.INJ.1FA 25ML+1FA 1,25ML;03072020;F;86022;000;000;0000;0000;0000;CX;FA;200;000;000;A;SHIRE FARMACEUTICA;0000315275;50;000;000;1697900090010;30092027;7898924769515;+;S;N;90416767;  ;;N;N
0000315279;0000315279;HYQVIA 0,1G/ML SOL.INJ.1FA 300ML+1FA 15ML;03072020;F;1032269;000;000;0000;0000;0000;CX;FA;200;000;000;A;SHIRE FARMACEUTICA;0000315279;50;000;000;1697900090053;30092027;7898924769553;+;S;N;90416805;  ;;N;N
0000315276;0000315276;HYQVIA 0,1G/ML SOL.INJ.1FA 50ML+1FA 2,5ML;03072020;F;172044;000;000;0000;0000;0000;CX;FA;200;000;000;A;SHIRE FARMACEUTICA;0000315276;50;000;000;1697900090029;30092027;7898924769522;+;S;N;90416783;  ;;N;N
0000317774;0000317774;IBANUNO 150MG 1CPD REV.;01102020;V;3100;4286;000;0000;0000;0000;CX;CPD;100;000;000;A;SUPERA;0000317774;50;000;000;1037202940017;30062030;7899420507410;+;N;N;90485319;  ;;N;N
0000298617;0000298617;IBRANCE 100MG 21CAPS DURA;07082020;V;1683583;2243052;000;801706;1068120;0000;FR;CAPS;2100;000;000;A;WYETH;0000298617;50;000;000;1211004670020;28022023;7891268111996;-;N;S;90475151;  ;;N;N
0000298618;0000298618;IBRANCE 125MG 21CAPS DURA;07082020;V;1683583;2243052;000;801706;1068120;0000;FR;CAPS;2100;000;000;A;WYETH;0000298618;50;000;000;1211004670012;28022023;7891268112009;-;N;S;90475143;  ;;N;N
0000298616;0000298616;IBRANCE 75MG 21CAPS DURA;07082020;V;1683583;2243052;000;801706;1068120;0000;FR;CAPS;2100;000;000;A;WYETH;0000298616;50;000;000;1211004670039;28022023;7891268111989;-;N;S;90475160;  ;;N;N
0000281722;0000281722;IBUPRIL 100MG/ML FR.20ML;02022021;V;1238;1649;000;0619;0825;0000;FR;ML;2000;000;000;A;TEUTO BRAS;0000281722;50;000;000;1037000760395;30092021;7896112101314;-;N;S;90312414;  ;;N;N
0000251219;0000251219;IBUPRIL 400MG 10CAPS GEL.MOLE;07072020;V;1367;1821;000;1367;1821;0000;CX;CAPS;1000;000;000;A;TEUTO BRAS;0000251219;50;000;000;1037000760344;30092021;7896112160298;-;N;S;90311981;  ;;N;N
0000251221;0000251221;IBUPRIL 400MG 10CPDS REV.;07072020;V;1247;1661;000;0346;0461;0000;CX;CPDS;3600;000;000;A;TEUTO BRAS;0000251221;50;000;000;1037000760247;30092021;7896112135371;-;N;S;90312066;  ;;N;N
0000251220;0000251220;IBUPRIL 400MG 36CAPS GEL.MOLE;07072020;V;5250;6995;000;1458;1943;0000;CX;CAPS;3600;000;000;A;TEUTO BRAS;0000251220;50;000;000;1037000760360;30092021;7896112160311;-;N;S;90311990;  ;;N;N
0000242018;0000242018;IBUPRIL 50MG/ML FR.30ML;05012021;V;1106;1474;000;0000;0000;0000;FR;ML;3000;000;000;A;TEUTO BRAS;0000242018;50;000;000;1037000760204;30092021;7896112139942;-;N;N;90292790;  ;;N;N
0000145810;0000145810;IBUPRIL 600MG 20CPDS;09032021;V;1278;1767;000;0639;0884;0000;CX;CPDS;2000;000;000;P;TEUTO BRAS;0000145810;50;000;000;1037000760107;30092021;7896112158363;+;N;S;90311922;  ;;N;N
0000294611;0000294611;IBUPROFENO 600MG 30CPDS REV.;26062020;V;2463;3405;000;0821;1135;0000;CX;CPDS;3000;000;000;A;PRATI-DONADUZZI;0000294611;50;000;000;1256801610080;31102023;7899547528619;+;N;S;90355113;  ;;S;N
0000317757;0000317757;ICCOR 1,25MG 30CPDS REV.;01102020;V;3064;4236;000;1021;1412;0000;CX;CPDS;3000;000;000;A;TORRENT;0000317757;50;000;000;1052500820048;31032030;8902220114142;+;N;S;90472608;  ;;N;N
0000317765;0000317765;ICCOR 10MG 30CPDS REV.;01102020;V;4595;6352;000;1532;2117;0000;CX;CPDS;3000;000;000;A;TORRENT;0000317765;50;000;000;1052500820196;31032030;8902220114227;+;N;S;90472730;  ;;N;N
0000317759;0000317759;ICCOR 2,5MG 10CPDS REV.;01102020;V;1149;1588;000;1149;1588;0000;CX;CPDS;1000;000;000;A;TORRENT;0000317759;50;000;000;1052500820072;31032030;8902220114173;+;N;S;90472632;  ;;N;N
0000317761;0000317761;ICCOR 2,5MG 30CPDS REV.;01102020;V;3447;4765;000;1149;1588;0000;CX;CPDS;3000;000;000;A;TORRENT;0000317761;50;000;000;1052500820099;31032030;8902220114180;+;N;S;90472659;  ;;N;N
0000317762;0000317762;ICCOR 5MG 10CPDS REV.;01102020;V;1353;1870;000;1353;1870;0000;CX;CPDS;1000;000;000;A;TORRENT;0000317762;50;000;000;1052500820129;31032030;8902220114258;+;N;S;90472683;  ;;N;N
0000317763;0000317763;ICCOR 5MG 30CPDS REV.;01102020;V;4059;5611;000;1353;1870;0000;CX;CPDS;3000;000;000;A;TORRENT;0000317763;50;000;000;1052500820145;31032030;8902220114265;+;N;S;90472705;  ;;N;N
0000315342;0000315342;ILUDRAL 250MG 30CPDS REV.;07072020;V;2506;3338;000;0835;1113;0000;CX;CPDS;3000;000;000;A;ZODIAC;0000315342;50;000;000;1221401130038;31122029;7892953207376;-;N;S;90489616;  ;;N;N
0000315343;0000315343;ILUDRAL 750MG 30CPDS REV.;07072020;V;7559;10071;000;2520;3357;0000;CX;CPDS;3000;000;000;A;ZODIAC;0000315343;50;000;000;1221401130054;31122030;7892953207406;-;N;S;90489640;  ;;N;N
0000285724;0000285724;IMENSE 100MG 10CPDS REV.LIB.PROLONG.;07072020;V;2800;3871;000;2800;3871;0000;CX;CPDS;1000;000;000;A;SIGMA PHARMA;0000285724;50;000;000;1023511990221;30042022;7894916512459;+;N;S;90390067;  ;;N;N
0000285725;0000285725;IMENSE 100MG 30CPDS REV.LIB.PROLONG.;07072020;V;8401;11614;000;2800;3871;0000;CX;CPDS;3000;000;000;A;SIGMA PHARMA;0000285725;50;000;000;1023511990256;30042022;7894916512442;+;N;S;90390059;  ;;N;N
0000300869;0000300869;IMENSE 100MG 60CPDS REV.LIB.PROLONG.;07072020;V;13441;18581;000;2240;3097;0000;CX;CPDS;6000;000;000;A;SIGMA PHARMA;0000300869;50;000;000;1023511990264;30042022;7894916513029;+;N;S;90419120;  ;;N;N
0000285721;0000285721;IMENSE 50MG 10CPDS REV.LIB.PROLONG.;07072020;V;2544;3517;000;2544;3517;0000;CX;CPDS;1000;000;000;A;SIGMA PHARMA;0000285721;50;000;000;1023511990086;30042022;7894916512473;+;N;S;90390040;  ;;N;N
0000285722;0000285722;IMENSE 50MG 30CPDS REV.LIB.PROLONG.;07072020;V;7632;10551;000;2544;3517;0000;CX;CPDS;3000;000;000;A;SIGMA PHARMA;0000285722;50;000;000;1023511990116;30042022;7894916512466;+;N;S;90390032;  ;;N;N
0000300867;0000300867;IMENSE 50MG 60CPDS REV.LIB.PROLONG.;07072020;V;12212;16882;000;2035;2814;0000;CX;CPDS;6000;000;000;A;SIGMA PHARMA;0000300867;50;000;000;1023511990124;30042022;7894916513012;+;N;S;90419138;  ;;N;N
0000269663;0000269663;IMMUNATE 1000UI PO LIOF.INJ.FA+FA DIL.10ML+CONJ.REC.INFUS.;03072020;F;359135;000;000;0000;0000;0000;CX;FA;100;000;000;A;SHIRE FARMACEUTICA;0000269663;50;000;000;1697900100032;30042026;7898924769324;+;S;N;90416759;  ;;N;N
0003620033;0003620033;IMMUNINE 1200UI PO LIOF.INJ.FA+FA DIL.10ML+CONJ.REC.INFUS.;03072020;F;314639;000;000;0000;0000;0000;CX;FA;100;000;000;A;SHIRE FARMACEUTICA;0003620033;50;000;000;1697900080031;30042026;7898924769362;+;S;N;90416660;  ;;N;N
0000301447;0000301447;IMPERE 10MG 10CPDS REV.;07072020;V;5368;7152;000;5368;7152;0000;CX;CPDS;1000;000;000;A;SIGMA PHARMA;0000301447;50;000;000;1023512580116;30042023;7894916513098;-;N;S;90419316;  ;;N;N
0000301443;0000301443;IMPERE 10MG 30CPDS REV.;07072020;V;9979;13295;000;3326;4432;0000;CX;CPDS;3000;000;000;A;SIGMA PHARMA;0000301443;50;000;000;1023512580132;30042023;7894916512725;-;N;S;90419324;  ;;N;N
0000301445;0000301445;IMPERE 5MG 10CPDS REV.;07072020;V;4387;5845;000;4387;5845;0000;CX;CPDS;1000;000;000;A;SIGMA PHARMA;0000301445;50;000;000;1023512580027;30042023;7894916513081;-;N;S;90419294;  ;;N;N
0000301442;0000301442;IMPERE 5MG 30CPDS REV.;07072020;V;8326;11093;000;2775;3698;0000;CX;CPDS;3000;000;000;A;SIGMA PHARMA;0000301442;50;000;000;1023512580043;30042023;7894916512718;-;N;S;90419308;  ;;N;N
0000280147;0000280147;IMPLANON NXT 68MG 1APLICADOR+1SERINGA;30062020;V;63229;87410;000;0000;0000;0000;CX;APL;100;000;000;A;SCHERING PLOUGH;0000280147;50;000;000;1017100880029;30042020;7897572004054;+;N;N;90363159;  ;;N;N
0000294292;0000294292;INDAPAMIDA 1,5MG 30CPDS REV.LIB.PROLONG.;09062020;V;1988;2748;000;0663;0916;0000;CX;CPDS;3000;000;000;A;TORRENT;0000294292;50;000;000;1052500670021;30102020;8903855069173;+;N;S;90343697;  ;;S;N
0000301184;0000301184;INDAPAMIDA 1,5MG 30CPDS REV.LIB.PROLONG.;26062020;V;2045;2827;000;0682;0942;0000;CX;CPDS;3000;000;000;A;PRATI-DONADUZZI;0000301184;50;000;000;1256802670036;30062023;7899547511536;+;N;S;90410815;  ;;S;N
0000301185;0000301185;INDAPAMIDA 1,5MG 60CPDS REV.LIB.PROLONG.;26062020;V;3882;5367;000;0647;0895;0000;CX;CPDS;6000;000;000;A;PRATI-DONADUZZI;0000301185;50;000;000;1256802670044;30062023;7899547511543;+;N;S;90410823;  ;;S;N
0000289015;0000289015;INDAPEN SR 1,5MG 60CPDS REV.LIB.PROLONG.;05042019;V;3711;5131;000;0619;0855;0000;CX;CPDS;6000;000;000;A;TORRENT;0000289015;50;000;000;1052500170051;31052023;8903855076096;+;N;S;90355792;  ;;N;N
0000245353;0000245353;INFUSOR ELASTOMERICO DOSI-FUSER 100ML 0,6ML/H 7DIAS;03022021;F;188016;000;000;0000;0000;0000;   ;UN;100;000;000;A;UNNO FARMACEUTICA;0000245353;20;000;000;80993370008;VIGENTE;; ;N;N;100916970;ME;L25915-100D7;N;N
0000245354;0000245354;INFUSOR ELASTOMERICO DOSI-FUSER 100ML 0,8ML/H 5DIAS;03022021;F;188016;000;000;0000;0000;0000;   ;UN;100;000;000;A;UNNO FARMACEUTICA;0000245354;20;000;000;80993370008;VIGENTE;; ;N;N;100916970;ME;L25915-100D5;N;N
0000245359;0000245359;INFUSOR ELASTOMERICO DOSI-FUSER 100ML 100ML/H 1HORA;03022021;F;188016;000;000;0000;0000;0000;   ;UN;100;000;000;A;UNNO FARMACEUTICA;0000245359;20;000;000;80993370008;VIGENTE;; ;N;N;100916970;ME;L25915-100H1;N;N
0000245360;0000245360;INFUSOR ELASTOMERICO DOSI-FUSER 100ML 200ML/H 30MIN.;03022021;F;188016;000;000;0000;0000;0000;   ;UN;100;000;000;A;UNNO FARMACEUTICA;0000245360;20;000;000;80993370008;VIGENTE;; ;N;N;100916970;ME;L25915-100M30;N;N
0000245357;0000245357;INFUSOR ELASTOMERICO DOSI-FUSER 100ML 20ML/H 5HORAS;03022021;F;188016;000;000;0000;0000;0000;   ;UN;100;000;000;A;UNNO FARMACEUTICA;0000245357;20;000;000;80993370008;VIGENTE;; ;N;N;100916970;ME;L25915-100H5;N;N
0000176936;0000176936;INFUSOR ELASTOMERICO DOSI-FUSER 100ML 2ML/H 2DIAS;03022021;F;188016;000;000;0000;0000;0000;   ;UN;100;000;000;A;UNNO FARMACEUTICA;0000176936;20;000;000;80993370008;VIGENTE;; ;N;N;100916970;ME;L25915-100D2;N;N
0000245355;0000245355;INFUSOR ELASTOMERICO DOSI-FUSER 100ML 4,1ML/H 1DIA;03022021;F;188016;000;000;0000;0000;0000;   ;UN;100;000;000;A;UNNO FARMACEUTICA;0000245355;20;000;000;80993370008;VIGENTE;; ;N;N;100916970;ME;L25915-100D1;N;N
0000245358;0000245358;INFUSOR ELASTOMERICO DOSI-FUSER 100ML 50ML/H 2HORAS;03022021;F;188016;000;000;0000;0000;0000;   ;UN;100;000;000;A;UNNO FARMACEUTICA;0000245358;20;000;000;80993370008;VIGENTE;; ;N;N;100916970;ME;L25915-100H2;N;N
0000245356;0000245356;INFUSOR ELASTOMERICO DOSI-FUSER 100ML 8,3ML/H 12HORAS;03022021;F;188016;000;000;0000;0000;0000;   ;UN;100;000;000;A;UNNO FARMACEUTICA;0000245356;20;000;000;80993370008;VIGENTE;; ;N;N;100916970;ME;L25915-100H12;N;N
0000130128;0000130128;INFUSOR ELASTOMERICO DOSI-FUSER 150ML 0,8ML/H 7DIAS;03022021;F;188016;000;000;0000;0000;0000;   ;UN;100;000;000;A;UNNO FARMACEUTICA;0000130128;20;000;000;80993370008;VIGENTE;; ;N;N;100916970;ME;L25915-150D7;N;N
0000130127;0000130127;INFUSOR ELASTOMERICO DOSI-FUSER 150ML 1,2ML/H 5DIAS;03022021;F;188016;000;000;0000;0000;0000;   ;UN;100;000;000;A;UNNO FARMACEUTICA;0000130127;20;000;000;80993370008;VIGENTE;; ;N;N;100916970;ME;L25915-150D5;N;N
0000245361;0000245361;INFUSOR ELASTOMERICO DOSI-FUSER 150ML 12ML/H 12HORAS;03022021;F;188016;000;000;0000;0000;0000;   ;UN;100;000;000;A;UNNO FARMACEUTICA;0000245361;20;000;000;80993370008;VIGENTE;; ;N;N;100916970;ME;L25915-150H12;N;N
0000245364;0000245364;INFUSOR ELASTOMERICO DOSI-FUSER 150ML 150ML/H 1HORA;03022021;F;188016;000;000;0000;0000;0000;   ;UN;100;000;000;A;UNNO FARMACEUTICA;0000245364;20;000;000;80993370008;VIGENTE;; ;N;N;100916970;ME;L25915-150H1;N;N
0000130126;0000130126;INFUSOR ELASTOMERICO DOSI-FUSER 150ML 3,1ML/H 2DIAS;03022021;F;188016;000;000;0000;0000;0000;   ;UN;100;000;000;A;UNNO FARMACEUTICA;0000130126;20;000;000;80993370008;VIGENTE;; ;N;N;100916970;ME;L25915-150D2;N;N
0000245365;0000245365;INFUSOR ELASTOMERICO DOSI-FUSER 150ML 300ML/H 30MIN.;03022021;F;188016;000;000;0000;0000;0000;   ;UN;100;000;000;A;UNNO FARMACEUTICA;0000245365;20;000;000;80993370008;VIGENTE;; ;N;N;100916970;ME;L25915-150M30;N;N
0000245362;0000245362;INFUSOR ELASTOMERICO DOSI-FUSER 150ML 30ML/H 5HORAS;03022021;F;188016;000;000;0000;0000;0000;   ;UN;100;000;000;A;UNNO FARMACEUTICA;0000245362;20;000;000;80993370008;VIGENTE;; ;N;N;100916970;ME;L25915-150H5;N;N
0000130125;0000130125;INFUSOR ELASTOMERICO DOSI-FUSER 150ML 6,2ML/H 1DIA;03022021;F;188016;000;000;0000;0000;0000;   ;UN;100;000;000;A;UNNO FARMACEUTICA;0000130125;20;000;000;80993370008;VIGENTE;; ;N;N;100916970;ME;L25915-150D1;N;N
0000245363;0000245363;INFUSOR ELASTOMERICO DOSI-FUSER 150ML 75ML/H 2HORAS;03022021;F;188016;000;000;0000;0000;0000;   ;UN;100;000;000;A;UNNO FARMACEUTICA;0000245363;20;000;000;80993370008;VIGENTE;; ;N;N;100916970;ME;L25915-150H2;N;N
0000245366;0000245366;INFUSOR ELASTOMERICO DOSI-FUSER 250ML 0,9ML/H 11DIAS;03022021;F;192751;000;000;0000;0000;0000;   ;UN;100;000;000;A;UNNO FARMACEUTICA;0000245366;20;000;000;80993370008;VIGENTE;; ;N;N;100916970;ME;L25915-250D11;N;N
0000130132;0000130132;INFUSOR ELASTOMERICO DOSI-FUSER 250ML 1,5ML/H 7DIAS;03022021;F;192751;000;000;0000;0000;0000;   ;UN;100;000;000;A;UNNO FARMACEUTICA;0000130132;20;000;000;80993370008;VIGENTE;; ;N;N;100916970;ME;L25915-250D7;N;N
0000130129;0000130129;INFUSOR ELASTOMERICO DOSI-FUSER 250ML 10,4ML/H 1DIA;03022021;F;192751;000;000;0000;0000;0000;   ;UN;100;000;000;A;UNNO FARMACEUTICA;0000130129;20;000;000;80993370008;VIGENTE;; ;N;N;100916970;ME;L25915-250D1;N;N
0000245369;0000245369;INFUSOR ELASTOMERICO DOSI-FUSER 250ML 125ML/H 2HORAS;03022021;F;192751;000;000;0000;0000;0000;   ;UN;100;000;000;A;UNNO FARMACEUTICA;0000245369;20;000;000;80993370008;VIGENTE;; ;N;N;100916970;ME;L25915-250H2;N;N
0000130131;0000130131;INFUSOR ELASTOMERICO DOSI-FUSER 250ML 2,1ML/H 5DIAS;23022021;F;225500;000;000;0000;0000;0000;   ;UN;100;000;000;A;UNNO FARMACEUTICA;0000130131;20;000;000;80993370008;VIGENTE;; ;N;N;100916970;ME;L25915-250D5;N;N
0000245367;0000245367;INFUSOR ELASTOMERICO DOSI-FUSER 250ML 20ML/H 12HORAS;03022021;F;192751;000;000;0000;0000;0000;   ;UN;100;000;000;A;UNNO FARMACEUTICA;0000245367;20;000;000;80993370008;VIGENTE;; ;N;N;100916970;ME;L25915-250H12;N;N
0000245370;0000245370;INFUSOR ELASTOMERICO DOSI-FUSER 250ML 250ML/H 1HORA;03022021;F;192751;000;000;0000;0000;0000;   ;UN;100;000;000;A;UNNO FARMACEUTICA;0000245370;20;000;000;80993370008;VIGENTE;; ;N;N;100916970;ME;L25915-250H1;N;N
0000130130;0000130130;INFUSOR ELASTOMERICO DOSI-FUSER 250ML 5,2ML/H 2DIAS;23022021;F;225500;000;000;0000;0000;0000;   ;UN;100;000;000;A;UNNO FARMACEUTICA;0000130130;20;000;000;80993370008;VIGENTE;; ;N;N;100916970;ME;L25915-250D2;N;N
0000245368;0000245368;INFUSOR ELASTOMERICO DOSI-FUSER 250ML 50ML/H 5HORAS;03022021;F;192751;000;000;0000;0000;0000;   ;UN;100;000;000;A;UNNO FARMACEUTICA;0000245368;20;000;000;80993370008;VIGENTE;; ;N;N;100916970;ME;L25915-250H5;N;N
0000318212;0000318212;INFUSOR ELASTOMERICO DOSI-FUSER 400ML 8,3ML/H 2DIAS;03022021;F;192751;000;000;0000;0000;0000;   ;UN;100;000;000;A;UNNO FARMACEUTICA;0000318212;20;000;000;80993370008;VIGENTE;; ;N;N;100916970;ME;L25915-400D2;N;N
0000318213;0000318213;INFUSOR ELASTOMERICO DOSI-FUSER 500ML 10,4ML/H 2DIAS;03022021;F;192751;000;000;0000;0000;0000;   ;UN;100;000;000;A;UNNO FARMACEUTICA;0000318213;20;000;000;80993370008;VIGENTE;; ;N;N;100916970;ME;L25915-500D2;N;N
0000318215;0000318215;INFUSOR ELASTOMERICO DOSI-FUSER 500ML 250ML/H 2HORAS;03022021;F;192751;000;000;0000;0000;0000;   ;UN;100;000;000;A;UNNO FARMACEUTICA;0000318215;20;000;000;80993370008;VIGENTE;; ;N;N;100916970;ME;L25915-500H2;N;N
0000318214;0000318214;INFUSOR ELASTOMERICO DOSI-FUSER 500ML 41,6ML/H 12HORAS;03022021;F;192751;000;000;0000;0000;0000;   ;UN;100;000;000;A;UNNO FARMACEUTICA;0000318214;20;000;000;80993370008;VIGENTE;; ;N;N;100916970;ME;L25915-500H12;N;N
0000318216;0000318216;INFUSOR ELASTOMERICO DOSI-FUSER 600ML 12,5ML/H 2DIAS;03022021;F;192751;000;000;0000;0000;0000;   ;UN;100;000;000;A;UNNO FARMACEUTICA;0000318216;20;000;000;80993370008;VIGENTE;; ;N;N;100916970;ME;L25915-600D2;N;N
0000318217;0000318217;INFUSOR ELASTOMERICO DOSI-FUSER 600ML 25ML/H 1DIA;03022021;F;192751;000;000;0000;0000;0000;   ;UN;100;000;000;A;UNNO FARMACEUTICA;0000318217;20;000;000;80993370008;VIGENTE;; ;N;N;100916970;ME;L25915-600D1;N;N
0000318218;0000318218;INFUSOR ELASTOMERICO DOSI-FUSER 600ML 50ML/H 12HORAS;03022021;F;192751;000;000;0000;0000;0000;   ;UN;100;000;000;A;UNNO FARMACEUTICA;0000318218;20;000;000;80993370008;VIGENTE;; ;N;N;100916970;ME;L25915-600H12;N;N
0000130123;0000130123;INFUSOR ELASTOMERICO DOSI-FUSER 65ML 0,5ML/H 5DIAS;03022021;F;188016;000;000;0000;0000;0000;   ;UN;100;000;000;A;UNNO FARMACEUTICA;0000130123;20;000;000;80993370008;VIGENTE;; ;N;N;100916970;ME;L25915-065D5;N;N
0000130122;0000130122;INFUSOR ELASTOMERICO DOSI-FUSER 65ML 1,3ML/H 2DIAS;03022021;F;188016;000;000;0000;0000;0000;   ;UN;100;000;000;A;UNNO FARMACEUTICA;0000130122;20;000;000;80993370008;VIGENTE;; ;N;N;100916970;ME;L25915-065D2;N;N
0000245352;0000245352;INFUSOR ELASTOMERICO DOSI-FUSER 65ML 130ML/H 30MIN.;03022021;F;188016;000;000;0000;0000;0000;   ;UN;100;000;000;A;UNNO FARMACEUTICA;0000245352;20;000;000;80993370008;VIGENTE;; ;N;N;100916970;ME;L25915-065M30;N;N
0000245349;0000245349;INFUSOR ELASTOMERICO DOSI-FUSER 65ML 13ML/H 5HORAS;03022021;F;188016;000;000;0000;0000;0000;   ;UN;100;000;000;A;UNNO FARMACEUTICA;0000245349;20;000;000;80993370008;VIGENTE;; ;N;N;100916970;ME;L25915-065H5;N;N
0000130121;0000130121;INFUSOR ELASTOMERICO DOSI-FUSER 65ML 2,7ML/H 1DIA;03022021;F;188016;000;000;0000;0000;0000;   ;UN;100;000;000;A;UNNO FARMACEUTICA;0000130121;20;000;000;80993370008;VIGENTE;; ;N;N;100916970;ME;L25915-65D1;N;N
0000245350;0000245350;INFUSOR ELASTOMERICO DOSI-FUSER 65ML 32ML/H 2HORAS;03022021;F;188016;000;000;0000;0000;0000;   ;UN;100;000;000;A;UNNO FARMACEUTICA;0000245350;20;000;000;80993370008;VIGENTE;; ;N;N;100916970;ME;L25915-065H2;N;N
0000130124;0000130124;INFUSOR ELASTOMERICO DOSI-FUSER 65ML 5,4ML/H 12HORAS;03022021;F;188016;000;000;0000;0000;0000;   ;UN;100;000;000;A;UNNO FARMACEUTICA;0000130124;20;000;000;80993370008;VIGENTE;; ;N;N;100916970;ME;L25915-065H12;N;N
0000245351;0000245351;INFUSOR ELASTOMERICO DOSI-FUSER 65ML 65ML/H 1HORA;03022021;F;188016;000;000;0000;0000;0000;   ;UN;100;000;000;A;UNNO FARMACEUTICA;0000245351;20;000;000;80993370008;VIGENTE;; ;N;N;100916970;ME;L25915-065H1;N;N
0000245371;0000245371;INFUSOR ELASTOMERICO DOSI-FUSER MULTIFLOW 100ML 1-7ML/H;23022021;F;225500;000;000;0000;0000;0000;   ;UN;100;000;000;A;UNNO FARMACEUTICA;0000245371;20;000;000;80993370007;VIGENTE;; ;N;N;100916961;ME;L25915-100-124;N;N
0000245372;0000245372;INFUSOR ELASTOMERICO DOSI-FUSER MULTIFLOW 100ML 2-14ML/H;23022021;F;225500;000;000;0000;0000;0000;   ;UN;100;000;000;A;UNNO FARMACEUTICA;0000245372;20;000;000;80993370007;VIGENTE;; ;N;N;100916961;ME;L25915-100-248;N;N
0000245373;0000245373;INFUSOR ELASTOMERICO DOSI-FUSER MULTIFLOW 250ML 1-7ML/H;23022021;F;225500;000;000;0000;0000;0000;   ;UN;100;000;000;A;UNNO FARMACEUTICA;0000245373;20;000;000;80993370007;VIGENTE;; ;N;N;100916961;ME;L25915-250-124;N;N
0000245374;0000245374;INFUSOR ELASTOMERICO DOSI-FUSER MULTIFLOW 250ML 2-14ML/H;23022021;F;225500;000;000;0000;0000;0000;   ;UN;100;000;000;A;UNNO FARMACEUTICA;0000245374;20;000;000;80993370007;VIGENTE;; ;N;N;100916961;ME;L25915-250-248;N;N
0000318219;0000318219;INFUSOR ELASTOMERICO DOSI-FUSER MULTIFLOW 400ML 2-14ML/H;23022021;F;225500;000;000;0000;0000;0000;   ;UN;100;000;000;A;UNNO FARMACEUTICA;0000318219;20;000;000;80993370007;VIGENTE;; ;N;N;100916961;ME;L25915-400-248;N;N
0000318220;0000318220;INFUSOR ELASTOMERICO DOSI-FUSER MULTIFLOW 600ML 1-7ML/H;23022021;F;225500;000;000;0000;0000;0000;   ;UN;100;000;000;A;UNNO FARMACEUTICA;0000318220;20;000;000;80993370007;VIGENTE;; ;N;N;100916961;ME;L25915-600-124;N;N
0000318221;0000318221;INFUSOR ELASTOMERICO DOSI-FUSER MULTIFLOW 600ML 2-14ML/H;23022021;F;225500;000;000;0000;0000;0000;   ;UN;100;000;000;A;UNNO FARMACEUTICA;0000318221;20;000;000;80993370007;VIGENTE;; ;N;N;100916961;ME;L25915-600-248;N;N
0000245376;0000245376;INFUSOR ELASTOMERICO DOSI-FUSER PCA 065ML 0,5ML/H 15MIN.;23022021;F;225500;000;000;0000;0000;0000;   ;UN;100;000;000;A;UNNO FARMACEUTICA;0000245376;20;000;000;80993370009;VIGENTE;; ;N;N;100916988;ME;L25915-065D1-05X15;N;N
0000245375;0000245375;INFUSOR ELASTOMERICO DOSI-FUSER PCA 065ML 1,3ML/H 30MIN.;23022021;F;225500;000;000;0000;0000;0000;   ;UN;100;000;000;A;UNNO FARMACEUTICA;0000245375;20;000;000;80993370009;VIGENTE;; ;N;N;100916988;ME;L25915-065D2-05X30;N;N
0000245377;0000245377;INFUSOR ELASTOMERICO DOSI-FUSER PCA 100ML 0,8ML/H 30MIN.;23022021;F;225500;000;000;0000;0000;0000;   ;UN;100;000;000;A;UNNO FARMACEUTICA;0000245377;20;000;000;80993370009;VIGENTE;; ;N;N;100916988;ME;L25915-100D5-05X30;N;N
0000245378;0000245378;INFUSOR ELASTOMERICO DOSI-FUSER PCA 100ML 2,0ML/H 15MIN.;23022021;F;225500;000;000;0000;0000;0000;   ;UN;100;000;000;A;UNNO FARMACEUTICA;0000245378;20;000;000;80993370009;VIGENTE;; ;N;N;100916988;ME;L25915-100D2-05X15;N;N
0000245379;0000245379;INFUSOR ELASTOMERICO DOSI-FUSER PCA 250ML 1,5ML/H 80MIN.;23022021;F;225500;000;000;0000;0000;0000;   ;UN;100;000;000;A;UNNO FARMACEUTICA;0000245379;20;000;000;80993370009;VIGENTE;; ;N;N;100916988;ME;L25915-250D7-2X80;N;N
0000245380;0000245380;INFUSOR ELASTOMERICO DOSI-FUSER PCA 250ML 2,1ML/H 80MIN.;23022021;F;225500;000;000;0000;0000;0000;   ;UN;100;000;000;A;UNNO FARMACEUTICA;0000245380;20;000;000;80993370009;VIGENTE;; ;N;N;100916988;ME;L25915-250D5-2X80;N;N
0000245381;0000245381;INFUSOR ELASTOMERICO DOSI-FUSER PCA 250ML 5,2ML/H 60MIN.;23022021;F;225500;000;000;0000;0000;0000;   ;UN;100;000;000;A;UNNO FARMACEUTICA;0000245381;20;000;000;80993370009;VIGENTE;; ;N;N;100916988;ME;L25915-250D2-2X60;N;N
0000257171;0000257171;INIPARET 10MG 14CPDS REV.LIB.RETARD.;30062020;V;4290;5931;000;3064;4236;0000;CX;CPDS;1400;000;000;A;SANDOZ;0000257171;50;000;000;1004705240019;30062023;7897595620484;+;N;S;90310357;  ;;N;N
0000257172;0000257172;INIPARET 20MG 14CPDS REV.LIB.RETARD.;30062020;V;8024;11093;000;5731;7924;0000;CX;CPDS;1400;000;000;A;SANDOZ;0000257172;50;000;000;1004705240043;30062023;7897595620491;+;N;S;90310365;  ;;N;N
0000257173;0000257173;INIPARET 20MG 28CPDS REV.LIB.RETARD.;30062020;V;15599;21565;000;5571;7702;0000;CX;CPDS;2800;000;000;A;SANDOZ;0000257173;50;000;000;1004705240051;30062023;7897595620507;+;N;S;90310373;  ;;N;N
0000271602;0000271602;INLYTA 1MG 180CPDS REV.;23062020;V;1084035;1498614;000;60224;83256;0000;FR;CPDS;18000;000;000;A;WYETH;0000271602;50;000;000;1211004520029;31122025;7891268104233;+;N;S;90456343;  ;;N;N
0000271603;0000271603;INLYTA 5MG 60CPDS REV  .;23062020;V;1806013;2496707;000;301002;416118;0000;FR;CPDS;6000;000;000;A;WYETH;0000271603;50;000;000;1211004520045;31122025;7891268104257;+;N;S;90456351;  ;;N;N
0000307168;0000307168;INOVELON 200MG 60CPDS REV.;30062020;V;20376;27147;000;3396;4525;0000;CX;CPDS;6000;000;000;A;UNITED MEDICAL;0000307168;50;000;000;1257600280073;30092026;7898054580172;-;N;S;90451848;  ;;N;N
0000307169;0000307169;INOVELON 400MG 60CPDS REV.;30062020;V;40755;54298;000;6793;9050;0000;CX;CPDS;6000;000;000;A;UNITED MEDICAL;0000307169;50;000;000;1257600280091;30092026;7898054580189;-;N;S;90452003;  ;;N;N
0000320578;0000320578;INSTRUMENTO P/BIOPSIA AUT.FULL CORE BIO-PINCE ULTRA 16GAX10CM;09022021;F;90000;000;000;0000;0000;0000;CX;UN;100;000;000;A;ECOMED;0000320578;20;000;000;10337850133;VIGENTE;; ;N;N;100397468;ME;370108002;N;N
0000320579;0000320579;INSTRUMENTO P/BIOPSIA AUT.FULL CORE BIO-PINCE ULTRA 16GAX15CM;09022021;F;90000;000;000;0000;0000;0000;CX;UN;100;000;000;A;ECOMED;0000320579;20;000;000;10337850133;VIGENTE;; ;N;N;100397387;ME;370158002;N;N
0000320575;0000320575;INSTRUMENTO P/BIOPSIA AUT.FULL CORE BIO-PINCE ULTRA 18GAX10CM;09022021;F;90000;000;000;0000;0000;0000;CX;UN;100;000;000;A;ECOMED;0000320575;20;000;000;10337850133;VIGENTE;; ;N;N;100397425;ME;360108002;N;N
0000320580;0000320580;INSTRUMENTO P/BIOPSIA AUT.FULL CORE BIO-PINCE ULTRA 18GAX10CM C/CO-AXIAL;09022021;F;140000;000;000;0000;0000;0000;CX;UN;100;000;000;A;ECOMED;0000320580;20;000;000;10337850133;VIGENTE;; ;N;N;100397417;ME;360108003;N;N
0000320576;0000320576;INSTRUMENTO P/BIOPSIA AUT.FULL CORE BIO-PINCE ULTRA 18GAX15CM;09022021;F;90000;000;000;0000;0000;0000;CX;UN;100;000;000;A;ECOMED;0000320576;20;000;000;10337850133;VIGENTE;; ;N;N;100397344;ME;360158002;N;N
0000320581;0000320581;INSTRUMENTO P/BIOPSIA AUT.FULL CORE BIO-PINCE ULTRA 18GAX15CM C/CO-AXIAL;09022021;F;140000;000;000;0000;0000;0000;CX;UN;100;000;000;A;ECOMED;0000320581;20;000;000;10337850133;VIGENTE;; ;N;N;100397360;ME;360158003;N;N
0000320577;0000320577;INSTRUMENTO P/BIOPSIA AUT.FULL CORE BIO-PINCE ULTRA 18GAX20CM;09022021;F;90000;000;000;0000;0000;0000;CX;UN;100;000;000;A;ECOMED;0000320577;20;000;000;10337850133;VIGENTE;; ;N;N;100397433;ME;360208002;N;N
0000320582;0000320582;INSTRUMENTO P/BIOPSIA AUT.FULL CORE BIO-PINCE ULTRA 18GAX20CM C/CO-AXIAL;09022021;F;140000;000;000;0000;0000;0000;CX;UN;100;000;000;A;ECOMED;0000320582;20;000;000;10337850133;VIGENTE;; ;N;N;100397395;ME;360208003;N;N
0000320652;0000320652;INSUFLADOR P/BALAO ENDOSCOPICO;17022021;F;490000;000;000;0000;0000;0000;   ;UN;100;000;000;A;PROSURGERY;0000320652;20;000;000;81040539004;VIGENTE;; ;N;N;101027362;ME;YM-ID-G2030H-TB;N;N
0000320993;0000320993;INTRODUTOR TRE-SHEATH C/DILATADOR VENACURE EVLT 45CM;09032021;F;140000;000;000;0000;0000;0000;CX;UN;100;000;000;I;HEMOCAT;0000320993;20;000;000;80102512293;VIGENTE;; ;N;N;79417060;ME;H787114033015;N;N
0000320994;0000320994;INTRODUTOR TRE-SHEATH C/DILATADOR VENACURE EVLT 65CM;09032021;F;140000;000;000;0000;0000;0000;CX;UN;100;000;000;I;HEMOCAT;0000320994;20;000;000;80102512293;VIGENTE;; ;N;N;79417060;ME;H787114033025;N;N
0000296955;0000296955;IPSILON 500MG 300CPDS(EMB.HOSP.);29102019;F;19316;000;000;0644;0000;0000;CX;CPDS;30000;000;000;A;ZYDUS NIKKHO;0000296955;50;000;000;1565100380011;30052023;7897460400234;-;S;S;90324986;  ;;N;N
0000258220;0000258220;IRBESARTANA+HIDROCLOROTIAZIDA 150+12,5MG 30CPDS;07082020;V;7871;10881;000;2624;3627;0000;CX;CPDS;3000;000;000;A;RANBAXY;0000258220;50;000;000;1235202290027;31122024;7897076918550;+;N;S;90321871;  ;;S;N
0000258221;0000258221;IRBESARTANA+HIDROCLOROTIAZIDA 300+12,5MG 30CPDS;07082020;V;7871;10881;000;2624;3627;0000;CX;CPDS;3000;000;000;A;RANBAXY;0000258221;50;000;000;1235202290086;31122024;7897076918581;+;N;S;90321901;  ;;S;N
0000321114;0000321114;IRO 20MG/ML SOL.DIL.INFUS.FA 5ML;12032021;F;169088;000;000;0000;0000;0000;CX;FA;100;000;000;I;CRISTALIA;0000321114;50;000;000;1029805470011;31122030;7896676437508;+;S;N;;  ;;N;N
0000307872;0000307872;ISETIONATO HEXAMIDINA+CLORIDRATO TETRACAINA 1,0+0,5MG/ML 50ML;19062020;V;2610;3477;000;0000;0000;0000;FR;ML;5000;000;000;A;SANOFI MEDLEY;0000307872;50;000;000;1832602960015;31122023;7891058011457;-;N;N;90481704;  ;;S;N
0000289620;0000289620;ISOFORT 15SACH.30G SABOR BAUNILHA;29042020;F;80500;000;000;53667;0000;0000;CX;SACH;1500;000;000;A;VITAFOR;0000289620;50;000;000;ISENTO;;7898919865796; ;N;S;;  ;;N;S
0000289621;0000289621;ISOFORT 15SACH.30G SABOR CHOCOLATE;29042020;F;80500;000;000;53667;0000;0000;CX;SACH;1500;000;000;A;VITAFOR;0000289621;50;000;000;ISENTO;;7898919865789; ;N;S;;  ;;N;S
0000289622;0000289622;ISOFORT 15SACH.30G SABOR FRUTAS VERMELHAS;29042020;F;80500;000;000;53667;0000;0000;CX;SACH;1500;000;000;A;VITAFOR;0000289622;50;000;000;ISENTO;;7898919865604; ;N;S;;  ;;N;S
0000289623;0000289623;ISOFORT 15SACH.30G SABOR NEUTRO;29042020;F;80500;000;000;53667;0000;0000;CX;SACH;1500;000;000;A;VITAFOR;0000289623;50;000;000;ISENTO;;7898919865802; ;N;S;;  ;;N;S
0000289624;0000289624;ISOFORT 900G SABOR BAUNILHA;29042020;F;56200;000;000;0000;0000;0000;PT;GRS;90000;000;000;A;VITAFOR;0000289624;50;000;000;ISENTO;;7898919865208; ;N;N;;  ;;N;S
0000289625;0000289625;ISOFORT 900G SABOR CHOCOLATE;29042020;F;56200;000;000;0000;0000;0000;PT;GRS;90000;000;000;A;VITAFOR;0000289625;50;000;000;ISENTO;;7898919865215; ;N;N;;  ;;N;S
0000289626;0000289626;ISOFORT 900G SABOR FRUTAS VERMELHAS;29042020;F;56200;000;000;0000;0000;0000;PT;GRS;90000;000;000;A;VITAFOR;0000289626;50;000;000;ISENTO;;7898919865147; ;N;N;;  ;;N;S
0000289627;0000289627;ISOFORT 900G SABOR NEUTRO;29042020;F;56200;000;000;0000;0000;0000;PT;GRS;90000;000;000;A;VITAFOR;0000289627;50;000;000;ISENTO;;7898919865154; ;N;N;;  ;;N;S
0000319293;0000319293;ISON 10MG 30CAPS MOLE;01122020;V;5900;8156;000;1967;2719;0000;CX;CAPS;3000;000;000;A;UNIAO QUIMICA;0000319293;50;000;000;1049714460034;30092030;7896006218647;+;N;S;90498895;  ;;N;N
0000319294;0000319294;ISON 20MG 30CAPS MOLE;01122020;V;9398;12992;000;3133;4331;0000;CX;CAPS;3000;000;000;A;UNIAO QUIMICA;0000319294;50;000;000;1049714460093;30092030;7896006218654;+;N;S;90498909;  ;;N;N
0000257156;0000257156;JULIET 0,075MG 84CPDS REV.;30062020;V;7349;10160;000;0875;1210;0000;CX;CPDS;8400;000;000;A;SANDOZ;0000257156;50;000;000;1004705180059;31072022;7897595625540;+;N;S;90310292;  ;;N;N
0000315285;0000315285;JUNEVE 30MG 28CAPS GEL.DURA;27102020;V;27959;37250;000;9985;13304;0000;CX;CAPS;2800;000;000;A;SHIRE FARMACEUTICA;0000315285;50;000;000;1697900220011;31082029;7898924769690;-;N;S;90457773;  ;;N;N
0000315286;0000315286;JUNEVE 50MG 28CAPS GEL.DURA;27102020;V;33905;45172;000;12109;16133;0000;CX;CAPS;2800;000;000;A;SHIRE FARMACEUTICA;0000315286;50;000;000;1697900220021;31082029;7898924769706;-;N;S;90457781;  ;;N;N
0000315287;0000315287;JUNEVE 70MG 28CAPS GEL.DURA;27102020;V;33905;45172;000;12109;16133;0000;CX;CAPS;2800;000;000;A;SHIRE FARMACEUTICA;0000315287;50;000;000;1697900220038;31082029;7898924769713;-;N;S;90457790;  ;;N;N
0000245286;0000245286;KADCYLA 100MG PO LIOF.1FA;03072020;F;718499;000;000;0000;0000;0000;CX;FA;100;000;000;A;ROCHE;0000245286;50;000;000;1010006590015;31012024;7896226506487;-;S;N;90321766;  ;;N;N
0000245285;0000245285;KADCYLA 160MG PO LIOF.1FA;03072020;F;1149597;000;000;0000;0000;0000;CX;FA;100;000;000;A;ROCHE;0000245285;50;000;000;1010006590023;31012024;7896226506494;-;S;N;90321758;  ;;N;N
0000315414;0000315414;KALOBA 111.111MG 6CPDS REV.;07072020;V;1824;2430;000;3040;4050;0000;CX;CPDS;600;000;000;A;TAKEDA;0000315414;50;000;000;1063902330172;30112029;7896641808166;-;N;S;90461150;  ;;N;N
0000315413;0000315413;KALOBA 111111MG 21CPDS REV.;07072020;V;6385;8507;000;3040;4051;0000;CX;CPDS;2100;000;000;A;TAKEDA;0000315413;50;000;000;1063902330202;30112029;7896641808227;-;N;S;90462734;  ;;N;N
0000286464;0000286464;KAVIUM 10MG 10CPDS;30062020;V;13428;18563;000;13428;18563;0000;CX;CPDS;1000;000;000;A;ZYDUS NIKKHO;0000286464;50;000;000;1565100590014;31052021;7898927562892;+;N;S;90387635;  ;;N;N
0000286465;0000286465;KAVIUM 10MG 30CPDS;30062020;V;13428;18563;000;4476;6188;0000;CX;CPDS;3000;000;000;A;ZYDUS NIKKHO;0000286465;50;000;000;1565100590030;31052021;7898927562908;+;N;S;90387627;  ;;N;N
0000286466;0000286466;KAVIUM 15MG 10CPDS;30062020;V;20144;27848;000;20144;27848;0000;CX;CPDS;1000;000;000;A;ZYDUS NIKKHO;0000286466;50;000;000;1565100590057;31052021;7898927562922;+;N;S;90387643;  ;;N;N
0000286467;0000286467;KAVIUM 15MG 30CPDS;30062020;V;20144;27848;000;6715;9283;0000;CX;CPDS;3000;000;000;A;ZYDUS NIKKHO;0000286467;50;000;000;1565100590022;31052021;7898927562939;+;N;S;90387651;  ;;N;N
0000266448;0000266448;KEPPRA 100MG/ML SOL.OR.150ML+SER.3ML;23062020;V;9364;12476;000;0624;0832;0000;FR;ML;15000;000;000;A;UCB BIOPHARMA;0000266448;50;000;000;1236100830055;31072020;5413787006793;-;N;S;90340345;  ;;N;N
0000266444;0000266444;KEPPRA 250MG 30CPDS REV.;23062020;V;4328;5766;000;0000;0000;0000;CX;CPDS;3000;000;000;A;UCB BIOPHARMA;0000266444;50;000;000;1236100830012;31072020;5413787002795;-;N;N;90340302;  ;;N;N
0000266445;0000266445;KEPPRA 250MG 60CPDS REV.;23062020;V;10817;14412;000;1803;2402;0000;CX;CPDS;6000;000;000;A;UCB BIOPHARMA;0000266445;50;000;000;1236100830071;31072020;5413787003792;-;N;S;90340337;  ;;N;N
0000266446;0000266446;KEPPRA 750MG 30CPDS REV.;23062020;V;22451;29912;000;7484;9971;0000;CX;CPDS;3000;000;000;A;UCB BIOPHARMA;0000266446;50;000;000;1236100830039;31072020;5413787004799;-;N;S;90340310;  ;;N;N
0000266447;0000266447;KEPPRA 750MG 60CPDS REV.;23062020;V;44899;59819;000;0000;0000;0000;CX;CPDS;6000;000;000;A;UCB BIOPHARMA;0000266447;50;000;000;1236100830047;31072020;5413787005796;-;N;N;90340329;  ;;N;N
0000318690;0000318690;KIT 1CANULA CTC 21GAX050X05MM;05012021;F;1600000;000;000;0000;0000;0000;CX;KIT;100;000;000;A;BRAMSYS;0000318690;20;000;000;80195520036;VIGENTE;; ;N;N;100884970;ME;CTC-2150-5/1;N;N
0000318691;0000318691;KIT 1CANULA CTC 21GAX100X05MM;05012021;F;1600000;000;000;0000;0000;0000;CX;KIT;100;000;000;A;BRAMSYS;0000318691;20;000;000;80195520036;VIGENTE;; ;N;N;100884970;ME;CTC-21100-5/1;N;N
0000318692;0000318692;KIT 1CANULA CTC 21GAX100X10MM;05012021;F;1600000;000;000;0000;0000;0000;CX;KIT;100;000;000;A;BRAMSYS;0000318692;20;000;000;80195520036;VIGENTE;; ;N;N;100884970;ME;CTC-21100-10/1;N;N
0000318693;0000318693;KIT 1CANULA CTC 21GAX150X05MM;05012021;F;1600000;000;000;0000;0000;0000;CX;KIT;100;000;000;A;BRAMSYS;0000318693;20;000;000;80195520036;VIGENTE;; ;N;N;100884970;ME;CTC-21150-5/1;N;N
0000318694;0000318694;KIT 1CANULA CTC 21GAX150X10MM;05012021;F;1600000;000;000;0000;0000;0000;CX;KIT;100;000;000;A;BRAMSYS;0000318694;20;000;000;80195520036;VIGENTE;; ;N;N;100884970;ME;CTC-21150-10/1;N;N
0000318695;0000318695;KIT 1CANULA CTC 22GAX050X05MM;05012021;F;1600000;000;000;0000;0000;0000;CX;KIT;100;000;000;A;BRAMSYS;0000318695;20;000;000;80195520036;VIGENTE;; ;N;N;100884970;ME;CTC-2250-5/1;N;N
0000318696;0000318696;KIT 1CANULA CTC 22GAX100X05MM;05012021;F;1600000;000;000;0000;0000;0000;CX;KIT;100;000;000;A;BRAMSYS;0000318696;20;000;000;80195520036;VIGENTE;; ;N;N;100884970;ME;CTC-22100-5/1;N;N
0000318697;0000318697;KIT 1CANULA CTC 22GAX150X05MM;05012021;F;1600000;000;000;0000;0000;0000;CX;KIT;100;000;000;A;BRAMSYS;0000318697;20;000;000;80195520036;VIGENTE;; ;N;N;100884970;ME;CTC-22150-5/1;N;N
0000318305;0000318305;KIT ADESIVO P/FECHAMENTO PELE ABRA 10KIT;23102020;F;1350000;000;000;1350000;0000;0000;CX;KIT;1000;000;000;A;SALUS BIOMEDICAL;0000318305;20;000;800;81309960005;VIGENTE;; ;N;S;100894135;MC;CWM02A;N;N
0000320834;0000320834;KIT CANULA ACESSO LAPAROSCOPICO DESC. 11MM X 100MM;02032021;F;182300;000;000;0000;0000;0000;CX;UN;100;000;000;A;ENDO MASTER;0000320834;20;000;000;80533420080;VIGENTE;; ;N;N;100488013;ME;LA11-AC;N;N
0000320835;0000320835;KIT CANULA ACESSO LAPAROSCOPICO DESC. 12,5MM X 110MM;02032021;F;182300;000;000;0000;0000;0000;CX;UN;100;000;000;A;ENDO MASTER;0000320835;20;000;000;80533420080;VIGENTE;; ;N;N;100488021;ME;LA13-AC;N;N
0000320836;0000320836;KIT CANULA ACESSO LAPAROSCOPICO DESC. 15MM X 110MM;02032021;F;182300;000;000;0000;0000;0000;CX;UN;100;000;000;A;ENDO MASTER;0000320836;20;000;000;80533420080;VIGENTE;; ;N;N;100488030;ME;LA15-AC;N;N
0000320833;0000320833;KIT CANULA ACESSO LAPAROSCOPICO DESC. 5MM X 100MM;02032021;F;182300;000;000;0000;0000;0000;CX;UN;100;000;000;A;ENDO MASTER;0000320833;20;000;000;80533420080;VIGENTE;; ;N;N;100488048;ME;LA5-AC;N;N
0000320830;0000320830;KIT CANULA ACESSO LAPAROSCOPICO DESC. C/ LAMINA 11MM X 100MM;02032021;F;182300;000;000;0000;0000;0000;CX;UN;100;000;000;A;ENDO MASTER;0000320830;20;000;000;80533420078;VIGENTE;; ;N;N;100487920;ME;LA11-AB;N;N
0000320831;0000320831;KIT CANULA ACESSO LAPAROSCOPICO DESC. C/ LAMINA 12,5MM X 110MM;02032021;F;182300;000;000;0000;0000;0000;CX;UN;100;000;000;A;ENDO MASTER;0000320831;20;000;000;80533420078;VIGENTE;; ;N;N;100487904;ME;LA13-AB;N;N
0000320832;0000320832;KIT CANULA ACESSO LAPAROSCOPICO DESC. C/ LAMINA 15MM X 110MM;02032021;F;182300;000;000;0000;0000;0000;CX;UN;100;000;000;A;ENDO MASTER;0000320832;20;000;000;80533420078;VIGENTE;; ;N;N;100487912;ME;LA15-AB;N;N
0000320829;0000320829;KIT CANULA ACESSO LAPAROSCOPICO DESC. C/ LAMINA 5MM X 100MM;02032021;F;182300;000;000;0000;0000;0000;CX;UN;100;000;000;A;ENDO MASTER;0000320829;20;000;000;80533420078;VIGENTE;; ;N;N;100487890;ME;LA5-AB;N;N
0000320130;0000320130;KIT CANULA BLOQUEIO DIRIGIVEL C/PTA.EXPANSIVEL P/BALAO FORA-B;06012021;F;3000000;000;000;0000;0000;0000;PGC;KIT;100;000;000;A;BLUMEDICAL;0000320130;20;000;000;80981940031;20042030;; ;N;N;100631002;ME;COB21NU-1-G;N;N
0000320131;0000320131;KIT CANULA BLOQUEIO TRANSFORAMINAL C/PTA.EXPANSIVEL P/BALAO FORA-B TF;06012021;F;2600000;000;000;0000;0000;0000;PGC;KIT;100;000;000;A;BLUMEDICAL;0000320131;20;000;000;80981940032;27042030;; ;N;N;100631037;ME;SWECB-CS-05;N;N
0000320132;0000320132;KIT CANULA C/PTA.ATIVA P/ABLACAO/COAGULACAO/DESCOMPRESSAO ABRO DIRIGIVEL;06012021;F;3600000;000;000;0000;0000;0000;PGC;KIT;100;000;000;A;BLUMEDICAL;0000320132;20;000;000;80981940033;29062030;; ;N;N;100631061;ME;SWF22VP24F;N;N
0000320133;0000320133;KIT CANULA C/PTA.ATIVA P/ABLACAO/COAGULACAO/DESCOMPRESSAO ABRO DIRIGIVEL;06012021;F;3600000;000;000;0000;0000;0000;PGC;KIT;100;000;000;A;BLUMEDICAL;0000320133;20;000;000;80981940033;29062030;; ;N;N;100631088;ME;SWF23VP26F;N;N
0000320134;0000320134;KIT CANULA C/PTA.ATIVA P/ABLACAO/COAGULACAO/DESCOMPRESSAO ABRO DIRIGIVEL;06012021;F;3600000;000;000;0000;0000;0000;PGC;KIT;100;000;000;A;BLUMEDICAL;0000320134;20;000;000;80981940033;29062030;; ;N;N;100631070;ME;SWF31VP32F;N;N
0000320135;0000320135;KIT CANULA C/PTA.ATIVA P/ABLACAO/COAGULACAO/DESCOMPRESSAO ABRO DIRIGIVEL;06012021;F;3600000;000;000;0000;0000;0000;PGC;KIT;100;000;000;A;BLUMEDICAL;0000320135;20;000;000;80981940033;29062030;; ;N;N;100631053;ME;SWF31VP34F;N;N
0000320137;0000320137;KIT CANULA C/PTA.ATIVA P/ABLACAO/COAGULACAO/DESCOMPRESSAO ABRO FLEXIVEL;06012021;F;3600000;000;000;0000;0000;0000;PGC;KIT;100;000;000;A;BLUMEDICAL;0000320137;20;000;000;80981940035;20072030;; ;N;N;100810322;ME;SWF20T;N;N
0000320136;0000320136;KIT CANULA C/PTA.ATIVA P/ABLACAO/COAGULACAO/DESCOMPRESSAO ABRO MINI;06012021;F;3600000;000;000;0000;0000;0000;PGC;KIT;100;000;000;A;BLUMEDICAL;0000320136;20;000;000;80981940034;29062030;; ;N;N;100632017;ME;SWF21VP22F;N;N
0000320127;0000320127;KIT CANULA CATETER BLOQUEIO EPIDURAL DIRECIONAVEL TRANSFORAMINAL ST.COX;06012021;F;1600000;000;000;0000;0000;0000;PGC;KIT;100;000;000;A;BLUMEDICAL;0000320127;20;000;000;80981940027;16122029;; ;N;N;100888755;ME;SWC67;N;N
0000320128;0000320128;KIT CANULA CATETER BLOQUEIO EPIDURAL DIRECIONAVEL TRANSFORAMINAL ST.COX;06012021;F;1600000;000;000;0000;0000;0000;PGC;KIT;100;000;000;A;BLUMEDICAL;0000320128;20;000;000;80981940027;16122029;; ;N;N;100888755;ME;SWC68;N;N
0000320129;0000320129;KIT CANULA CATETER BLOQUEIO EPIDURAL DIRECIONAVEL TRANSFORAMINAL ST.COX;06012021;F;1600000;000;000;0000;0000;0000;PGC;KIT;100;000;000;A;BLUMEDICAL;0000320129;20;000;000;80981940027;16122029;; ;N;N;100888755;ME;SWC69;N;N
0000320142;0000320142;KIT CANULA CIFOPLASTIA SPASY;06012021;F;2200000;000;000;0000;0000;0000;PGC;KIT;100;000;000;A;BLUMEDICAL;0000320142;20;000;000;80981940028;VIGENTE;; ;N;N;100455468;ME;SPASY15-1C;N;N
0000320143;0000320143;KIT CANULA CIFOPLASTIA SPASY;06012021;F;2200000;000;000;0000;0000;0000;PGC;KIT;100;000;000;A;BLUMEDICAL;0000320143;20;000;000;80981940028;VIGENTE;; ;N;N;100455506;ME;SPASY15-1A;N;N
0000320144;0000320144;KIT CANULA CIFOPLASTIA SPASY;06012021;F;2200000;000;000;0000;0000;0000;PGC;KIT;100;000;000;A;BLUMEDICAL;0000320144;20;000;000;80981940028;VIGENTE;; ;N;N;100455476;ME;SPASY10-1A;N;N
0000320145;0000320145;KIT CANULA CIFOPLASTIA SPASY;06012021;F;2200000;000;000;0000;0000;0000;PGC;KIT;100;000;000;A;BLUMEDICAL;0000320145;20;000;000;80981940028;VIGENTE;; ;N;N;100455557;ME;SPASY10-1C;N;N
0000320139;0000320139;KIT CANULA DIRIGIVEL P/BLOQUEIO TERAPEUTICO BIDIRECIONAL ST.REED PLUS MINI;06012021;F;2200000;000;000;0000;0000;0000;PGC;KIT;100;000;000;A;BLUMEDICAL;0000320139;20;000;000;80981940038;30112030;; ;N;N;101040113;ME;COV33N-S2;N;N
0000320138;0000320138;KIT CANULA DIRIGIVEL P/BLOQUEIO TERAPEUTICO BIDIRECIONAL ST.REED PLUS PRO;06012021;F;2600000;000;000;0000;0000;0000;PGC;KIT;100;000;000;A;BLUMEDICAL;0000320138;20;000;000;80981940037;30112030;; ;N;N;101040091;ME;COV33-1;N;N
0000317854;0000317854;KIT CANULA ESTIMULACAO/BLOQUEIO MAX BLOCK LANG DIAM.21GA 140MM;30092020;F;600000;000;000;0000;0000;0000;CX;UN;100;000;000;A;LANGSURGICAL;0000317854;20;000;000;80123900054;VIGENTE;; ;N;N;100845169;ME;MB-8621140;N;N
0000317851;0000317851;KIT CANULA ESTIMULACAO/BLOQUEIO MAX BLOCK LANG DIAM.21GA 50MM;30092020;F;600000;000;000;0000;0000;0000;CX;UN;100;000;000;A;LANGSURGICAL;0000317851;20;000;000;80123900054;VIGENTE;; ;N;N;100845142;ME;MB-8621050;N;N
0000317852;0000317852;KIT CANULA ESTIMULACAO/BLOQUEIO MAX BLOCK LANG DIAM.21GA 70MM;30092020;F;600000;000;000;0000;0000;0000;CX;UN;100;000;000;A;LANGSURGICAL;0000317852;20;000;000;80123900054;VIGENTE;; ;N;N;100845185;ME;MB-8621070;N;N
0000317853;0000317853;KIT CANULA ESTIMULACAO/BLOQUEIO MAX BLOCK LANG DIAM.21GA 90MM;30092020;F;600000;000;000;0000;0000;0000;CX;UN;100;000;000;A;LANGSURGICAL;0000317853;20;000;000;80123900054;VIGENTE;; ;N;N;100845177;ME;MB-8621090;N;N
0000317855;0000317855;KIT CANULA ESTIMULACAO/BLOQUEIO MAX BLOCK LANG DIAM.22GA 50MM;30092020;F;600000;000;000;0000;0000;0000;CX;UN;100;000;000;A;LANGSURGICAL;0000317855;20;000;000;80123900054;VIGENTE;; ;N;N;100845134;ME;MB-8622050;N;N
0000317856;0000317856;KIT CANULA ESTIMULACAO/BLOQUEIO MAX BLOCK LANG DIAM.22GA 70MM;30092020;F;600000;000;000;0000;0000;0000;CX;UN;100;000;000;A;LANGSURGICAL;0000317856;20;000;000;80123900054;VIGENTE;; ;N;N;100845126;ME;MB-8622070;N;N
0000317857;0000317857;KIT CANULA ESTIMULACAO/BLOQUEIO MAX BLOCK LANG DIAM.22GA 90MM;30092020;F;600000;000;000;0000;0000;0000;CX;UN;100;000;000;A;LANGSURGICAL;0000317857;20;000;000;80123900054;VIGENTE;; ;N;N;100845150;ME;MB-8622090;N;N
0000318030;0000318030;KIT CANULA I-BLOCK 14CM 2CANULAS;07102020;F;2000000;000;000;0000;0000;0000;BL;KIT;100;000;000;A;GENESYSMED;0000318030;20;000;000;81086970032;VIGENTE;; ;N;N;100379958;ME;BL14-21-2;N;N
0000318032;0000318032;KIT CANULA I-BLOCK 14CM 4CANULAS;07102020;F;3000000;000;000;0000;0000;0000;BL;KIT;100;000;000;A;GENESYSMED;0000318032;20;000;000;81086970032;VIGENTE;; ;N;N;100379966;ME;BL14-21-4;N;N
0000318029;0000318029;KIT CANULA I-BLOCK 9CM 2CANULAS;07102020;F;2000000;000;000;0000;0000;0000;BL;KIT;100;000;000;A;GENESYSMED;0000318029;20;000;000;81086970032;VIGENTE;; ;N;N;100380018;ME;BL9-21-2;N;N
0000318031;0000318031;KIT CANULA I-BLOCK 9CM 4CANULAS;07102020;F;3000000;000;000;0000;0000;0000;BL;KIT;100;000;000;A;GENESYSMED;0000318031;20;000;000;81086970032;VIGENTE;; ;N;N;100380034;ME;BL9-21-4;N;N
0000318033;0000318033;KIT CANULA I-DISC;07102020;F;2000000;000;000;0000;0000;0000;BL;KIT;100;000;000;A;GENESYSMED;0000318033;20;000;000;81086970033;VIGENTE;; ;N;N;100380050;ME;DISC;N;N
0000314288;0000314288;KIT CANULA MAPEAMENTO NERVOS P/NEUROCIRURGIA BIPOLAR;15042020;F;2050000;000;000;0000;0000;0000;CX;KIT;100;000;000;A;SURGICAL LINE;0000314288;20;000;000;81086970036;VIGENTE;; ;N;N;100905765;ME;NEURO-60-B;N;N
0000314289;0000314289;KIT CANULA MAPEAMENTO NERVOS P/NEUROCIRURGIA BIPOLAR;15042020;F;2050000;000;000;0000;0000;0000;CX;KIT;100;000;000;A;SURGICAL LINE;0000314289;20;000;000;81086970036;VIGENTE;; ;N;N;100905765;ME;NEURO-65-B;N;N
0000314290;0000314290;KIT CANULA MAPEAMENTO NERVOS P/NEUROCIRURGIA BIPOLAR;15042020;F;2050000;000;000;0000;0000;0000;CX;KIT;100;000;000;A;SURGICAL LINE;0000314290;20;000;000;81086970036;VIGENTE;; ;N;N;100905765;ME;NEURO-70-B;N;N
0000314291;0000314291;KIT CANULA MAPEAMENTO NERVOS P/NEUROCIRURGIA BIPOLAR;15042020;F;2050000;000;000;0000;0000;0000;CX;KIT;100;000;000;A;SURGICAL LINE;0000314291;20;000;000;81086970036;VIGENTE;; ;N;N;100905765;ME;NEURO-75-B;N;N
0000314292;0000314292;KIT CANULA MAPEAMENTO NERVOS P/NEUROCIRURGIA BIPOLAR;15042020;F;2050000;000;000;0000;0000;0000;CX;KIT;100;000;000;A;SURGICAL LINE;0000314292;20;000;000;81086970036;VIGENTE;; ;N;N;100905765;ME;NEURO-80-B;N;N
0000314293;0000314293;KIT CANULA MAPEAMENTO NERVOS P/NEUROCIRURGIA BIPOLAR;15042020;F;2050000;000;000;0000;0000;0000;CX;KIT;100;000;000;A;SURGICAL LINE;0000314293;20;000;000;81086970036;VIGENTE;; ;N;N;100905765;ME;NEURO-85-B;N;N
0000314282;0000314282;KIT CANULA MAPEAMENTO NERVOS P/NEUROCIRURGIA MONOPOLAR;15042020;F;2050000;000;000;0000;0000;0000;CX;KIT;100;000;000;A;SURGICAL LINE;0000314282;20;000;000;81086970036;VIGENTE;; ;N;N;100905765;ME;NEURO-60-M;N;N
0000314283;0000314283;KIT CANULA MAPEAMENTO NERVOS P/NEUROCIRURGIA MONOPOLAR;15042020;F;2050000;000;000;0000;0000;0000;CX;KIT;100;000;000;A;SURGICAL LINE;0000314283;20;000;000;81086970036;VIGENTE;; ;N;N;100905765;ME;NEURO-65-M;N;N
0000314284;0000314284;KIT CANULA MAPEAMENTO NERVOS P/NEUROCIRURGIA MONOPOLAR;15042020;F;2050000;000;000;0000;0000;0000;CX;KIT;100;000;000;A;SURGICAL LINE;0000314284;20;000;000;81086970036;VIGENTE;; ;N;N;100905765;ME;NEURO-70-M;N;N
0000314285;0000314285;KIT CANULA MAPEAMENTO NERVOS P/NEUROCIRURGIA MONOPOLAR;15042020;F;2050000;000;000;0000;0000;0000;CX;KIT;100;000;000;A;SURGICAL LINE;0000314285;20;000;000;81086970036;VIGENTE;; ;N;N;100905765;ME;NEURO-75-M;N;N
0000314286;0000314286;KIT CANULA MAPEAMENTO NERVOS P/NEUROCIRURGIA MONOPOLAR;15042020;F;2050000;000;000;0000;0000;0000;CX;KIT;100;000;000;A;SURGICAL LINE;0000314286;20;000;000;81086970036;VIGENTE;; ;N;N;100905765;ME;NEURO-80-M;N;N
0000314287;0000314287;KIT CANULA MAPEAMENTO NERVOS P/NEUROCIRURGIA MONOPOLAR;15042020;F;2050000;000;000;0000;0000;0000;CX;KIT;100;000;000;A;SURGICAL LINE;0000314287;20;000;000;81086970036;VIGENTE;; ;N;N;100905765;ME;NEURO-85-M;N;N
0000314294;0000314294;KIT CANULA MAPEAMENTO NERVOS P/NEUROCIRURGIA MONOPOLAR FLEXIVEL;15042020;F;2050000;000;000;0000;0000;0000;CX;KIT;100;000;000;A;SURGICAL LINE;0000314294;20;000;000;81086970036;VIGENTE;; ;N;N;100905765;ME;NEURO-60-MF;N;N
0000314295;0000314295;KIT CANULA MAPEAMENTO NERVOS P/NEUROCIRURGIA MONOPOLAR FLEXIVEL;15042020;F;2050000;000;000;0000;0000;0000;CX;KIT;100;000;000;A;SURGICAL LINE;0000314295;20;000;000;81086970036;VIGENTE;; ;N;N;100905765;ME;NEURO-65-MF;N;N
0000314296;0000314296;KIT CANULA MAPEAMENTO NERVOS P/NEUROCIRURGIA MONOPOLAR FLEXIVEL;15042020;F;2050000;000;000;0000;0000;0000;CX;KIT;100;000;000;A;SURGICAL LINE;0000314296;20;000;000;81086970036;VIGENTE;; ;N;N;100905765;ME;NEURO-70-MF;N;N
0000314297;0000314297;KIT CANULA MAPEAMENTO NERVOS P/NEUROCIRURGIA MONOPOLAR FLEXIVEL;15042020;F;2050000;000;000;0000;0000;0000;CX;KIT;100;000;000;A;SURGICAL LINE;0000314297;20;000;000;81086970036;VIGENTE;; ;N;N;100905765;ME;NEURO-75-MF;N;N
0000314298;0000314298;KIT CANULA MAPEAMENTO NERVOS P/NEUROCIRURGIA MONOPOLAR FLEXIVEL;15042020;F;2050000;000;000;0000;0000;0000;CX;KIT;100;000;000;A;SURGICAL LINE;0000314298;20;000;000;81086970036;VIGENTE;; ;N;N;100905765;ME;NEURO-80-MF;N;N
0000314299;0000314299;KIT CANULA MAPEAMENTO NERVOS P/NEUROCIRURGIA MONOPOLAR FLEXIVEL;15042020;F;2050000;000;000;0000;0000;0000;CX;KIT;100;000;000;A;SURGICAL LINE;0000314299;20;000;000;81086970036;VIGENTE;; ;N;N;100905765;ME;NEURO-85-MF;N;N
0000320140;0000320140;KIT CANULA P/DISCECTOMIA PERCUTANEA DOTOMY;06012021;F;3400000;000;000;0000;0000;0000;PGC;KIT;100;000;000;A;BLUMEDICAL;0000320140;20;000;000;80981949002;VIGENTE;; ;N;N;100927645;ME;SW-TW-01;N;N
0000320141;0000320141;KIT CANULA P/DISCECTOMIA PERCUTANEA DOTOMY;06012021;F;3400000;000;000;0000;0000;0000;PGC;KIT;100;000;000;A;BLUMEDICAL;0000320141;20;000;000;80981949002;VIGENTE;; ;N;N;100927653;ME;SW-TW-02;N;N
0000320117;0000320117;KIT CANULA P/VERTEBROPLASTIA SPASY;06012021;F;1300000;000;000;0000;0000;0000;PGC;KIT;100;000;000;A;BLUMEDICAL;0000320117;20;000;000;80981940030;VIGENTE;; ;N;N;100455654;ME;SWM-KIT-T4;N;N
0000320118;0000320118;KIT CANULA P/VERTEBROPLASTIA SPASY;06012021;F;1300000;000;000;0000;0000;0000;PGC;KIT;100;000;000;A;BLUMEDICAL;0000320118;20;000;000;80981940030;VIGENTE;; ;N;N;100455697;ME;SWM-KIT-T4-3;N;N
0000317908;0000317908;KIT CATETER PICC XCELA PASV MST-70 SS 5FR DL 55CM;06102020;F;395000;000;000;0000;0000;0000;CX;KIT;100;000;000;A;HEMOCAT;0000317908;20;000;000;80208360064;03022030;; ;N;N;100885195;ME;55-732B;N;N
0000317909;0000317909;KIT CATETER PICC XCELA PASV MST-70 SS 6FR DL 55CM;06102020;F;395000;000;000;0000;0000;0000;CX;KIT;100;000;000;A;HEMOCAT;0000317909;20;000;000;80208360064;03022030;; ;N;N;100885195;ME;55-737B;N;N
0000319961;0000319961;KIT CIRURGICO NUCLEOFLEX EVOLUTION;05012021;F;5644000;000;000;0000;0000;0000;CX;UN;100;000;000;A;RAZEK;0000319961;20;000;000;80356130193;VIGENTE;; ;N;N;100886868;ME;;N;N
0000318304;0000318304;KIT CIRURGICO P/FECHAMENTO PELE ABRA 10KIT;23102020;F;2200000;000;000;2200000;0000;0000;CX;KIT;1000;000;000;A;SALUS BIOMEDICAL;0000318304;20;000;800;81309960004;VIGENTE;; ;N;S;100894127;MC;CWK02A;N;N
0000318308;0000318308;KIT CURATIVO C/TB.UNICO LUMEN P/DWC HOSP.GRD.;23102020;F;116250;000;000;0000;0000;0000;CX;KIT;100;000;000;A;SALUS BIOMEDICAL;0000318308;20;000;800;81309960007;VIGENTE;; ;N;N;100917577;MC;DK10SS;N;N
0000318307;0000318307;KIT CURATIVO C/TB.UNICO LUMEN P/DWC HOSP.MED.;23102020;F;93000;000;000;0000;0000;0000;CX;KIT;100;000;000;A;SALUS BIOMEDICAL;0000318307;20;000;800;81309960007;VIGENTE;; ;N;N;100917577;MC;DK10MS;N;N
0000318306;0000318306;KIT CURATIVO C/TB.UNICO LUMEN P/DWC HOSP.PEQ.;23102020;F;69750;000;000;0000;0000;0000;CX;KIT;100;000;000;A;SALUS BIOMEDICAL;0000318306;20;000;800;81309960007;VIGENTE;; ;N;N;100917577;MC;DK10LS;N;N
0000320024;0000320024;KIT CURATIVO ESPIRAL CARILEX;22122020;F;175097;000;000;0000;0000;0000;CX;KIT;100;000;000;A;VIDE BULA;0000320024;20;000;000;80311980001;VIGENTE;; ;N;N;100902170;ME;S1001-2100;N;N
0000320023;0000320023;KIT CURATIVO FOAM ABDOMINAL CARILEX;22122020;F;784964;000;000;0000;0000;0000;CX;KIT;100;000;000;A;VIDE BULA;0000320023;20;000;000;80311980001;VIGENTE;; ;N;N;100902170;ME;S1001-2120;N;N
0000320022;0000320022;KIT CURATIVO FOAM CARILEX GRD.;22122020;F;193882;000;000;0000;0000;0000;CX;KIT;100;000;000;A;VIDE BULA;0000320022;20;000;000;80311980001;VIGENTE;; ;N;N;100902170;ME;S1001-2060;N;N
0000320021;0000320021;KIT CURATIVO FOAM CARILEX MED.;22122020;F;172141;000;000;0000;0000;0000;CX;KIT;100;000;000;A;VIDE BULA;0000320021;20;000;000;80311980001;VIGENTE;; ;N;N;100902170;ME;S1001-2050;N;N
0000320020;0000320020;KIT CURATIVO FOAM CARILEX PEQ.;22122020;F;140077;000;000;0000;0000;0000;CX;KIT;100;000;000;A;VIDE BULA;0000320020;20;000;000;80311980001;VIGENTE;; ;N;N;100902170;ME;S1001-2040;N;N
0000320977;0000320977;KIT FRESA CORTANTE P/CRANIOTOMO 1,4X56,5MM PANTHER ADU.;09032021;F;279000;000;000;0000;0000;0000;CRT;KIT;100;000;000;I;MACOM;0000320977;20;000;000;10243070038;VIGENTE;; ;N;N;79028594;ME;MA-14FCA;N;N
0000320976;0000320976;KIT FRESA CORTANTE P/CRANIOTOMO 2,3X52,5MM PANTHER INF.;09032021;F;279000;000;000;0000;0000;0000;CRT;KIT;100;000;000;I;MACOM;0000320976;20;000;000;10243070038;VIGENTE;; ;N;N;79033687;ME;MA-23FCI;N;N
0000320978;0000320978;KIT FRESA CORTANTE P/LAMINOTOMO 2,5X65,5MM PANTHER;09032021;F;279000;000;000;0000;0000;0000;CRT;KIT;100;000;000;I;MACOM;0000320978;20;000;000;10243070038;VIGENTE;; ;N;N;79037500;ME;MA-25FCL;N;N
0000172959;0000172959;KIT HARRISON FETAL BLADDER STENT SET 13GAX18CM;10072014;F;194062;000;000;0000;0000;0000;CX;KIT;100;000;000;A;HANDLE;0000172959;20;000;000;10330710057;29032025;; ;N;N;100911641;ME;J-HFBS-503540;N;N
0000313437;0000313437;KIT LIGADURA ELASTICA;10032020;F;490000;000;000;0000;0000;0000;CX;KIT;100;000;000;A;PROSURGERY;0000313437;20;000;000;81040530075;VIGENTE;; ;N;N;100888968;ME;;N;N
0000315051;0000315051;KIT MULTIFILTRATEPRO TPE P2 PLASMAFLUX® P2DRY;28012021;F;707310;000;000;0000;0000;0000;CX;KIT;100;000;000;A;FRESENIUS MEDIC.CARE;0000315051;20;000;000;80133950147;VIGENTE;; ;N;N;100893236;ME;BR00000814;N;N
0000320979;0000320979;KIT P/ACESSO ENDOSCOPICO TRANSESFENOIDAL;09032021;F;1850000;000;000;0000;0000;0000;CRT;KIT;100;000;000;I;MACOM;0000320979;20;000;000;10243079006;VIGENTE;; ;N;N;;ME;MA-14230AET;N;N
0000317556;0000317556;KIT P/GASTROSTOMIA PEG 16FR;17092020;F;336355;000;000;0000;0000;0000;CX;KIT;100;000;000;A;CARDINAL HEALTH MS;0000317556;20;000;800;81356112384;VIGENTE;; ;N;N;100906729;ME;761610E;N;N
0000317557;0000317557;KIT P/GASTROSTOMIA PEG 20FR;17092020;F;336355;000;000;0000;0000;0000;CX;KIT;100;000;000;A;CARDINAL HEALTH MS;0000317557;20;000;800;81356112384;VIGENTE;; ;N;N;100906729;ME;762010E;N;N
0000320982;0000320982;KIT P/TERCEIRO VENTRICULOSTOMIA ENDOSCOPICA TVE 3F/HUDSON;09032021;F;1775000;000;000;0000;0000;0000;CRT;KIT;100;000;000;I;MACOM;0000320982;20;000;000;10243079005;VIGENTE;; ;N;N;;ME;MA-1203-TVH;N;N
0000320983;0000320983;KIT P/TERCEIRO VENTRICULOSTOMIA ENDOSCOPICA TVE 3F/SMITH;09032021;F;1775000;000;000;0000;0000;0000;CRT;KIT;100;000;000;I;MACOM;0000320983;20;000;000;10243079005;VIGENTE;; ;N;N;;ME;MA-1203-TVS;N;N
0000320980;0000320980;KIT P/TERCEIRO VENTRICULOSTOMIA ENDOSCOPICA TVE 4F/HUDSON;09032021;F;1775000;000;000;0000;0000;0000;CRT;KIT;100;000;000;I;MACOM;0000320980;20;000;000;10243079005;VIGENTE;; ;N;N;;ME;MA-1204-TVH;N;N
0000320981;0000320981;KIT P/TERCEIRO VENTRICULOSTOMIA ENDOSCOPICA TVE 4F/SMITH;09032021;F;1775000;000;000;0000;0000;0000;CRT;KIT;100;000;000;I;MACOM;0000320981;20;000;000;10243079005;VIGENTE;; ;N;N;;ME;MA-1204-TVS;N;N
0000320987;0000320987;KIT PROCEDIMENTO C/FIBRA 400MICRON VENACURE EVLT;09032021;F;450000;000;000;0000;0000;0000;CX;KIT;100;000;000;I;HEMOCAT;0000320987;20;000;800;80102512283;29072029;; ;N;N;100883931;ME;EVLTPVAK5;N;N
0000320989;0000320989;KIT PROCEDIMENTO NEVERTOUCH DIRECT VENACURE EVLT;09032021;F;373680;000;000;0000;0000;0000;CX;KIT;100;000;000;I;HEMOCAT;0000320989;20;000;000;80102512362;25112029;; ;N;N;100883958;ME;H787114031015;N;N
0000320990;0000320990;KIT PROCEDIMENTO NEVERTOUCH FRS VENACURE EVLT 45CM;09032021;F;346000;000;000;0000;0000;0000;CX;KIT;100;000;000;I;HEMOCAT;0000320990;20;000;800;80102512361;25112029;; ;N;N;100883940;ME;H787114030010;N;N
0000320991;0000320991;KIT PROCEDIMENTO NEVERTOUCH FRS VENACURE EVLT 65CM;09032021;F;346000;000;000;0000;0000;0000;CX;KIT;100;000;000;I;HEMOCAT;0000320991;20;000;800;80102512361;25112029;; ;N;N;100883940;ME;H787114030020;N;N
0000320992;0000320992;KIT PROCEDIMENTO NEVERTOUCH FRS VENACURE EVLT 90CM;09032021;F;346000;000;000;0000;0000;0000;CX;KIT;100;000;000;I;HEMOCAT;0000320992;20;000;800;80102512361;25112029;; ;N;N;100883940;ME;H787114030040;N;N
0000320985;0000320985;KIT PROCEDIMENTO OPS C/INTRODUTOR SPOT LIGHT VENACURE EVLT 55CM;09032021;F;278000;000;000;0000;0000;0000;CX;KIT;100;000;000;I;HEMOCAT;0000320985;20;000;800;80102512367;09122029;; ;N;N;100883982;ME;EVLT55OPS5;N;N
0000320986;0000320986;KIT PROCEDIMENTO OPS C/INTRODUTOR SPOT LIGHT VENACURE EVLT 80CM;09032021;F;278000;000;000;0000;0000;0000;CX;KIT;100;000;000;I;HEMOCAT;0000320986;20;000;800;80102512367;09122029;; ;N;N;100883982;ME;EVLT80OPS5;N;N
0000314845;0000314845;KIT PUNCAO GUIADA IVKIT ONCODERM/LUVA;02062020;F;13500;000;000;0000;0000;0000;PGC;UN;100;000;000;A;BMR MEDICAL;0000314845;20;000;000;80299880163;VIGENTE;; ;N;N;100895506;MC;;N;N
0000314846;0000314846;KIT PUNCAO GUIADA IVKIT SECURIS/LUVA;02062020;F;13500;000;000;0000;0000;0000;PGC;UN;100;000;000;A;BMR MEDICAL;0000314846;20;000;000;80299880162;VIGENTE;; ;N;N;100895492;MC;;N;N
0000321113;0000321113;KIT TAMPA OCLUSAO P/CANULA 20UNID.;12032021;F;28000;000;000;0000;0000;0000;CX;KIT;100;000;000;I;FUNDACAO ADIB JATENE;0000321113;20;000;000;10264470036;VIGENTE;; ;N;N;100912494;PT;PRD1101500;N;N
0000309790;0000309790;KOLI D3 350000UI 10CPDS REV.;07072020;V;13732;18295;000;13732;18295;0000;CX;CPDS;1000;000;000;A;SIGMA PHARMA;0000309790;50;000;000;1356907370136;29022024;7894916514095;-;N;S;90437713;  ;;N;N
0000309789;0000309789;KOLI D3 50000UI 4CPDS REV.;07072020;V;7109;9471;000;17773;23678;0000;CX;CPDS;400;000;000;A;SIGMA PHARMA;0000309789;50;000;000;1356907370020;29022024;7894916512145;-;N;S;90437705;  ;;N;N
0000309787;0000309787;KOLI D3 7000UI 10CPDS REV.;07072020;V;2531;3372;000;2531;3372;0000;CX;CPDS;1000;000;000;A;SIGMA PHARMA;0000309787;50;000;000;1356907370081;29022024;7894916514064;-;N;S;90437675;  ;;N;N
0000309786;0000309786;KOLI D3 7000UI 30CPDS REV.;07072020;V;6462;8609;000;2154;2870;0000;CX;CPDS;3000;000;000;A;SIGMA PHARMA;0000309786;50;000;000;1356907370098;29022024;7894916514071;-;N;S;90437683;  ;;N;N
0000309788;0000309788;KOLI D3 7000UI 4CPDS REV.;07072020;V;1013;1350;000;2533;3375;0000;CX;CPDS;400;000;000;A;SIGMA PHARMA;0000309788;50;000;000;1356907370012;29022024;7894916512138;-;N;S;90437667;  ;;N;N
0000289647;0000289647;KRIL VIT 30CAPS 500MG;29042020;F;14300;000;000;4767;0000;0000;PT;CAPS;3000;000;000;A;VITAFOR;0000289647;50;000;000;ISENTO;;7898949730828; ;N;S;;  ;;N;S
0000289648;0000289648;KRIL VIT 60CAPS 500MG;29042020;F;25400;000;000;4233;0000;0000;PT;CAPS;6000;000;000;A;VITAFOR;0000289648;50;000;000;ISENTO;;7898949730835; ;N;S;;  ;;N;S
0000313246;0000313246;KTRIZ 0,6U/G+0,01G/G POM.DERM.15G+ESP.PLAS.;30062020;V;2194;2923;000;0000;0000;0000;BG;GR;1500;000;000;A;SUPERA;0000313246;50;000;000;1037202870035;30092029;7899420507311;-;N;N;90460588;  ;;N;N
0000313247;0000313247;KTRIZ 0,6U/G+0,01G/G POM.DERM.30G+ESP.PLAS.;30062020;V;4351;5797;000;0000;0000;0000;BG;GR;3000;000;000;A;SUPERA;0000313247;50;000;000;1037202870043;30092029;7899420507373;-;N;N;90460693;  ;;N;N
0000313248;0000313248;KTRIZ GINO 0,6U/G+0,01G/G POM.GINEC.30G+6APLIC.;30062020;V;4218;5620;000;0000;0000;0000;BG;GR;3000;000;000;A;SUPERA;0000313248;50;000;000;1037202870061;30092029;7899420507267;-;N;N;90460707;  ;;N;N
0000315166;0000315166;KTRIZ UNO 0,6U/G POM.DERM.10G+ESP.PLAS.;30062020;V;1361;1813;000;0000;0000;0000;BG;GR;1000;000;000;A;SUPERA;0000315166;50;000;000;1037202800029;31102027;7899420507298;-;N;N;90481860;  ;;N;N
0000314305;0000314305;KTRIZ UNO 0,6U/G POM.DERM.30G+ESP.PLAS.;30062020;V;4158;5540;000;0000;0000;0000;BG;GR;3000;000;000;A;SUPERA;0000314305;50;000;000;1037202800045;31102027;7899420507281;-;N;N;90481879;  ;;N;N
0000306836;0000306836;L-CAPS 60CAPS;30062020;F;7264;000;000;1211;0000;0000;CX;CAPS;6000;000;000;A;UNIAO QUIMICA;0000306836;50;000;000;ISENTO;;7896006290360;-;N;S;;  ;;N;S
0000289629;0000289629;L-CARNITINA 120CAPS;29042020;F;19600;000;000;1633;0000;0000;PT;CAPS;12000;000;000;A;VITAFOR;0000289629;50;000;000;ISENTO;;7898949730729; ;N;S;;  ;;N;S
0000289628;0000289628;L-CARNITINA 60CAPS;29042020;F;11600;000;000;1933;0000;0000;PT;CAPS;6000;000;000;A;VITAFOR;0000289628;50;000;000;ISENTO;;7898949730743; ;N;S;;  ;;N;S
0000316341;0000316341;LACO P/CAPTURA 15/20;30072020;F;659000;000;000;0000;0000;0000;PCT;UN;100;000;000;A;HOMACC;0000316341;20;000;000;80102512464;20042030;; ;N;N;100635423;ME;;N;N
0000175714;0000175714;LACO SNARE P/CAPTURA CORPO ESTRANHO;15042013;F;420000;000;000;0000;0000;0000;CX;UN;100;000;000;A;VALFLUX;0000175714;20;000;000;80174300003;28022026;; ;N;N;100884890;ME;SNARE 15/20;N;N
0000304821;0000304821;LACOTEM 100MG 28CPDS REV.;27062020;V;20079;26752;000;7171;9554;0000;CX;CPDS;2800;000;000;A;ZODIAC;0000304821;50;000;000;1221401080057;31102023;7892953003879;-;N;S;90414799;  ;;N;N
0000304822;0000304822;LACOTEM 200MG 28CPDS REV.;27062020;V;39205;52234;000;14002;18655;0000;CX;CPDS;2800;000;000;A;ZODIAC;0000304822;50;000;000;1221401080081;31102023;7892953003909;-;N;S;90414829;  ;;N;N
0000304820;0000304820;LACOTEM 50MG 14CPDS REV.;27062020;V;5015;6681;000;3582;4772;0000;CX;CPDS;1400;000;000;A;ZODIAC;0000304820;50;000;000;1221401080014;31102023;7892953003831;-;N;S;90414756;  ;;N;N
0000124969;0000124969;LAMINA P/DERMATOMO ELETRICO AESCULAP EST.10UNID.;12032021;F;310068;000;000;310068;0000;0000;CX;UN;1000;000;000;P;EFE;0000124969;20;000;800;10243860055;VIGENTE;; ;N;S;70365520;ME;5.BL4245;N;N
0000124968;0000124968;LAMINA P/DERMATOMO ELETRICO D42 HUMECA EST.10UNID.;12032021;F;360180;000;000;360180;0000;0000;CX;UN;1000;000;000;P;EFE;0000124968;20;000;800;10243860055;VIGENTE;; ;N;S;70365504;ME;5.D42BL10;N;N
0000124967;0000124967;LAMINA P/DERMATOMO ELETRICO D80 HUMECA EST.10UNID.;12032021;F;360180;000;000;360180;0000;0000;CX;UN;1000;000;000;P;EFE;0000124967;20;000;800;10243860055;VIGENTE;; ;N;S;70365512;ME;5.D80BL10;N;N
0000077586;0000077586;LAMINA P/DERMATOMO ELETRICO PADGETT EST.10UNID.;12032021;F;450366;000;000;450366;0000;0000;CX;UN;1000;000;000;P;EFE;0000077586;20;000;800;10243860055;VIGENTE;; ;N;S;70365539;ME;5.BLPG10;N;N
0000124971;0000124971;LAMINA P/DERMATOMO ELETRICO ZIMMER EST.10UNID.;12032021;F;621348;000;000;621348;0000;0000;CX;UN;1000;000;000;P;EFE;0000124971;20;000;800;10243860055;VIGENTE;; ;N;S;78229944;ME;5.BLZM10;N;N
0000317353;0000317353;LAMINA P/LARINGOSCOPIO FIBRA OPTICA BIZZARRI NR.3 GIUFRIDA REUT.;09092020;F;250000;000;000;0000;0000;0000;PCT;UN;100;000;000;A;KELP MED;0000317353;20;000;000;81395830009;VIGENTE;; ;N;N;100889832;ME;AL-1456-3;N;N
0000317352;0000317352;LAMINA P/LARINGOSCOPIO FIBRA OPTICA BIZZARRI NR.4 GIUFRIDA REUT.;09092020;F;250000;000;000;0000;0000;0000;PCT;UN;100;000;000;A;KELP MED;0000317352;20;000;000;81395830009;VIGENTE;; ;N;N;100889832;ME;AL-1456-4;N;N
0000298883;0000298883;LAMINA P/TRICOTOMIZADOR CIRURGICO MEDPEX UNIVERSAL;09032021;F;13000;000;000;0000;0000;0000;CX;UN;100;000;000;A;DBI MEDICAL;0000298883;20;000;800;80722800007;VIGENTE;; ;N;N;;MC;SC002;N;N
0000319962;0000319962;LAMINA P/TUNEL CARPO SBRYS;05012021;F;697000;000;000;0000;0000;0000;CX;UN;100;000;000;A;RAZEK;0000319962;20;000;200;80356130191;VIGENTE;; ;N;N;100886841;ME;;N;N
0000321107;0000321107;LAMINA P/VIDEO LARINGOSCOPIO NR.3 ADU.DESC.10UNID.;10032021;F;195000;000;000;195000;0000;0000;PGC;UN;1000;000;000;I;PROMEDICA;0000321107;20;000;000;81194860012;VIGENTE;; ;N;S;101027532;ME;3730;N;N
0000321108;0000321108;LAMINA P/VIDEO LARINGOSCOPIO NR.4 ADU.DESC.10UNID.;10032021;F;195000;000;000;195000;0000;0000;PGC;UN;1000;000;000;I;PROMEDICA;0000321108;20;000;000;81194860012;VIGENTE;; ;N;S;101027532;ME;3740;N;N
0000289815;0000289815;LAMITOR CD 100MG 30CPDS DISP.;09062020;V;5753;7953;000;1918;2651;0000;CX;CPDS;3000;000;000;A;TORRENT;0000289815;50;000;000;1052500730111;30042022;8902220106758;+;N;S;90386949;  ;;N;N
0000289816;0000289816;LAMITOR CD 100MG 60CPDS DISP.;09062020;V;10124;13996;000;1687;2333;0000;CX;CPDS;6000;000;000;A;TORRENT;0000289816;50;000;000;1052500730121;30042022;8903855076393;+;N;S;90386957;  ;;N;N
0000314966;0000314966;LAMITOR CD 100MG 7CPDS DISP.;09062020;V;1295;1790;000;1850;2557;0000;CX;CPDS;700;000;000;A;TORRENT;0000314966;50;000;000;1052500730091;30042027;8903855076133;+;N;S;90386922;  ;;N;N
0000289813;0000289813;LAMITOR CD 25MG 30CPDS DISP.;09062020;V;2242;3100;000;0747;1033;0000;CX;CPDS;3000;000;000;A;TORRENT;0000289813;50;000;000;1052500730030;30042022;8902220106734;+;N;S;90386868;  ;;N;N
0000289814;0000289814;LAMITOR CD 50MG 30CPDS DISP.;09062020;V;3536;4889;000;1179;1630;0000;CX;CPDS;3000;000;000;A;TORRENT;0000289814;50;000;000;1052500730073;30042022;8902220113107;+;N;S;90386906;  ;;N;N
0000306778;0000306778;LAMOTRIGINA 100MG 30CPDS;19062020;V;6505;8993;000;2168;2998;0000;CX;CPDS;3000;000;000;A;SANOFI MEDLEY;0000306778;50;000;000;1832600030118;31052021;7896422546782;+;N;S;90422295;  ;;S;N
0000307044;0000307044;LAMOTRIGINA 100MG 30CPDS;26062020;V;4313;5962;000;1438;1987;0000;CX;CPDS;3000;000;000;A;PRATI-DONADUZZI;0000307044;50;000;000;1256802750137;29022024;7899547509571;+;N;S;90437020;  ;;S;N
0000295553;0000295553;LAMOTRIGINA 100MG 30CPDS DISP.;09062020;V;5580;7715;000;1860;2572;0000;CX;CPDS;3000;000;000;A;TORRENT;0000295553;50;000;000;1052500720116;28022022;8903855076508;+;N;S;90387031;  ;;S;N
0000266610;0000266610;LAMOTRIGINA 100MG BL.INCOLOR 200CPDS(EMB.HOSP.);07072020;F;69915;000;000;3496;0000;0000;CX;CPDS;20000;000;000;A;TEUTO BRAS;0000266610;50;000;000;1037005470050;30112020;7896112138532;+;S;S;90339460;  ;;S;N
0000251216;0000251216;LAMOTRIGINA 100MG BL.INCOLOR 30CPDS;07072020;V;4829;6676;000;1610;2225;0000;CX;CPDS;3000;000;000;A;TEUTO BRAS;0000251216;50;000;000;1037005470026;30112020;7896112138501;+;N;S;90311949;  ;;S;N
0000320073;0000320073;LAMOTRIGINA 100MG PLAST.PVC/PVDC 30CPDS;23122020;V;3575;4942;000;1192;1647;0000;CX;CPDS;3000;000;000;A;ZYDUS NIKKHO;0000320073;50;000;000;1565100800035;31102029;7898940658435;+;N;S;90498968;  ;;S;N
0000307045;0000307045;LAMOTRIGINA 25MG 30CPDS;26062020;V;1892;2316;000;0631;0772;0000;CX;CPDS;3000;000;000;A;PRATI-DONADUZZI;0000307045;50;000;000;1256802750013;29022024;7899547509458;+;N;S;90436903;  ;;S;N
0000315046;0000315046;LAMOTRIGINA 25MG 30CPDS;19062020;V;1959;2708;000;0653;0903;0000;CX;CPDS;3000;000;000;A;SANOFI MEDLEY;0000315046;50;000;000;1832600030071;28022026;7896422546775;+;N;S;90422279;  ;;S;N
0000320071;0000320071;LAMOTRIGINA 25MG 30CPDS;23122020;V;1715;2370;000;0572;0790;0000;CX;CPDS;3000;000;000;A;ZYDUS NIKKHO;0000320071;50;000;000;1565100800019;31102029;7898940658411;+;N;S;90498976;  ;;S;N
0000295554;0000295554;LAMOTRIGINA 25MG 30CPDS DISP.;09062020;V;2329;3220;000;0776;1073;0000;CX;CPDS;3000;000;000;A;TORRENT;0000295554;50;000;000;1052500720035;28022022;8903855076423;+;N;S;90387074;  ;;S;N
0000298536;0000298536;LAMOTRIGINA 50MG 30CPDS;19062020;V;3545;4901;000;1182;1634;0000;CX;CPDS;3000;000;000;A;SANOFI MEDLEY;0000298536;50;000;000;1832600030096;31052021;7896422546751;+;N;S;90422287;  ;;S;N
0000307046;0000307046;LAMOTRIGINA 50MG 30CPDS;26062020;V;2419;3344;000;0806;1115;0000;CX;CPDS;3000;000;000;A;PRATI-DONADUZZI;0000307046;50;000;000;1256802750072;29022024;7899547509519;+;N;S;90436962;  ;;S;N
0000320072;0000320072;LAMOTRIGINA 50MG 30CPDS;23122020;V;2115;2923;000;0705;0974;0000;CX;CPDS;3000;000;000;A;ZYDUS NIKKHO;0000320072;50;000;000;1565100800027;31102029;7898940658428;+;N;S;90498984;  ;;S;N
0000295555;0000295555;LAMOTRIGINA 50MG 30CPDS DISP.;09062020;V;3845;5316;000;1282;1772;0000;CX;CPDS;3000;000;000;A;TORRENT;0000295555;50;000;000;1052500720078;28022022;8903855076461;+;N;S;90386965;  ;;S;N
0000316838;0000316838;LANCETA P/PUNCAO SANGUE C/DISPOSITIVO SEGURANCA 28GA RMDESC;26082020;F;200;000;000;0000;0000;0000;CX;UN;100;000;000;A;RIOPASA;0000316838;20;000;000;80263400089;VIGENTE;7898923040813; ;N;N;100886124;MC;2240;N;N
0000294918;0000294918;LANELI DHA 60CAPS GEL.MOLE;19062020;F;7260;000;000;1210;0000;0000;CX;CAPS;6000;000;000;A;SANOFI MEDLEY;0000294918;50;000;000;ISENTO;;7896422504409;-;N;S;;  ;;N;N
0000269553;0000269553;LANICO 400+57MG/5ML SUSP.FR.70ML+SER.DOSAD;30062020;V;4451;6153;000;0636;0879;0000;FR;ML;7000;000;000;A;SUPERA;0000269553;50;000;000;1037202360010;28022020;7899420506185;+;N;S;90329732;  ;;N;N
0000296913;0000296913;LANICO 875+125MG 14CPDS REV.;30062020;V;6262;8657;000;4473;6184;0000;CX;CPDS;1400;000;000;A;SUPERA;0000296913;50;000;000;1037202770049;06032022;7899420506635;+;N;S;90390458;  ;;N;N
0000296914;0000296914;LANICO 875+125MG 20CPDS REV.;30062020;V;8915;12324;000;4458;6162;0000;CX;CPDS;2000;000;000;A;SUPERA;0000296914;50;000;000;1037202770057;06032022;7899420506642;+;N;S;90390440;  ;;N;N
0000253715;0000253715;LANSOPRAZOL 30MG LIB.RETARD.28CAPS GEL DURA;26062020;V;6148;8499;000;2196;3035;0000;CX;CAPS;2800;000;000;A;PRATI-DONADUZZI;0000253715;50;000;000;1256802110030;31072024;7899547505436;+;N;S;90355105;  ;;S;N
0000319611;0000319611;LAVIE 50MG/ML XPE.100ML+COPO MED.;08122020;V;825;1140;000;0083;0114;0000;FR;ML;10000;000;000;A;PRATI-DONADUZZI;0000319611;50;000;000;1256802870027;31082029;7899547532258;+;N;S;90477553;  ;;N;N
0000306841;0000306841;LEIBA 20CPDS MAST.SABOR LARANJA;30062020;F;3825;000;000;1913;0000;0000;CX;CPDS;2000;000;000;A;UNIAO QUIMICA;0000306841;50;000;000;ISENTO;;7896006203094;-;N;S;;  ;;N;S
0000306843;0000306843;LEIBA 30CAPS GEL.MOLE;09042019;F;7007;000;000;2336;0000;0000;CX;CAPS;3000;000;000;A;UNIAO QUIMICA;0000306843;50;000;000;ISENTO;;7896006211617;-;N;S;;  ;;N;S
0000306842;0000306842;LEIBA 6SACH.4G SABOR LARANJA;30062020;F;2261;000;000;3768;0000;0000;CX;SACH;600;000;000;A;UNIAO QUIMICA;0000306842;50;000;000;ISENTO;;7896006203186;-;N;S;;  ;;N;S
0000311697;0000311697;LEMOL 2,5MG 30CPDS;30062020;V;58255;80534;000;19418;26845;0000;CX;CPDS;3000;000;000;A;ZYDUS NIKKHO;0000311697;50;000;000;1565100600011;30062021;7898940658039;+;N;S;90442962;  ;;N;N
0000253543;0000253543;LEMTRADA 10MG/ML SOL.10ML;16062020;V;3636593;5027376;000;3636593;5027376;0000;FR;ML;1000;000;000;A;SANOFI MEDLEY;0000253543;50;000;000;1130011930016;31032024;7898328480504;+;N;S;90395611;  ;;N;N
0000271441;0000271441;LENAZEN 0,1MG/ML SOL.INJ.5AMP 5ML(EMB.HOSP.);23062020;F;76700;000;000;153400;0000;0000;CX;AMP;500;000;000;A;TEUTO BRAS;0000271441;50;000;000;1037006500034;30092020;7896112173618;+;S;S;90350855;  ;;N;N
0000318949;0000318949;LENTE CONTATO ESCLERA SG C/HYDRA PEG;11032021;F;451600;000;000;0000;0000;0000;   ;UN;100;000;000;P;MEDIPHACOS;0000318949;20;000;000;10161020027;VIGENTE;; ;N;N;;OT;LCESCLERASGH;N;N
0000318950;0000318950;LENTE CONTATO ESCLERA SG C/HYDRA PEG PERIFERIA TORICA;11032021;F;451600;000;000;0000;0000;0000;   ;UN;100;000;000;P;MEDIPHACOS;0000318950;20;000;000;10161020027;VIGENTE;; ;N;N;;OT;LCESCLERASGTPH;N;N
0000318951;0000318951;LENTE CONTATO ESCLERA SG C/HYDRA PEG PERIFERIA TORICA FRONTAL;11032021;F;451600;000;000;0000;0000;0000;   ;UN;100;000;000;P;MEDIPHACOS;0000318951;20;000;000;10161020027;VIGENTE;; ;N;N;;OT;LCESCLERASGFTH;N;N
0000258414;0000258414;LENTE CONTATO MEDICON BE FREE FAIXA UNICA;11032021;F;65200;000;000;0000;0000;0000;   ;UN;100;000;000;P;MEDIPHACOS;0000258414;20;000;000;10161020027;VIGENTE;7899330009820; ;N;N;;OT;LCBFREE;N;N
0000258411;0000258411;LENTE CONTATO MEDICON C AZUL;11032021;F;9400;000;000;0000;0000;0000;   ;UN;100;000;000;P;MEDIPHACOS;0000258411;20;000;000;10161020027;VIGENTE;7899330009707; ;N;N;;OT;LCMC;N;N
0000258419;0000258419;LENTE CONTATO MEDICON EQUALENS;11032021;F;34500;000;000;0000;0000;0000;   ;UN;100;000;000;P;MEDIPHACOS;0000258419;20;000;000;10161020027;VIGENTE;7899330009769; ;N;N;;OT;LCEQU;N;N
0000171701;0000171701;LENTE CONTATO MEDICON ESCLERA;11032021;F;420900;000;000;0000;0000;0000;   ;UN;100;000;000;P;MEDIPHACOS;0000171701;20;000;000;10161020027;VIGENTE;; ;N;N;;OT;LCESCLERA;N;N
0000304755;0000304755;LENTE CONTATO MEDICON ESCLERA C/HIDRA-PEG;11032021;F;496800;000;000;0000;0000;0000;   ;UN;100;000;000;P;MEDIPHACOS;0000304755;20;000;000;10161020027;VIGENTE;; ;N;N;;OT;LCESCLERAH;N;N
0000304756;0000304756;LENTE CONTATO MEDICON ESCLERA PERIFERIA TORICA C/HIDRA-PEG;11032021;F;496800;000;000;0000;0000;0000;   ;UN;100;000;000;P;MEDIPHACOS;0000304756;20;000;000;10161020027;VIGENTE;; ;N;N;;OT;LCESCLERATPH;N;N
0000276498;0000276498;LENTE CONTATO MEDICON ESCLERA PERIFERIA TORICA FRONTAL;11032021;F;420900;000;000;0000;0000;0000;CX;UN;100;000;000;P;MEDIPHACOS;0000276498;20;000;000;10161020027;VIGENTE;; ;N;N;;OT;LCESCLERAFT;N;N
0000304757;0000304757;LENTE CONTATO MEDICON ESCLERA PERIFERIA TORICA FRONTAL C/HIDRA-PEG;11032021;F;496800;000;000;0000;0000;0000;   ;UN;100;000;000;P;MEDIPHACOS;0000304757;20;000;000;10161020027;VIGENTE;; ;N;N;;OT;LCESCLERAFTH;N;N
0000276496;0000276496;LENTE CONTATO MEDICON ESCLERA PERIFERIA TORICA POSTERIOR;11032021;F;420900;000;000;0000;0000;0000;CX;UN;100;000;000;P;MEDIPHACOS;0000276496;20;000;000;10161020027;VIGENTE;; ;N;N;;OT;LCESCLERATP;N;N
0000171698;0000171698;LENTE CONTATO MEDICON HR;11032021;F;34500;000;000;0000;0000;0000;   ;UN;100;000;000;P;MEDIPHACOS;0000171698;20;000;000;10161020027;VIGENTE;; ;N;N;;OT;LCHR1;N;N
0000304761;0000304761;LENTE CONTATO MEDICON HR C/HIDRA-PEG;11032021;F;59500;000;000;0000;0000;0000;   ;UN;100;000;000;P;MEDIPHACOS;0000304761;20;000;000;10161020027;VIGENTE;; ;N;N;;OT;LCHR1H;N;N
0000258396;0000258396;LENTE CONTATO MEDICON ROSE K2 C/ACT;11032021;F;287500;000;000;0000;0000;0000;   ;UN;100;000;000;P;MEDIPHACOS;0000258396;20;000;000;10161020027;VIGENTE;7899330009677; ;N;N;;OT;LCROSEKACT;N;N
0000258394;0000258394;LENTE CONTATO MEDICON ROSE K2 C/TP;11032021;F;287500;000;000;0000;0000;0000;   ;UN;100;000;000;P;MEDIPHACOS;0000258394;20;000;000;10161020027;VIGENTE;7899330009660; ;N;N;;OT;LCROSEKTP;N;N
0000258392;0000258392;LENTE CONTATO MEDICON ROSE K2 FAIXA UNICA;11032021;F;287500;000;000;0000;0000;0000;   ;UN;100;000;000;P;MEDIPHACOS;0000258392;20;000;000;10161020027;VIGENTE;7899330009684; ;N;N;;OT;LCROSEK;N;N
0000258403;0000258403;LENTE CONTATO MEDICON ROSE K2 IC C/ACT;11032021;F;287500;000;000;0000;0000;0000;   ;UN;100;000;000;P;MEDIPHACOS;0000258403;20;000;000;10161020027;VIGENTE;7899330009646; ;N;N;;OT;LCROSEK2ICACT;N;N
0000258402;0000258402;LENTE CONTATO MEDICON ROSE K2 IC C/TP;11032021;F;287500;000;000;0000;0000;0000;   ;UN;100;000;000;P;MEDIPHACOS;0000258402;20;000;000;10161020027;VIGENTE;7899330009639; ;N;N;;OT;LCROSEK2ICTP;N;N
0000258398;0000258398;LENTE CONTATO MEDICON ROSE K2 IC FAIXA UNICA;11032021;F;287500;000;000;0000;0000;0000;   ;UN;100;000;000;P;MEDIPHACOS;0000258398;20;000;000;10161020027;VIGENTE;7899330009653; ;N;N;;OT;LCROSEK2IC;N;N
0000276506;0000276506;LENTE CONTATO MEDICON ROSE K2 NC(NIPPLE CONE);11032021;F;287500;000;000;0000;0000;0000;CX;UN;100;000;000;P;MEDIPHACOS;0000276506;20;000;000;10161020027;VIGENTE;; ;N;N;;OT;LCROSEKNC;N;N
0000258408;0000258408;LENTE CONTATO MEDICON ROSE K2 PG C/ACT;11032021;F;287500;000;000;0000;0000;0000;   ;UN;100;000;000;P;MEDIPHACOS;0000258408;20;000;000;10161020027;VIGENTE;7899330009615; ;N;N;;OT;LCROSEK2PGACT;N;N
0000258407;0000258407;LENTE CONTATO MEDICON ROSE K2 PG C/TP;11032021;F;287500;000;000;0000;0000;0000;   ;UN;100;000;000;P;MEDIPHACOS;0000258407;20;000;000;10161020027;VIGENTE;7899330009608; ;N;N;;OT;LCROSEK2PGTP;N;N
0000258405;0000258405;LENTE CONTATO MEDICON ROSE K2 PG FAIXA UNICA;11032021;F;287500;000;000;0000;0000;0000;   ;UN;100;000;000;P;MEDIPHACOS;0000258405;20;000;000;10161020027;VIGENTE;7899330009622; ;N;N;;OT;LCROSEK2PG;N;N
0000276501;0000276501;LENTE CONTATO MEDICON ROSE K2 XL(EXTRA LARGE);11032021;F;402500;000;000;0000;0000;0000;CX;UN;100;000;000;P;MEDIPHACOS;0000276501;20;000;000;10161020027;VIGENTE;; ;N;N;;OT;LCROSEK2XL;N;N
0000276504;0000276504;LENTE CONTATO MEDICON ROSE K2 XL(EXTRA LARGE)ACT;11032021;F;402500;000;000;0000;0000;0000;CX;UN;100;000;000;P;MEDIPHACOS;0000276504;20;000;000;10161020027;VIGENTE;; ;N;N;;OT;LCROSEK2XLACT;N;N
0000276503;0000276503;LENTE CONTATO MEDICON ROSE K2 XL(EXTRA LARGE)PERIFERICA TORICA;11032021;F;402500;000;000;0000;0000;0000;CX;UN;100;000;000;P;MEDIPHACOS;0000276503;20;000;000;10161020027;VIGENTE;; ;N;N;;OT;LCROSEK2XLTP;N;N
0000276505;0000276505;LENTE CONTATO MEDICON ROSE K2 XL(EXTRA LARGE)TORICA;11032021;F;402500;000;000;0000;0000;0000;CX;UN;100;000;000;P;MEDIPHACOS;0000276505;20;000;000;10161020027;VIGENTE;; ;N;N;;OT;LCROSEK2XLFT;N;N
0000258418;0000258418;LENTE CONTATO MEDICON XO;11032021;F;34500;000;000;0000;0000;0000;   ;UN;100;000;000;P;MEDIPHACOS;0000258418;20;000;000;10161020027;VIGENTE;7899330009585; ;N;N;;OT;LCXO;N;N
0000276507;0000276507;LENTE CONTATO OPTIMUM XC;11032021;F;178300;000;000;0000;0000;0000;CX;UN;100;000;000;P;MEDIPHACOS;0000276507;20;000;000;10161020027;VIGENTE;; ;N;N;;OT;LCOPTIMUMXC;N;N
0000304758;0000304758;LENTE CONTATO OPTIMUM XC C/HIDRA-PEG;11032021;F;270300;000;000;0000;0000;0000;   ;UN;100;000;000;P;MEDIPHACOS;0000304758;20;000;000;10161020027;VIGENTE;; ;N;N;;OT;LCOPTIMUMXCH;N;N
0000304759;0000304759;LENTE CONTATO OPTIMUM XC PERIFERIA TORICA C/HIDRA-PEG;11032021;F;270300;000;000;0000;0000;0000;   ;UN;100;000;000;P;MEDIPHACOS;0000304759;20;000;000;10161020027;VIGENTE;; ;N;N;;OT;LCOPTIMUMXC TPH;N;N
0000304760;0000304760;LENTE CONTATO OPTIMUM XC PERIFERIA TORICA FRONTAL C/HIDRA-PEG;11032021;F;270300;000;000;0000;0000;0000;   ;UN;100;000;000;P;MEDIPHACOS;0000304760;20;000;000;10161020027;VIGENTE;; ;N;N;;OT;LCOPTIMUMXC FTH;N;N
0000304743;0000304743;LENTE CONTATO ROSE K2 C/ACT C/HIDRA-PEG;11032021;F;383100;000;000;0000;0000;0000;   ;UN;100;000;000;P;MEDIPHACOS;0000304743;20;000;000;10161020027;VIGENTE;; ;N;N;;OT;LCROSEK ACTH;N;N
0000304742;0000304742;LENTE CONTATO ROSE K2 C/TP C/HIDRA-PEG;11032021;F;383100;000;000;0000;0000;0000;   ;UN;100;000;000;P;MEDIPHACOS;0000304742;20;000;000;10161020027;VIGENTE;; ;N;N;;OT;LCROSEK TPH;N;N
0000304741;0000304741;LENTE CONTATO ROSE K2 FAIXA UNICA C/HIDRA-PEG;11032021;F;383100;000;000;0000;0000;0000;   ;UN;100;000;000;P;MEDIPHACOS;0000304741;20;000;000;10161020027;VIGENTE;; ;N;N;;OT;LCROSEKH;N;N
0000304750;0000304750;LENTE CONTATO ROSE K2 IC C/ATC C/HIDRA-PEG;11032021;F;383100;000;000;0000;0000;0000;   ;UN;100;000;000;P;MEDIPHACOS;0000304750;20;000;000;10161020027;VIGENTE;; ;N;N;;OT;LCROSEK2IC ACTH;N;N
0000304749;0000304749;LENTE CONTATO ROSE K2 IC C/TP C/HIDRA-PEG;11032021;F;383100;000;000;0000;0000;0000;   ;UN;100;000;000;P;MEDIPHACOS;0000304749;20;000;000;10161020027;VIGENTE;; ;N;N;;OT;LCROSEK2IC TPH;N;N
0000304748;0000304748;LENTE CONTATO ROSE K2 IC FAIXA UNICA C/HIDRA-PEG;11032021;F;383100;000;000;0000;0000;0000;   ;UN;100;000;000;P;MEDIPHACOS;0000304748;20;000;000;10161020027;VIGENTE;; ;N;N;;OT;LCROSEK2ICH;N;N
0000304744;0000304744;LENTE CONTATO ROSE K2 NC(NIPPLE CONE)C/HIDRA-PEG;11032021;F;383100;000;000;0000;0000;0000;   ;UN;100;000;000;P;MEDIPHACOS;0000304744;20;000;000;10161020027;VIGENTE;; ;N;N;;OT;LCROSEKNCH;N;N
0000304747;0000304747;LENTE CONTATO ROSE K2 PG C/ACT C/HIDRA-PEG;11032021;F;383100;000;000;0000;0000;0000;   ;UN;100;000;000;P;MEDIPHACOS;0000304747;20;000;000;10161020027;VIGENTE;; ;N;N;;OT;LCROSEK2PG ACTH;N;N
0000304746;0000304746;LENTE CONTATO ROSE K2 PG C/TP C/HIDRA-PEG;11032021;F;383100;000;000;0000;0000;0000;   ;UN;100;000;000;P;MEDIPHACOS;0000304746;20;000;000;10161020027;VIGENTE;; ;N;N;;OT;LCROSEK2PG TPH;N;N
0000304745;0000304745;LENTE CONTATO ROSE K2 PG FAIXA UNICA C/HIDRA-PEG;11032021;F;383100;000;000;0000;0000;0000;   ;UN;100;000;000;P;MEDIPHACOS;0000304745;20;000;000;10161020027;VIGENTE;; ;N;N;;OT;LCROSEK2PGH;N;N
0000304753;0000304753;LENTE CONTATO ROSE K2 XL(EXTRA LARGE)ACT C/HIDRA-PEG;11032021;F;530300;000;000;0000;0000;0000;   ;UN;100;000;000;P;MEDIPHACOS;0000304753;20;000;000;10161020027;VIGENTE;; ;N;N;;OT;LCROSEK2XL ACTH;N;N
0000304751;0000304751;LENTE CONTATO ROSE K2 XL(EXTRA LARGE)C/HIDRA-PEG;11032021;F;530300;000;000;0000;0000;0000;   ;UN;100;000;000;P;MEDIPHACOS;0000304751;20;000;000;10161020027;VIGENTE;; ;N;N;;OT;LCROSEK2XLH;N;N
0000304752;0000304752;LENTE CONTATO ROSE K2 XL(EXTRA LARGE)PERIFERIA TORICA C/HIDRA-PEG;11032021;F;530300;000;000;0000;0000;0000;   ;UN;100;000;000;P;MEDIPHACOS;0000304752;20;000;000;10161020027;VIGENTE;; ;N;N;;OT;LCROSEK2XL TPH;N;N
0000304754;0000304754;LENTE CONTATO ROSE K2 XL(EXTRA LARGE)TORICA C/HIDRA-PEG;11032021;F;530300;000;000;0000;0000;0000;   ;UN;100;000;000;P;MEDIPHACOS;0000304754;20;000;000;10161020027;VIGENTE;; ;N;N;;OT;LCROSEK2XL FTH;N;N
0000171680;0000171680;LENTE INTRAOCULAR IOFLEX FAIXA ESPEC.+5D A +9.50D/+31D A +35D;11032021;F;154000;000;000;0000;0000;0000;   ;UN;100;000;000;P;MEDIPHACOS;0000171680;20;000;000;10161020013;22102024;; ;N;N;73675032;PT;IOF ESP;N;N
0000047507;0000047507;LENTE INTRAOCULAR IOFLEX FAIXA REG.+10D A +30D;11032021;F;132000;000;000;0000;0000;0000;   ;UN;100;000;000;P;MEDIPHACOS;0000047507;20;000;000;10161020013;22102024;; ;N;N;70370150;PT;IOF REG;N;N
0000258292;0000258292;LENTE INTRAOCULAR SERIE GOLD FAIXA ESPEC.-10D A +9D/+29D A +35D;11032021;F;54000;000;000;0000;0000;0000;   ;UN;100;000;000;P;MEDIPHACOS;0000258292;20;000;000;10161020022;27112026;7899330002432; ;N;N;73675377;PT;KL100 ESP;N;N
0000258293;0000258293;LENTE INTRAOCULAR SERIE GOLD FAIXA ESPEC.-10D A +9D/+29D A +35D;11032021;F;54000;000;000;0000;0000;0000;CX;UN;100;000;000;P;MEDIPHACOS;0000258293;20;000;000;10161020022;27112026;7899330005136; ;N;N;;PT;OP72 ESP;N;N
0000258298;0000258298;LENTE INTRAOCULAR SERIE GOLD FAIXA ESPEC.-10D A +9D/+29D A +35D;11032021;F;54000;000;000;0000;0000;0000;CX;UN;100;000;000;P;MEDIPHACOS;0000258298;20;000;000;10161020022;27112026;7899330008441; ;N;N;;PT;SLIM ESP;N;N
0000258295;0000258295;LENTE INTRAOCULAR SERIE GOLD FAIXA ESPEC.10D A +9D/+29D A +35D;11032021;F;54000;000;000;0000;0000;0000;   ;UN;100;000;000;P;MEDIPHACOS;0000258295;20;000;000;10161020022;27112026;7899330006263; ;N;N;73675377;PT;SF70H ESP;N;N
0004949074;0004949074;LENTE INTRAOCULAR SERIE GOLD FAIXA REG.+10D A +28D;11032021;F;54000;000;000;0000;0000;0000;   ;UN;100;000;000;P;MEDIPHACOS;0004949074;20;000;000;10161020022;27112026;; ;N;N;70370222;PT;KL100 REG;N;N
0000307161;0000307161;LENVIMA 10MG 30CAPS DURA;30062020;V;868343;1156901;000;289448;385634;0000;CX;CAPS;3000;000;000;A;UNITED MEDICAL;0000307161;50;000;000;1257600270035;31082026;7898054580110;-;N;S;90443128;  ;;N;N
0000307164;0000307164;LENVIMA 4MG 30CAPS DURA;30062020;V;352476;469607;000;117492;156536;0000;CX;CAPS;3000;000;000;A;UNITED MEDICAL;0000307164;50;000;000;1257600270051;31082026;7898054580127;-;N;S;90443136;  ;;N;N
0000263786;0000263786;LESTALGYN 0,4+0,05MG/ML 120ML+COP.MED.;07072020;V;1553;2069;000;0129;0172;0000;FR;ML;12000;000;000;A;TEUTO BRAS;0000263786;50;000;000;1037006420057;30082020;7896112122289;-;N;S;90339193;  ;;N;N
0000269554;0000269554;LESTER 2MG 10CPDS REV.;30062020;V;3055;4070;000;3055;4070;0000;CX;CPDS;1000;000;000;A;SUPERA;0000269554;50;000;000;1037202450028;30042020;7899420505768;-;N;S;90329791;  ;;N;N
0000269555;0000269555;LESTER 2MG 30CPDS REV.;30062020;V;9169;12216;000;3056;4072;0000;CX;CPDS;3000;000;000;A;SUPERA;0000269555;50;000;000;1037202450044;30042020;7899420505782;-;N;S;90329805;  ;;N;N
0000306815;0000306815;LETROZOL 2,5MG 28CPDS REV.;07072020;V;44584;61635;000;15923;22013;0000;CX;CPDS;2800;000;000;A;SUN FARMACEUTICA;0000306815;50;000;000;1468200600011;31012023;7898524981881;+;N;S;90413431;  ;;S;N
0000303952;0000303952;LETROZOL 2,5MG 30CPDS REV.;30062020;V;58255;80534;000;19418;26845;0000;CX;CPDS;3000;000;000;A;ZYDUS NIKKHO;0000303952;50;000;000;1565100550012;30102020;7898940658947;+;N;S;90414918;  ;;S;N
0000267829;0000267829;LEVOFLOXACINO 500MG 10CPDS;07072020;V;5201;7190;000;5201;7190;0000;CX;CPDS;1000;000;000;A;TEUTO BRAS;0000267829;50;000;000;1037006600047;31122020;7896112160526;+;N;S;90339509;  ;;S;N
0000296970;0000296970;LEVOFLOXACINO 500MG 10CPDS REV.;26062020;V;5106;7059;000;5106;7059;0000;CX;CPDS;1000;000;000;A;PRATI-DONADUZZI;0000296970;50;000;000;1256802600046;31072022;7899547528459;+;N;S;90385381;  ;;S;N
0000297713;0000297713;LEVOFLOXACINO 500MG 280CPDS REV.(EMB.HOSP.);26062020;F;406738;000;000;14526;0000;0000;CX;CPDS;28000;000;000;A;PRATI-DONADUZZI;0000297713;50;000;000;1256802600119;31072022;7899547528527;+;S;S;90385390;  ;;S;N
0000267828;0000267828;LEVOFLOXACINO 500MG 7CPDS;07072020;V;3325;4597;000;4750;6567;0000;CX;CPDS;700;000;000;A;TEUTO BRAS;0000267828;50;000;000;1037006600039;31122020;7896112160519;+;N;S;90339495;  ;;S;N
0000296971;0000296971;LEVOFLOXACINO 500MG 7CPDS REV.;26062020;V;3230;4465;000;4614;6379;0000;CX;CPDS;700;000;000;A;PRATI-DONADUZZI;0000296971;50;000;000;1256802600038;31072022;7899547528442;+;N;S;90385373;  ;;S;N
0000292632;0000292632;LEVOFLOXACINO HEMIIDRATADO 500MG 10CPDS REV.;19062020;V;5729;7920;000;5729;7920;0000;CX;CPDS;1000;000;000;A;SANOFI MEDLEY;0000292632;50;000;000;1832602870024;30052022;7896422504225;+;N;S;90391888;  ;;S;N
0000292631;0000292631;LEVOFLOXACINO HEMIIDRATADO 500MG 7CPDS REV.;19062020;V;4002;5533;000;5717;7904;0000;CX;CPDS;700;000;000;A;SANOFI MEDLEY;0000292631;50;000;000;1832602870016;30052022;7896422504218;+;N;S;90391870;  ;;S;N
0000277767;0000277767;LEXAPRASS 10MG 70CPDS(EMB.HOSP.);23062020;F;35912;000;000;5130;0000;0000;CX;CPDS;7000;000;000;A;TEUTO BRAS;0000277767;50;000;000;1037006060123;28022024;7896112157700;+;S;S;90367227;  ;;N;N
0000277768;0000277768;LEXAPRASS 20MG 70CPDS(EMB.HOSP.);23062020;F;68584;000;000;9798;0000;0000;CX;CPDS;7000;000;000;A;TEUTO BRAS;0000277768;50;000;000;1037006060263;28022024;7896112157809;+;S;S;90367480;  ;;N;N
0000276768;0000276768;LEXIN 500MG 10CPDS;07072020;V;1621;2241;000;1621;2241;0000;CX;CPDS;1000;000;000;A;TEUTO BRAS;0000276768;50;000;000;1037006550074;30102020;7896112120940;+;N;S;90370309;  ;;N;N
0000276767;0000276767;LEXIN 500MG 8CPDS;07072020;V;1361;1882;000;1701;2353;0000;CX;CPDS;800;000;000;A;TEUTO BRAS;0000276767;50;000;000;1037006550015;30102020;7896112199335;+;N;S;90359607;  ;;N;N
0000271997;0000271997;LEXIN 50MG/ML SUSP.100ML+CP.MED.;07072020;V;2502;3459;000;0250;0346;0000;FR;ML;10000;000;000;A;TEUTO BRAS;0000271997;50;000;000;1037006470021;30092020;7896112197317;+;N;S;90339177;  ;;N;N
0000302244;0000302244;LIBERFEM 2+0,03MG 21CPDS REV.;27062020;V;2857;3949;000;0000;0000;0000;CX;CPDS;2100;000;000;A;ZODIAC;0000302244;50;000;000;1221401060013;30042023;7892953003381;+;N;N;90414616;  ;;N;N
0000302245;0000302245;LIBERFEM 2+0,03MG 63CPDS REV.;27062020;V;7803;10787;000;0000;0000;0000;CX;CPDS;6300;000;000;A;ZODIAC;0000302245;50;000;000;1221401060021;30042023;7892953003398;+;N;N;90414624;  ;;N;N
0000310613;0000310613;LIBTAYO 350MG SOL.DIL.INFUS.1FA 7ML;30062020;F;3450515;000;000;0000;0000;0000;CX;FA;100;000;000;A;SANOFI MEDLEY;0000310613;50;000;000;1832603030011;31032024;7891058022440;-;N;N;90439295;  ;;N;N
0000256132;0000256132;LICOXID 5G 30CAPS GEL.MOLE;30062020;F;4076;000;000;1359;0000;0000;CX;CAPS;3000;000;000;A;ZYDUS NIKKHO;0000256132;50;000;000;6258200140016;;7897460401385; ;N;S;;  ;;N;N
0000320103;0000320103;LIDOJET 20MG/ML SOL.INJ.10FA 20ML;05012021;F;5453;000;000;5453;0000;0000;CX;FA;1000;000;000;A;UNIAO QUIMICA;0000320103;50;000;000;1049701110064;28022027;7896006263630;+;S;S;90495039;  ;;N;N
0000302550;0000302550;LIDOJET 20MG/ML SOL.INJ.12FA 20ML SAFETY PACK;30062020;F;6543;000;000;5453;0000;0000;CX;FA;1200;000;000;A;UNIAO QUIMICA;0000302550;50;000;000;1049701110056;28022022;7896006263623;+;N;S;90414217;  ;;N;N
0000269276;0000269276;LINEZOLIDA 2MG/ML SOL.IINFUS.10BOL.SIST.FECH.300ML;30062020;V;194743;269220;000;194743;269220;0000;CX;BOL;1000;000;000;A;WYETH;0000269276;50;000;000;1211004560098;30062024;7891045025898;+;N;S;90453689;  ;;S;N
0000297179;0000297179;LINEZOLIDA 2MG/ML SOL.INJ.10ENV.300ML;07072020;F;194744;000;000;194744;0000;0000;CX;ENV;1000;000;000;A;SUN FARMACEUTICA;0000297179;50;000;000;1468200570031;17072022;7898524981744;+;S;S;90386515;  ;;S;N
0000313279;0000313279;LINHA SANGUE ARTERIAL VENOSA C/PINCA ROLETE SET P/HEMODIALISE;28012021;F;9586;000;000;0000;0000;0000;BL;UN;100;000;000;A;FRESENIUS MEDIC.CARE;0000313279;20;000;000;80133950144;VIGENTE;; ;N;N;100884237;MC;BR00000244;N;N
0000307504;0000307504;LIPIDEOS OLEO OLIVA 20% 1ML;03072020;F;133;000;000;0000;0000;0000;BOL;ML;100;000;000;A;SOLUS SOLUCOES;0000307504;50;000;000;ISENTO;;; ;S;N;;  ;;N;N
0000307505;0000307505;LIPIDEOS OLEO PEIXE 10% 1ML;03072020;F;303;000;000;0000;0000;0000;BOL;ML;100;000;000;A;SOLUS SOLUCOES;0000307505;50;000;000;ISENTO;;; ;S;N;;  ;;N;N
0000279507;0000279507;LIPIDEOS OLEO PEIXE 10%+OLIVA+COMB.20% 1ML;03072020;F;678;000;000;0000;0000;0000;BOL;ML;100;000;000;A;SOLUS SOLUCOES;0000279507;50;000;000;ISENTO;;; ;S;N;;  ;;N;N
0000309374;0000309374;LIPISTAT 10MG 20CPDS REV.;07072020;V;3824;5286;000;1912;2643;0000;CX;CPDS;2000;000;000;A;SIGMA PHARMA;0000309374;50;000;000;1356906970016;31122021;7894916508193;+;N;S;90434129;  ;;N;N
0000309375;0000309375;LIPISTAT 20MG 20CPDS REV.;07072020;V;3824;5286;000;1912;2643;0000;CX;CPDS;2000;000;000;A;SIGMA PHARMA;0000309375;50;000;000;1356906970075;31122021;7894916509619;+;N;S;90434137;  ;;N;N
0000317217;0000317217;LIRIS 5MG/ML SOL.OFT.GTS.10ML;01092020;V;2055;2738;000;0000;0000;0000;FR;ML;1000;000;000;A;UNIAO QUIMICA;0000317217;50;000;000;1049714450020;31082030;7898636192182;-;N;N;90493710;  ;;N;N
0000298772;0000298772;LIROMAG PO 50+2,8MG 30SACHES;09072019;F;4292;000;000;1431;0000;0000;CX;SACH;3000;000;000;A;SIGMA PHARMA;0000298772;50;000;000;ISENTO;;7894916512251; ;N;S;;  ;;N;S
0000315228;0000315228;LIVIAL 2,5MG 84CPDS;30062020;V;14337;19820;000;1707;2360;0000;CX;CPDS;8400;000;000;A;SCHERING PLOUGH;0000315228;50;000;000;1017100720064;31122029;7897572001596;+;N;S;90369785;  ;;N;N
0000317211;0000317211;LIVIAL 2,5MG BL.AL.PLAS.PVDC.28CPDS;01092020;V;6783;9377;000;2423;3349;0000;CX;CPDS;2800;000;000;A;SCHERING PLOUGH;0000317211;50;000;000;1017100720056;31122029;7897572001589;+;N;S;90369777;  ;;N;N
0000257157;0000257157;LIZZY 0,06+0,015MG 72CPDS REV.;30062020;V;7172;9915;000;0996;1377;0000;CX;CPDS;7200;000;000;A;SANDOZ;0000257157;50;000;000;1004704780036;31052020;7897595614025;+;N;S;90310306;  ;;N;N
0000269411;0000269411;LONQUEX 10MG/ML SER.PREENC.0,6ML+DISP.SEG.;19062020;F;454248;000;000;0000;0000;0000;CX;SER;100;000;000;A;TEVA;0000269411;50;000;000;1557300320028;30042020;7898587900171;-;S;N;90325818;  ;;N;N
0000319828;0000319828;LONSURF® 15+6,14MG 20CPDS REV.;15122020;V;331280;441367;000;165640;220684;0000;CX;CPDS;2000;000;000;A;SERVIER;0000319828;50;000;000;1127800830011;31032030;7898029550261;-;N;S;90491335;  ;;N;N
0000319825;0000319825;LONSURF® 15+6,14MG 60CPDS REV.;15122020;V;993840;1324101;000;165640;220684;0000;CX;CPDS;6000;000;000;A;SERVIER;0000319825;50;000;000;1127800830028;31032030;7898029550278;-;N;S;90489730;  ;;N;N
0000319826;0000319826;LONSURF® 20+8,19MG 20CPDS REV.;15122020;V;441863;588698;000;220932;294349;0000;CX;CPDS;2000;000;000;A;SERVIER;0000319826;50;000;000;1127800830036;31032030;7898029550285;-;N;S;90489748;  ;;N;N
0000319827;0000319827;LONSURF® 20+8,19MG 60CPDS REV.;15122020;V;1325590;1766095;000;220932;294349;0000;CX;CPDS;6000;000;000;A;SERVIER;0000319827;50;000;000;1127800830044;31032030;7898029550292;-;N;S;90489756;  ;;N;N
0000293217;0000293217;LORADINE D 1+12MG/ML XPE.60ML+COP.MED.;07072020;V;1687;2248;000;0281;0375;0000;FR;ML;6000;000;000;A;TEUTO BRAS;0000293217;50;000;000;1037006540052;31102021;7896112159308;-;N;S;90381157;  ;;N;N
0000103071;0000103071;LORATADINA+SULFATO PSEUDOEFEDRINA 1+12MG/ML XPE.FR.VD.60ML+COPO MED.;07072020;V;1896;2526;000;0316;0421;0000;FR;ML;6000;000;000;A;TEUTO BRAS;0000103071;50;000;000;1037004850011;31012026;7896112113416;-;N;S;90499328;  ;;S;N
0000317531;0000317531;LORBRENA 100MG 30CPDS REV.;17092020;V;2687978;3581216;000;895993;1193739;0000;CX;CPDS;3000;000;000;A;WYETH;0000317531;50;000;000;1211004760046;30042023;7891045164030;-;N;S;90485947;  ;;N;N
0000317530;0000317530;LORBRENA 25MG 90CPDS REV.;17092020;V;2015984;2685912;000;223998;298435;0000;CX;CPDS;9000;000;000;A;WYETH;0000317530;50;000;000;1211004760038;30042023;7891045163996;-;N;S;90485939;  ;;N;N
0000269378;0000269378;LOREDON 100MG 30CPDS;09062020;V;3879;5363;000;1293;1788;0000;CX;CPDS;3000;000;000;A;TORRENT;0000269378;50;000;000;1052500610078;30042025;8902220116115;+;N;S;90323840;  ;;N;N
0000283869;0000283869;LOREDON 50MG 10CPDS;09062020;V;766;1059;000;0766;1059;0000;CX;CPDS;1000;000;000;A;TORRENT;0000283869;50;000;000;1052500610019;30042025;8902220116078;+;N;S;90355733;  ;;N;N
0000269381;0000269381;LOREDON 50MG 60CPDS;09062020;V;3879;5363;000;0647;0894;0000;CX;CPDS;6000;000;000;A;TORRENT;0000269381;50;000;000;1052500610043;30042025;8902220120297;+;N;S;90323831;  ;;N;N
0000308615;0000308615;LORSACOR 50MG 30CPDS REV.;30062020;V;816;1128;000;0272;0376;0000;CX;CPDS;3000;000;000;A;SANDOZ;0000308615;50;000;000;1004703150128;30072021;7897595628237;+;N;S;90252020;  ;;N;N
0000308616;0000308616;LORSACOR 50MG 60CPDS REV.;25062019;V;8811;12181;000;2937;4060;0000;CX;CPDS;3000;000;000;A;SANDOZ;0000308616;50;000;000;1004703150111;30072021;7897595628244;+;N;S;90252012;  ;;N;N
0000257177;0000257177;LORSAR HCT 50+12,5MG 30CPDS REV.;30062020;V;4771;6596;000;1590;2199;0000;CX;CPDS;3000;000;000;A;SANDOZ;0000257177;50;000;000;1004703020127;30042021;7897595630018;+;N;S;90310411;  ;;N;N
0000249069;0000249069;LOSACORON 50MG 30CPDSV REV.;30062020;V;811;1121;000;0270;0374;0000;CX;CPDS;3000;000;000;A;VITAPAN;0000249069;50;000;000;1039200790073;30092020;7898049796243;+;N;S;90324099;  ;;N;N
0000249070;0000249070;LOSACORON 50MG 495CPDS REV.(EMB.HOSP.);30062020;F;39400;000;000;0796;0000;0000;CX;CPDS;49500;000;000;A;VITAPAN;0000249070;50;000;000;1039200790081;30092020;7898049796250;+;S;S;90324102;  ;;N;N
0000304322;0000304322;LOSARTANA POTASSICA 50MG 1000CPDS REV.;02042019;F;33341;000;000;0333;0000;0000;CX;CPDS;100000;000;000;A;RANBAXY;0000304322;50;000;000;1235200890140;30092022;7897076921802;+;S;S;90412320;  ;;S;N
0000269445;0000269445;LOSARTANA POTASSICA 50MG 30CPDS REV.;30062020;V;654;904;000;0218;0301;0000;CX;CPDS;3000;000;000;A;VITAPAN;0000269445;50;000;000;1039201780012;30112020;7898049797967;+;N;S;90343921;  ;;S;N
0000271766;0000271766;LOSARTANA POTASSICA 50MG 30CPDS REV.;30062020;V;2318;3204;000;0773;1068;0000;CX;CPDS;3000;000;000;A;SANDOZ;0000271766;50;000;000;1004705420033;31032025;7897595627360;+;N;S;90310500;  ;;S;N
0000318209;0000318209;LOSARTANA POTASSICA 50MG 600CPDS REV.;15102020;F;49201;000;000;0820;0000;0000;CX;CPDS;60000;000;000;A;PRATI-DONADUZZI;0000318209;50;000;000;1256802020211;31012029;7899547529135;+;N;S;90485955;  ;;S;N
0000294609;0000294609;LOSARTANA POTASSICA 50MG 60CPDS REV.;26062020;V;1469;2031;000;0245;0339;0000;CX;CPDS;6000;000;000;A;PRATI-DONADUZZI;0000294609;50;000;000;1256802020171;31012029;7899547528626;+;N;S;90355067;  ;;S;N
0000296972;0000296972;LOSARTANA POTASSICA 50MG 960CPDS REV.(EMB.HOSP.);26062020;F;54537;000;000;0568;0000;0000;CX;CPDS;96000;000;000;A;PRATI-DONADUZZI;0000296972;50;000;000;1256802020228;31012029;7899547529142;+;S;S;90385365;  ;;S;N
0000301926;0000301926;LOSARTANA POTASSICA 50MG BL.AL.30CPDS REV.;26062020;V;734;1015;000;0245;0338;0000;CX;CPDS;3000;000;000;A;PRATI-DONADUZZI;0000301926;50;000;000;1256802020023;31012029;7899547505252;+;N;S;;  ;;S;N
0000257170;0000257170;LOSARTANA POTASSICA+HIDROCLOROTIAZIDA 50+12,5MG 30CPDS REV.;30062020;V;2598;3592;000;0866;1197;0000;CX;CPDS;3000;000;000;A;SANDOZ;0000257170;50;000;000;1004705280010;28022024;7897595625106;+;N;S;90310349;  ;;S;N
0000313266;0000313266;LOSARTANA+HIDROCLOROTIAZIDA 100+25MG 30CPDS REV.;26062020;V;4418;6108;000;1473;2036;0000;CX;CPDS;3000;000;000;A;PRATI-DONADUZZI;0000313266;50;000;000;1256803060088;31122024;789954753034;+;N;S;90444795;  ;;S;N
0000313267;0000313267;LOSARTANA+HIDROCLOROTIAZIDA 100+25MG 60CPDS REV.;26062020;V;8395;11606;000;1399;1934;0000;CX;CPDS;6000;000;000;A;PRATI-DONADUZZI;0000313267;50;000;000;1256803060101;31122024;7899547523041;+;N;S;90444787;  ;;S;N
0000313268;0000313268;LOSARTANA+HIDROCLOROTIAZIDA 50+12,5MG 30CPDS REV.;26062020;V;2524;3489;000;0841;1163;0000;CX;CPDS;3000;000;000;A;PRATI-DONADUZZI;0000313268;50;000;000;1256803060010;31122024;7899547522952;+;N;S;90444760;  ;;S;N
0000313269;0000313269;LOSARTANA+HIDROCLOROTIAZIDA 50+12,5MG 60CPDS REV.;26062020;V;4797;6632;000;0800;1105;0000;CX;CPDS;6000;000;000;A;PRATI-DONADUZZI;0000313269;50;000;000;1256803060029;31122024;7899547522969;+;N;S;90444779;  ;;S;N
0000266611;0000266611;LOTANOL 50MG 30CPDS REV.;07072020;V;484;669;000;0161;0223;0000;CX;CPDS;3000;000;000;A;TEUTO BRAS;0000266611;50;000;000;1037006480025;30092020;7896112121008;+;N;S;90339452;  ;;N;N
0000266612;0000266612;LOTANOL 50MG 60CPDS REV.;07072020;V;968;1338;000;0161;0223;0000;CX;CPDS;6000;000;000;A;TEUTO BRAS;0000266612;50;000;000;1037006480051;30092020;7896112120988;+;N;S;90339444;  ;;N;N
0000304022;0000304022;LOZAN 200MG BL.AL.10CPDS;07072020;V;1594;2204;000;1594;2204;0000;CX;CPDS;1000;000;000;A;TEUTO BRAS;0000304022;50;000;000;1037000920082;31032021;7896112122609;+;N;S;90404327;  ;;N;N
0000304023;0000304023;LOZAN 200MG BL.AL.30CPDS;07072020;V;3429;4740;000;1143;1580;0000;CX;CPDS;3000;000;000;A;TEUTO BRAS;0000304023;50;000;000;1037000920090;31032021;7896112122616;+;N;S;90404335;  ;;N;N
0000297262;0000297262;LUMIRATE 10MG 30CPDS REV.;30062020;V;3772;5215;000;1257;1738;0000;CX;CPDS;3000;000;000;A;SANDOZ;0000297262;50;000;000;1004705650020;31102020;7897595625366;+;N;S;90402898;  ;;N;N
0000297263;0000297263;LUMIRATE 20MG 30CPDS REV.;30062020;V;3772;5215;000;1257;1738;0000;CX;CPDS;3000;000;000;A;SANDOZ;0000297263;50;000;000;1004705650047;31102020;7897595625397;+;N;S;90402901;  ;;N;N
0000269916;0000269916;LUPA BINOCULAR C.K 2,3X340MM;12032021;F;714744;000;000;0000;0000;0000;MAL;UN;100;000;000;P;EFE;0000269916;20;000;800;10243869008;VIGENTE;; ;N;N;;BD;C-000.32.230;N;N
0000269914;0000269914;LUPA BINOCULAR C2.3X340MM;12032021;F;603612;000;000;0000;0000;0000;CX;UN;100;000;000;P;EFE;0000269914;20;000;800;10243869008;VIGENTE;; ;N;N;;BD;C-000.32.039;N;N
0000269915;0000269915;LUPA BINOCULAR C2.3X450MM;12032021;F;643788;000;000;0000;0000;0000;CX;UN;100;000;000;P;EFE;0000269915;20;000;800;10243869008;VIGENTE;; ;N;N;;BD;C-000.32.202;N;N
0000269917;0000269917;LUPA BINOCULAR CK 2,3X450MM;12032021;F;714744;000;000;0000;0000;0000;MAL;UN;100;000;000;P;EFE;0000269917;20;000;800;10243869008;VIGENTE;; ;N;N;;BD;C-000.32.231;N;N
0005195016;0005195016;LUVA CIRURGICA NR.6,5 EST.106 SENSITEX(PAR);09032021;F;257;000;000;0000;0000;0000;PCT;PAR;100;000;000;P;MUCAMBO;0005195016;20;000;000;10092410023;VIGENTE;; ;N;N;;MC;;N;N
0005195017;0005195017;LUVA CIRURGICA NR.6,5 EST.111 DIAL(PAR);09032021;F;257;000;000;0000;0000;0000;PCT;PAR;100;000;000;P;MUCAMBO;0005195017;20;000;000;10092410023;VIGENTE;; ;N;N;;MC;;N;N
0005195018;0005195018;LUVA CIRURGICA NR.6,5 EST.116 SENSIFIRM(PAR);09032021;F;286;000;000;0000;0000;0000;PCT;PAR;100;000;000;P;MUCAMBO;0005195018;20;000;000;10092410044;VIGENTE;; ;N;N;78208149;MC;;N;N
0000029511;0000029511;LUVA CIRURGICA NR.6,5 EST.121 SENSIMAX(PAR);09032021;F;369;000;000;0000;0000;0000;PCT;PAR;100;000;000;P;MUCAMBO;0000029511;20;000;000;10092410023;VIGENTE;; ;N;N;;MC;;N;N
0005195014;0005195014;LUVA CIRURGICA NR.6,5 N/EST.101 DIAL(PAR);09032021;F;214;000;000;0000;0000;0000;PCT;PAR;100;000;000;P;MUCAMBO;0005195014;20;000;000;10092410006;VIGENTE;; ;N;N;78207983;MC;;N;N
0000015123;0000015123;LUVA CIRURGICA NR.6,5 S/PO EST.SENSIFREE(PAR);09032021;F;429;000;000;0000;0000;0000;PCT;PAR;100;000;000;P;MUCAMBO;0000015123;20;000;000;10092410045;VIGENTE;; ;N;N;78208157;MC;;N;N
0005195048;0005195048;LUVA CIRURGICA NR.7,0 EST.106 SENSITEX(PAR);09032021;F;257;000;000;0000;0000;0000;PCT;PAR;100;000;000;P;MUCAMBO;0005195048;20;000;000;10092410023;VIGENTE;; ;N;N;;MC;;N;N
0005195044;0005195044;LUVA CIRURGICA NR.7,0 EST.111 DIAL(PAR);09032021;F;257;000;000;0000;0000;0000;PCT;PAR;100;000;000;P;MUCAMBO;0005195044;20;000;000;10092410023;VIGENTE;; ;N;N;;MC;;N;N
0005195040;0005195040;LUVA CIRURGICA NR.7,0 EST.116 SENSIFIRM(PAR);09032021;F;286;000;000;0000;0000;0000;PCT;PAR;100;000;000;P;MUCAMBO;0005195040;20;000;000;10092410044;VIGENTE;; ;N;N;78208149;MC;;N;N
0000029512;0000029512;LUVA CIRURGICA NR.7,0 EST.121 SENSIMAX(PAR);09032021;F;369;000;000;0000;0000;0000;PCT;PAR;100;000;000;P;MUCAMBO;0000029512;20;000;000;10092410023;VIGENTE;; ;N;N;;MC;;N;N
0005195028;0005195028;LUVA CIRURGICA NR.7,0 N/EST.101 DIAL(PAR);09032021;F;214;000;000;0000;0000;0000;PCT;PAR;100;000;000;P;MUCAMBO;0005195028;20;000;000;10092410006;VIGENTE;; ;N;N;78207983;MC;;N;N
0000015124;0000015124;LUVA CIRURGICA NR.7,0 S/PO EST.SENSIFREE(PAR);09032021;F;429;000;000;0000;0000;0000;PCT;PAR;100;000;000;P;MUCAMBO;0000015124;20;000;000;10092410045;VIGENTE;; ;N;N;78208157;MC;;N;N
0005195049;0005195049;LUVA CIRURGICA NR.7,5 EST.106 SENSITEX(PAR);09032021;F;257;000;000;0000;0000;0000;PCT;PAR;100;000;000;P;MUCAMBO;0005195049;20;000;000;10092410023;VIGENTE;; ;N;N;;MC;;N;N
0005195045;0005195045;LUVA CIRURGICA NR.7,5 EST.111 DIAL(PAR);09032021;F;257;000;000;0000;0000;0000;PCT;PAR;100;000;000;P;MUCAMBO;0005195045;20;000;000;10092410023;VIGENTE;; ;N;N;;MC;;N;N
0005195041;0005195041;LUVA CIRURGICA NR.7,5 EST.116 SENSIFIRM(PAR);09032021;F;286;000;000;0000;0000;0000;PCT;PAR;100;000;000;P;MUCAMBO;0005195041;20;000;000;10092410044;VIGENTE;; ;N;N;78208149;MC;;N;N
0000029513;0000029513;LUVA CIRURGICA NR.7,5 EST.121 SENSIMAX(PAR);09032021;F;369;000;000;0000;0000;0000;PCT;PAR;100;000;000;P;MUCAMBO;0000029513;20;000;000;10092410023;VIGENTE;; ;N;N;;MC;;N;N
0005195029;0005195029;LUVA CIRURGICA NR.7,5 N/EST.101 DIAL(PAR);09032021;F;214;000;000;0000;0000;0000;PCT;PAR;100;000;000;P;MUCAMBO;0005195029;20;000;000;10092410006;VIGENTE;; ;N;N;78207983;MC;;N;N
0000015125;0000015125;LUVA CIRURGICA NR.7,5 S/PO EST.SENSIFREE(PAR);09032021;F;429;000;000;0000;0000;0000;PCT;PAR;100;000;000;P;MUCAMBO;0000015125;20;000;000;10092410045;VIGENTE;; ;N;N;78208157;MC;;N;N
0005195050;0005195050;LUVA CIRURGICA NR.8,0 EST.106 SENSITEX(PAR);09032021;F;257;000;000;0000;0000;0000;PCT;PAR;100;000;000;P;MUCAMBO;0005195050;20;000;000;10092410023;VIGENTE;; ;N;N;;MC;;N;N
0005195046;0005195046;LUVA CIRURGICA NR.8,0 EST.111 DIAL(PAR);09032021;F;257;000;000;0000;0000;0000;PCT;PAR;100;000;000;P;MUCAMBO;0005195046;20;000;000;10092410023;VIGENTE;; ;N;N;;MC;;N;N
0005195042;0005195042;LUVA CIRURGICA NR.8,0 EST.116 SENSIFIRM(PAR);09032021;F;286;000;000;0000;0000;0000;PCT;PAR;100;000;000;P;MUCAMBO;0005195042;20;000;000;10092410044;VIGENTE;; ;N;N;78208149;MC;;N;N
0000029514;0000029514;LUVA CIRURGICA NR.8,0 EST.121 SENSIMAX(PAR);09032021;F;369;000;000;0000;0000;0000;PCT;PAR;100;000;000;P;MUCAMBO;0000029514;20;000;000;10092410023;VIGENTE;; ;N;N;;MC;;N;N
0005195030;0005195030;LUVA CIRURGICA NR.8,0 N/EST.101 DIAL(PAR);09032021;F;214;000;000;0000;0000;0000;PCT;PAR;100;000;000;P;MUCAMBO;0005195030;20;000;000;10092410006;VIGENTE;; ;N;N;78207983;MC;;N;N
0000015126;0000015126;LUVA CIRURGICA NR.8,0 S/PO EST.SENSIFREE(PAR);09032021;F;429;000;000;0000;0000;0000;PCT;PAR;100;000;000;P;MUCAMBO;0000015126;20;000;000;10092410045;VIGENTE;; ;N;N;78208157;MC;;N;N
0005195051;0005195051;LUVA CIRURGICA NR.8,5 EST.106 SENSITEX(PAR);09032021;F;257;000;000;0000;0000;0000;PCT;PAR;100;000;000;P;MUCAMBO;0005195051;20;000;000;10092410023;VIGENTE;; ;N;N;;MC;;N;N
0005195047;0005195047;LUVA CIRURGICA NR.8,5 EST.111 DIAL(PAR);09032021;F;257;000;000;0000;0000;0000;PCT;PAR;100;000;000;P;MUCAMBO;0005195047;20;000;000;10092410023;VIGENTE;; ;N;N;;MC;;N;N
0005195043;0005195043;LUVA CIRURGICA NR.8,5 EST.116 SENSIFIRM(PAR);09032021;F;286;000;000;0000;0000;0000;PCT;PAR;100;000;000;P;MUCAMBO;0005195043;20;000;000;10092410044;VIGENTE;; ;N;N;78208149;MC;;N;N
0000029515;0000029515;LUVA CIRURGICA NR.8,5 EST.121 SENSIMAX(PAR);09032021;F;369;000;000;0000;0000;0000;PCT;PAR;100;000;000;P;MUCAMBO;0000029515;20;000;000;10092410023;VIGENTE;; ;N;N;;MC;;N;N
0005195031;0005195031;LUVA CIRURGICA NR.8,5 N/EST.101 DIAL(PAR);09032021;F;214;000;000;0000;0000;0000;PCT;PAR;100;000;000;P;MUCAMBO;0005195031;20;000;000;10092410006;VIGENTE;; ;N;N;78207983;MC;;N;N
0000015127;0000015127;LUVA CIRURGICA NR.8,5 S/PO EST.SENSIFREE(PAR);09032021;F;429;000;000;0000;0000;0000;PCT;PAR;100;000;000;P;MUCAMBO;0000015127;20;000;000;10092410045;VIGENTE;; ;N;N;78208157;MC;;N;N
0000177359;0000177359;LUVA CIRURGICA SINTETICA SENSITOUCH NR.6,5 EST.(PAR);09032021;F;2063;000;000;0000;0000;0000;PCT;PAR;100;000;000;P;MUCAMBO;0000177359;20;000;000;10092410032;VIGENTE;; ;N;N;78208033;MC;;N;N
0000177360;0000177360;LUVA CIRURGICA SINTETICA SENSITOUCH NR.7 EST.(PAR);09032021;F;2063;000;000;0000;0000;0000;PCT;PAR;100;000;000;P;MUCAMBO;0000177360;20;000;000;10092410032;VIGENTE;; ;N;N;78208033;MC;;N;N
0000177361;0000177361;LUVA CIRURGICA SINTETICA SENSITOUCH NR.7,5 EST.(PAR);09032021;F;2063;000;000;0000;0000;0000;PCT;PAR;100;000;000;P;MUCAMBO;0000177361;20;000;000;10092410032;VIGENTE;; ;N;N;78208033;MC;;N;N
0000177362;0000177362;LUVA CIRURGICA SINTETICA SENSITOUCH NR.8 EST.(PAR);09032021;F;2063;000;000;0000;0000;0000;PCT;PAR;100;000;000;P;MUCAMBO;0000177362;20;000;000;10092410032;VIGENTE;; ;N;N;78208033;MC;;N;N
0000177363;0000177363;LUVA CIRURGICA SINTETICA SENSITOUCH NR.8,5 EST.(PAR);09032021;F;2063;000;000;0000;0000;0000;PCT;PAR;100;000;000;P;MUCAMBO;0000177363;20;000;000;10092410032;VIGENTE;; ;N;N;78208033;MC;;N;N
0000305644;0000305644;LUVIS S 30CAPS GEL.MOLE;30062020;F;6728;000;000;2243;0000;0000;CX;CAPS;3000;000;000;A;UNIAO QUIMICA;0000305644;50;000;000;ISENTO;;7896006216803;-;N;S;;  ;;N;S
0000305645;0000305645;LUVIS S 60CAPS GEL.MOLE;30062020;F;10634;000;000;1772;0000;0000;CX;CAPS;6000;000;000;A;UNIAO QUIMICA;0000305645;50;000;000;ISENTO;;7896006216827;-;N;S;;  ;;N;S
0000257118;0000257118;LYLLAS 3,00+0,03MG 21CPDS REV.;30062020;V;3359;4644;000;1600;2211;0000;CX;CPDS;2100;000;000;A;SANDOZ;0000257118;50;000;000;1004705210012;30102022;7897595620217; ;N;S;90252314;  ;;N;N
0000244980;0000244980;LYXUMIA 0,05+0,1MG/ML 1FR 3ML+2APLIC.;30062020;V;36207;48239;000;120690;160797;0000;FR;ML;300;000;000;A;SANOFI MEDLEY;0000244980;50;000;000;1832604310050;30092028;7891058016562;-;N;S;90485890;  ;;N;N
0000244976;0000244976;LYXUMIA 0,1MG/ML 1FR 3ML+2APLIC.;30062020;V;36207;48239;000;120690;160797;0000;FR;ML;300;000;000;A;SANOFI MEDLEY;0000244976;50;000;000;1832604310034;30092028;7891058016548;-;N;S;90485882;  ;;N;N
0000268408;0000268408;MABTHERA SC 1400MG SOL.INJ.1FA 11,7ML;03072020;F;921162;000;000;0000;0000;0000;FA;ML;1170;000;000;A;ROCHE;0000268408;50;000;000;1010005480046;30062023;7896226506845;+;S;N;90343115;  ;;N;N
0000320683;0000320683;MAIZHER 10MG 10CPDS REV.;18022021;V;934;1291;000;0934;1291;0000;CX;CPDS;1000;000;000;A;PRATI-DONADUZZI;0000320683;50;000;000;1256802890011;31082029;7899547532548;+;N;S;90495063;  ;;N;N
0000314064;0000314064;MAIZHER 10MG 120CPDS REV.;26062020;V;6714;9282;000;0560;0774;0000;CX;CPDS;12000;000;000;A;PRATI-DONADUZZI;0000314064;50;000;000;1256802890052;31082029;7899547532586;+;N;S;90457684;  ;;N;N
0000314065;0000314065;MAIZHER 10MG 30CPDS REV.;26062020;V;3295;4555;000;1098;1518;0000;CX;CPDS;3000;000;000;A;PRATI-DONADUZZI;0000314065;50;000;000;1256802890028;31082029;7899547532555;+;N;S;90457668;  ;;N;N
0000314066;0000314066;MAIZHER 10MG 60CPDS REV.;26062020;V;4219;5833;000;0703;0972;0000;CX;CPDS;6000;000;000;A;PRATI-DONADUZZI;0000314066;50;000;000;1256802890036;31082029;7899547532562;+;N;S;90457676;  ;;N;N
0000302257;0000302257;MALEATO DEXCLORFENIRAMINA 0,4MG/ML SOL.ORAL 100ML+CP.MED.;26062020;V;921;1227;000;0092;0123;0000;FR;ML;10000;000;000;A;PRATI-DONADUZZI;0000302257;50;000;000;1256800580072;31102022;7899547503296;-;N;S;90410971;  ;;S;N
0000256226;0000256226;MALEATO DEXCLORFENIRAMINA+BETAMETASONA 0,4+0,05MG/ML 120ML+CP.;26062020;V;1181;1595;000;0000;0000;0000;FR;ML;12000;000;000;A;PRATI-DONADUZZI;0000256226;50;000;000;1256800850101;31072023;7899547503333;-;N;N;90321340;  ;;S;N
0000256227;0000256227;MALEATO DEXCLORFENIRAMINA+BETAMETASONA 0,4+0,05MG/ML 50FRX120ML+50CP.(EMB.HOSP.);26062020;F;32717;000;000;6543;0000;0000;CX;FR;5000;000;000;A;PRATI-DONADUZZI;0000256227;50;000;000;1256800850118;31072023;7899547503340;-;N;S;90321359;  ;;S;N
0000269447;0000269447;MALEATO ENALAPRIL 10MG 30CPDS;30062020;V;502;694;000;0167;0231;0000;CX;CPDS;3000;000;000;A;VITAPAN;0000269447;50;000;000;1039201770033;31052022;7898049796564;+;N;S;90324447;  ;;S;N
0000269449;0000269449;MALEATO ENALAPRIL 20MG 30CPDS;30062020;V;2161;2987;000;0720;0996;0000;CX;CPDS;3000;000;000;A;VITAPAN;0000269449;50;000;000;1039201770051;31052022;7898049796571;+;N;S;90324463;  ;;S;N
0000263791;0000263791;MALEATO ENALAPRIL+HIDROCLOROTIAZIDA 10+25MG 30CPDS;02022021;V;1708;2361;000;0569;0787;0000;CX;CPDS;3000;000;000;A;TEUTO BRAS;0000263791;50;000;000;1037006150025;31012025;7896112193555;+;N;S;90339290;  ;;S;N
0000263794;0000263794;MALEATO ENALAPRIL+HIDROCLOROTIAZIDA 20+12,50MG 30CPDS;02022021;V;2437;3369;000;0812;1123;0000;CX;CPDS;3000;000;000;A;TEUTO BRAS;0000263794;50;000;000;1037006150017;31012025;7896112193524;+;N;S;90339282;  ;;S;N
0000309784;0000309784;MALENA HCT 20+12,5MG BL.AL.AL.30CPDS;07072020;V;2152;2975;000;0717;0992;0000;CX;CPDS;3000;000;000;A;SIGMA PHARMA;0000309784;50;000;000;1356907330037;30092023;;+;N;S;90437608;  ;;N;N
0000275825;0000275825;MANOPLA LIBERACAO POD;23082016;F;450000;000;000;0000;0000;0000;CX;UN;100;000;000;A;PENUMBRA;0000275825;20;000;000;81248520001;VIGENTE;; ;N;N;100889417;ME;PODH1;N;N
0000275823;0000275823;MANOPLA LIBERACAO RUBY COIL;23082016;F;450000;000;000;0000;0000;0000;CX;UN;100;000;000;A;PENUMBRA;0000275823;20;000;000;81248520001;VIGENTE;; ;N;N;100889417;ME;RH1;N;N
0000266615;0000266615;MARFARIM 5MG 10CPDS(EMB.HOSP.);07072020;V;343;474;000;0343;0474;0000;CX;CPDS;1000;000;000;A;TEUTO BRAS;0000266615;50;000;000;1037006490055;30092020;7896112175834;+;N;S;90339410;  ;;N;N
0000266614;0000266614;MARFARIM 5MG PVDC 250/120 OPC.BRANCO 50CPDS(EMB.HOSP.);23062020;F;2060;000;000;0412;0000;0000;CX;CPDS;5000;000;000;A;TEUTO BRAS;0000266614;50;000;000;1037006490071;30092020;7896112197362;+;S;S;90339401;  ;;N;N
0000266613;0000266613;MARFARIM 5MG PVDC 250/120OPC.BRANCO 30CPDS;07072020;V;1027;1420;000;0342;0473;0000;CX;CPDS;3000;000;000;A;TEUTO BRAS;0000266613;50;000;000;1037006490063;30092020;7896112197348;+;N;S;90339398;  ;;N;N
0000317275;0000317275;MASCARA ANESTESICA C/ALMOFADA MACIA;09092020;F;40000;000;000;0000;0000;0000;SC;UN;100;000;000;A;KELP MED;0000317275;20;000;000;81395830010;VIGENTE;; ;N;N;100889840;MC;PA150100;N;N
0000317276;0000317276;MASCARA ANESTESICA C/ALMOFADA MACIA;09092020;F;40000;000;000;0000;0000;0000;SC;UN;100;000;000;A;KELP MED;0000317276;20;000;000;81395830010;VIGENTE;; ;N;N;100889840;MC;PA150101;N;N
0000317277;0000317277;MASCARA ANESTESICA C/ALMOFADA MACIA;09092020;F;40000;000;000;0000;0000;0000;SC;UN;100;000;000;A;KELP MED;0000317277;20;000;000;81395830010;VIGENTE;; ;N;N;100889840;MC;PA150102;N;N
0000317278;0000317278;MASCARA ANESTESICA C/ALMOFADA MACIA;09092020;F;40000;000;000;0000;0000;0000;SC;UN;100;000;000;A;KELP MED;0000317278;20;000;000;81395830010;VIGENTE;; ;N;N;100889840;MC;PA150103;N;N
0000317279;0000317279;MASCARA ANESTESICA C/ALMOFADA MACIA;09092020;F;40000;000;000;0000;0000;0000;SC;UN;100;000;000;A;KELP MED;0000317279;20;000;000;81395830010;VIGENTE;; ;N;N;100889840;MC;PA150104;N;N
0000317280;0000317280;MASCARA ANESTESICA C/ALMOFADA MACIA;09092020;F;40000;000;000;0000;0000;0000;SC;UN;100;000;000;A;KELP MED;0000317280;20;000;000;81395830010;VIGENTE;; ;N;N;100889840;MC;PA150105;N;N
0000317281;0000317281;MASCARA ANESTESICA C/ALMOFADA MACIA;09092020;F;40000;000;000;0000;0000;0000;SC;UN;100;000;000;A;KELP MED;0000317281;20;000;000;81395830010;VIGENTE;; ;N;N;100889840;MC;PA150106;N;N
0000317282;0000317282;MASCARA ANESTESICA C/ALMOFADA MACIA;09092020;F;40000;000;000;0000;0000;0000;SC;UN;100;000;000;A;KELP MED;0000317282;20;000;000;81395830010;VIGENTE;; ;N;N;100889840;MC;PA150200;N;N
0000317283;0000317283;MASCARA ANESTESICA C/ALMOFADA MACIA;09092020;F;40000;000;000;0000;0000;0000;SC;UN;100;000;000;A;KELP MED;0000317283;20;000;000;81395830010;VIGENTE;; ;N;N;100889840;MC;PA150201;N;N
0000317284;0000317284;MASCARA ANESTESICA C/ALMOFADA MACIA;09092020;F;40000;000;000;0000;0000;0000;SC;UN;100;000;000;A;KELP MED;0000317284;20;000;000;81395830010;VIGENTE;; ;N;N;100889840;MC;PA150202;N;N
0000317285;0000317285;MASCARA ANESTESICA C/ALMOFADA MACIA;09092020;F;40000;000;000;0000;0000;0000;SC;UN;100;000;000;A;KELP MED;0000317285;20;000;000;81395830010;VIGENTE;; ;N;N;100889840;MC;PA150203;N;N
0000317286;0000317286;MASCARA ANESTESICA C/ALMOFADA MACIA;09092020;F;40000;000;000;0000;0000;0000;SC;UN;100;000;000;A;KELP MED;0000317286;20;000;000;81395830010;VIGENTE;; ;N;N;100889840;MC;PA150204;N;N
0000317287;0000317287;MASCARA ANESTESICA C/ALMOFADA MACIA;09092020;F;40000;000;000;0000;0000;0000;SC;UN;100;000;000;A;KELP MED;0000317287;20;000;000;81395830010;VIGENTE;; ;N;N;100889840;MC;PA150205;N;N
0000317288;0000317288;MASCARA ANESTESICA C/ALMOFADA MACIA;09092020;F;40000;000;000;0000;0000;0000;SC;UN;100;000;000;A;KELP MED;0000317288;20;000;000;81395830010;VIGENTE;; ;N;N;100889840;MC;PA150206;N;N
0000320413;0000320413;MASCARA FACIAL F3 NV2 TAM.GRD.;04022021;F;65000;000;000;0000;0000;0000;PCT;UN;100;000;000;A;LUMIAR;0000320413;20;000;400;80117580871;VIGENTE;; ;N;N;100900488;MC;10030419;N;N
0000320412;0000320412;MASCARA FACIAL F3 NV2 TAM.MED.;04022021;F;65000;000;000;0000;0000;0000;PCT;UN;100;000;000;A;LUMIAR;0000320412;20;000;400;80117580871;VIGENTE;; ;N;N;100900488;MC;10030420;N;N
0000320410;0000320410;MASCARA FACIAL F3 NV2 TAM.PEQ.;04022021;F;65000;000;000;0000;0000;0000;PCT;UN;100;000;000;A;LUMIAR;0000320410;20;000;400;80117580871;VIGENTE;; ;N;N;100900488;MC;10030421;N;N
0000321088;0000321088;MASCARA LARINGEA PVC TAPPA DESC.NR.1,0;10032021;F;21450;000;000;0000;0000;0000;PCT;UN;100;000;000;I;PROMEDICA;0000321088;20;000;000;81194869003;VIGENTE;; ;N;N;101027567;MC;LMA1004C1;N;N
0000321089;0000321089;MASCARA LARINGEA PVC TAPPA DESC.NR.1,5;10032021;F;21450;000;000;0000;0000;0000;PCT;UN;100;000;000;I;PROMEDICA;0000321089;20;000;000;81194869003;VIGENTE;; ;N;N;101027567;MC;LMA1507C1;N;N
0000321090;0000321090;MASCARA LARINGEA PVC TAPPA DESC.NR.2,0;10032021;F;21450;000;000;0000;0000;0000;PCT;UN;100;000;000;I;PROMEDICA;0000321090;20;000;000;81194869003;VIGENTE;; ;N;N;101027567;MC;LMA2010C1;N;N
0000321091;0000321091;MASCARA LARINGEA PVC TAPPA DESC.NR.2,5;10032021;F;21450;000;000;0000;0000;0000;PCT;UN;100;000;000;I;PROMEDICA;0000321091;20;000;000;81194869003;VIGENTE;; ;N;N;101027567;MC;LMA2514C1;N;N
0000321092;0000321092;MASCARA LARINGEA PVC TAPPA DESC.NR.3,0;10032021;F;21450;000;000;0000;0000;0000;PCT;UN;100;000;000;I;PROMEDICA;0000321092;20;000;000;81194869003;VIGENTE;; ;N;N;101027567;MC;LMA3020C1;N;N
0000321093;0000321093;MASCARA LARINGEA PVC TAPPA DESC.NR.4,0;10032021;F;21450;000;000;0000;0000;0000;PCT;UN;100;000;000;I;PROMEDICA;0000321093;20;000;000;81194869003;VIGENTE;; ;N;N;101027567;MC;LMA4030C1;N;N
0000321094;0000321094;MASCARA LARINGEA PVC TAPPA DESC.NR.5,0;10032021;F;21450;000;000;0000;0000;0000;PCT;UN;100;000;000;I;PROMEDICA;0000321094;20;000;000;81194869003;VIGENTE;; ;N;N;101027567;MC;LMA5040C1;N;N
0000321081;0000321081;MASCARA LARINGEA SILICONE C/ASPIRACAO GASTRICA TAPPA DESC.NR.1,0;10032021;F;59400;000;000;0000;0000;0000;PCT;UN;100;000;000;I;PROMEDICA;0000321081;20;000;000;81194869004;VIGENTE;; ;N;N;101027575;MC;LMA1004P2;N;N
0000321082;0000321082;MASCARA LARINGEA SILICONE C/ASPIRACAO GASTRICA TAPPA DESC.NR.1,5;10032021;F;59400;000;000;0000;0000;0000;PCT;UN;100;000;000;I;PROMEDICA;0000321082;20;000;000;81194869004;VIGENTE;; ;N;N;101027575;MC;LMA1507P2;N;N
0000321083;0000321083;MASCARA LARINGEA SILICONE C/ASPIRACAO GASTRICA TAPPA DESC.NR.2,0;10032021;F;59400;000;000;0000;0000;0000;PCT;UN;100;000;000;I;PROMEDICA;0000321083;20;000;000;81194869004;VIGENTE;; ;N;N;101027575;MC;LMA2010P2;N;N
0000321084;0000321084;MASCARA LARINGEA SILICONE C/ASPIRACAO GASTRICA TAPPA DESC.NR.2,5;10032021;F;59400;000;000;0000;0000;0000;PCT;UN;100;000;000;I;PROMEDICA;0000321084;20;000;000;81194869004;VIGENTE;; ;N;N;101027575;MC;LMA2514P2;N;N
0000321085;0000321085;MASCARA LARINGEA SILICONE C/ASPIRACAO GASTRICA TAPPA DESC.NR.3,0;10032021;F;59400;000;000;0000;0000;0000;PCT;UN;100;000;000;I;PROMEDICA;0000321085;20;000;000;81194869004;VIGENTE;; ;N;N;101027575;MC;LMA3020P2;N;N
0000321086;0000321086;MASCARA LARINGEA SILICONE C/ASPIRACAO GASTRICA TAPPA DESC.NR.4,0;10032021;F;59400;000;000;0000;0000;0000;PCT;UN;100;000;000;I;PROMEDICA;0000321086;20;000;000;81194869004;VIGENTE;; ;N;N;101027575;MC;LMA4030P2;N;N
0000321087;0000321087;MASCARA LARINGEA SILICONE C/ASPIRACAO GASTRICA TAPPA DESC.NR.5,0;10032021;F;59400;000;000;0000;0000;0000;PCT;UN;100;000;000;I;PROMEDICA;0000321087;20;000;000;81194869004;VIGENTE;; ;N;N;101027575;MC;LMA5040P2;N;N
0000321074;0000321074;MASCARA LARINGEA SILICONE TAPPA DESC.NR.1,0;10032021;F;21450;000;000;0000;0000;0000;PCT;UN;100;000;000;I;PROMEDICA;0000321074;20;000;000;81194860010;VIGENTE;; ;N;N;100917380;MC;LMA1004C2;N;N
0000321075;0000321075;MASCARA LARINGEA SILICONE TAPPA DESC.NR.1,5;10032021;F;21450;000;000;0000;0000;0000;PCT;UN;100;000;000;I;PROMEDICA;0000321075;20;000;000;81194860010;VIGENTE;; ;N;N;100917380;MC;LMA1507C2;N;N
0000321076;0000321076;MASCARA LARINGEA SILICONE TAPPA DESC.NR.2,0;10032021;F;21450;000;000;0000;0000;0000;PCT;UN;100;000;000;I;PROMEDICA;0000321076;20;000;000;81194860010;VIGENTE;; ;N;N;100917380;MC;LMA2010C2;N;N
0000321077;0000321077;MASCARA LARINGEA SILICONE TAPPA DESC.NR.2,5;10032021;F;21450;000;000;0000;0000;0000;PCT;UN;100;000;000;I;PROMEDICA;0000321077;20;000;000;81194860010;VIGENTE;; ;N;N;100917380;MC;LMA2514C2;N;N
0000321078;0000321078;MASCARA LARINGEA SILICONE TAPPA DESC.NR.3,0;10032021;F;21450;000;000;0000;0000;0000;PCT;UN;100;000;000;I;PROMEDICA;0000321078;20;000;000;81194860010;VIGENTE;; ;N;N;100917380;MC;LMA3020C2;N;N
0000321079;0000321079;MASCARA LARINGEA SILICONE TAPPA DESC.NR.4,0;10032021;F;21450;000;000;0000;0000;0000;PCT;UN;100;000;000;I;PROMEDICA;0000321079;20;000;000;81194860010;VIGENTE;; ;N;N;100917380;MC;LMA4030C2;N;N
0000321080;0000321080;MASCARA LARINGEA SILICONE TAPPA DESC.NR.5,0;10032021;F;21450;000;000;0000;0000;0000;PCT;UN;100;000;000;I;PROMEDICA;0000321080;20;000;000;81194860010;VIGENTE;; ;N;N;100917380;MC;LMA5040C2;N;N
0000320424;0000320424;MASCARA NASAL N5A TAM.GRD.;04022021;F;45000;000;000;0000;0000;0000;PCT;UN;100;000;000;A;LUMIAR;0000320424;20;000;400;80117580870;VIGENTE;; ;N;N;100900470;BD;10020222;N;N
0000320423;0000320423;MASCARA NASAL N5A TAM.MED.;04022021;F;45000;000;000;0000;0000;0000;PCT;UN;100;000;000;A;LUMIAR;0000320423;20;000;400;80117580870;VIGENTE;; ;N;N;100900470;BD;10020223;N;N
0000320422;0000320422;MASCARA NASAL N5A TAM.PEQ.;04022021;F;45000;000;000;0000;0000;0000;PCT;UN;100;000;000;A;LUMIAR;0000320422;20;000;400;80117580870;VIGENTE;; ;N;N;100900470;BD;10020224;N;N
0000285413;0000285413;MASCARA TRIPLA C/CLIPS TIRAS DESC.;09032021;A;210;000;000;0000;0000;0000;   ;UN;100;000;000;S;SKY DESCARTAVEIS;0000285413;20;000;000;80251280006;VIGENTE;; ;N;N;78343380;MC;02059;N;N
0000316821;0000316821;MASCARA-NV TAM.GRD.REUT.;26082020;F;390000;000;000;0000;0000;0000;CX;UN;100;000;000;A;NEWMED;0000316821;20;000;000;80171530108;VIGENTE;; ;N;N;100914250;MC;28MFFAG-NV;N;N
0000316820;0000316820;MASCARA-NV TAM.MED.REUT.;26082020;F;390000;000;000;0000;0000;0000;CX;UN;100;000;000;A;NEWMED;0000316820;20;000;000;80171530108;VIGENTE;; ;N;N;100914250;MC;28MFFAM-NV;N;N
0000316819;0000316819;MASCARA-NV TAM.PEQ.REUT.;26082020;F;390000;000;000;0000;0000;0000;CX;UN;100;000;000;A;NEWMED;0000316819;20;000;000;80171530108;VIGENTE;; ;N;N;100914250;MC;28MFFAP-NV;N;N
0000055379;0000055379;MATERSUPRE 30DRGS;07072020;V;5104;6800;000;1701;2267;0000;CX;DRGS;3000;000;000;A;TEUTO BRAS;0000055379;50;000;000;1037005130012;31032023;7896112148661;-;N;S;90259033;  ;;N;N
0000314422;0000314422;MATRIZ DERMICA ENDOFORM ANTIMICROBIAL DERMAL TEMPLATE 2.2" FENESTRATED EST.10UNID.;10032021;A;350000;000;000;0000;0000;0000;CX;UN;1000;000;000;S;FOCCUS MEDICAL;0000314422;20;000;000;80117580851;23122029;; ;N;N;;ME;629312;N;N
0000314423;0000314423;MATRIZ DERMICA ENDOFORM ANTIMICROBIAL DERMAL TEMPLATE 4.5" FENESTRATED EST.10UNID.;10032021;A;962000;000;000;0000;0000;0000;CX;UN;1000;000;000;S;FOCCUS MEDICAL;0000314423;20;000;000;80117580851;23122029;; ;N;N;;ME;629314;N;N
0000313288;0000313288;MATRIZ DERMICA ENDOFORM NATURAL DERMAL TEMPLATE 10X12,7CM FENESTRADO EST.10UNID.;10032021;A;806000;000;000;0000;0000;0000;CX;UN;1000;000;000;S;FOCCUS MEDICAL;0000313288;20;000;000;80117580762;27082028;; ;N;N;;ME;529314;N;N
0000313287;0000313287;MATRIZ DERMICA ENDOFORM NATURAL DERMAL TEMPLATE 5X5CM FENESTRADO EST.10UNID.;10032021;A;300000;000;000;0000;0000;0000;CX;UN;1000;000;000;S;FOCCUS MEDICAL;0000313287;20;000;000;80117580762;27082028;; ;N;N;;ME;529312;N;N
0000289631;0000289631;MCT 500ML;29042020;F;32600;000;000;0000;0000;0000;PT;ML;50000;000;000;A;VITAFOR;0000289631;50;000;000;6542600360016;31052020;7898919865987; ;N;N;;  ;;N;S
0000289630;0000289630;MCT C/AGE 250ML;29042020;F;15800;000;000;0000;0000;0000;PT;ML;25000;000;000;A;VITAFOR;0000289630;50;000;000;6542600030016;31122022;7898919865697; ;N;N;;  ;;N;S
0000319261;0000319261;MECICLIN 300MG 8CAPS DURA;01122020;V;3300;4562;000;4125;5703;0000;CX;CAPS;800;000;000;A;GERMED;0000319261;50;000;000;1058309080077;31082027;7896004774428;+;N;S;90499220;  ;;N;N
0000317200;0000317200;MEDALGESICO 500MG 10CPDS F.V;01092020;V;000;653;000;0000;0653;0000;CX;CPDS;1000;000;000;A;SANOFI MEDLEY;0000317200;50;000;000;1832604620051;31072030;;-;N;S;;  ;;N;N
0000317199;0000317199;MEDALGESICO 500MG 240CPDS;01092020;V;11769;15680;000;0490;0653;0000;CX;CPDS;24000;000;000;A;SANOFI MEDLEY;0000317199;50;000;000;1832604620051;31072030;7896422527293;-;N;S;90483022;  ;;N;N
0000317198;0000317198;MEDALGESICO 500MG 30CPDS;01092020;V;1315;1752;000;0438;0584;0000;CX;CPDS;3000;000;000;A;SANOFI MEDLEY;0000317198;50;000;000;1832604620025;31072030;7896422527286;-;N;S;90483014;  ;;N;N
0000317197;0000317197;MEDALGESICO 500MG/ML SOL.ORAL GTS.10ML;01092020;V;600;799;000;0600;0799;0000;FR;ML;1000;000;000;A;SANOFI MEDLEY;0000317197;50;000;000;1832604650013;31072030;7896422527347;-;N;S;90482913;  ;;N;N
0000317196;0000317196;MEDALGESICO 500MG/ML SOL.ORAL GTS.20ML;01092020;V;751;1001;000;0376;0501;0000;FR;ML;2000;000;000;A;SANOFI MEDLEY;0000317196;50;000;000;1832604650021;31072030;7896422527330;-;N;S;90482921;  ;;N;N
0000317781;0000317781;MEDMULHER 400MG 10CAPS MOLE;01102020;V;1487;1981;000;1487;1981;0000;CX;CAPS;1000;000;000;A;SANOFI MEDLEY;0000317781;50;000;000;1832604550035;30042030;7896422527323;-;N;S;90485416;  ;;N;N
0000317780;0000317780;MEDMULHER 400MG 2CAPS MOLE F.V;01102020;V;000;367;000;0000;0000;0000;BL;CAPS;200;000;000;A;SANOFI MEDLEY;0000317780;50;000;000;1832604550051;30042030;;-;N;N;;  ;;N;N
0000317779;0000317779;MEDMULHER 400MG 90CAPS MOLE;01102020;V;12384;16499;000;1376;1833;0000;CX;CAPS;9000;000;000;A;SANOFI MEDLEY;0000317779;50;000;000;1832604550051;30042030;7896422527316;-;N;S;90485424;  ;;N;N
0000314853;0000314853;MEDVITD3 5000UI 4CAPS;19062020;V;9568;12748;000;23920;31870;0000;CX;CAPS;400;000;000;A;SANOFI MEDLEY;0000314853;50;000;000;1832604150101;31032030;7896422523073;-;N;S;90469984;  ;;N;N
0000314852;0000314852;MEDVITD3 7000UI 8CAPS;19062020;V;2460;3277;000;3075;4096;0000;CX;CAPS;800;000;000;A;SANOFI MEDLEY;0000314852;50;000;000;1832604150071;31032030;7896422523066;-;N;S;90469976;  ;;N;N
0000289633;0000289633;MEGA DHA 120CAPS;29042020;F;32200;000;000;2683;0000;0000;PT;CAPS;12000;000;000;A;VITAFOR;0000289633;50;000;000;6542600170012;30112020;7898943044938; ;N;S;;  ;;N;S
0000289632;0000289632;MEGA DHA 60CAPS;29042020;F;17800;000;000;2967;0000;0000;PT;CAPS;6000;000;000;A;VITAFOR;0000289632;50;000;000;6542600170012;30112020;7898943044839; ;N;S;;  ;;N;S
0000320102;0000320102;MEGA MATER 30CAPS;05012021;F;6000;000;000;2000;0000;0000;CX;CAPS;3000;000;000;A;UNIAO QUIMICA;0000320102;50;000;000;ISENTO;;7896006227052; ;N;S;;  ;;N;S
0000240284;0000240284;MEIA ELASTICA COMPRESSAO VENOSAN COMFORTLINE COTTON AD;29082017;F;32700;000;000;0000;0000;0000;CX;UN;100;000;000;A;VENOSAN BRASIL;0000240284;20;000;000;10349310003;VIGENTE;789836091052; ;N;N;100911650;MC;;N;N
0000290011;0000290011;MEIA ELASTICA COMPRESSAO VENOSAN COMFORTLINE COTTON BH/ZH;29082017;F;26700;000;000;0000;0000;0000;CX;UN;100;000;000;A;VENOSAN BRASIL;0000290011;20;000;000;10349310003;VIGENTE;789836091066; ;N;N;100911650;MC;;N;N
0000240287;0000240287;MEIA ELASTICA COMPRESSAO VENOSAN LEGLINE AD;29082017;F;12000;000;000;0000;0000;0000;CX;UN;100;000;000;A;VENOSAN BRASIL;0000240287;20;000;000;10349310003;VIGENTE;789836091229; ;N;N;100911650;MC;;N;N
0000240288;0000240288;MEIA ELASTICA COMPRESSAO VENOSAN LEGLINE AGH;29082017;F;19500;000;000;0000;0000;0000;CX;UN;100;000;000;A;VENOSAN BRASIL;0000240288;20;000;000;10349310003;VIGENTE;789836091241; ;N;N;100911650;MC;;N;N
0000240285;0000240285;MEIA ELASTICA COMPRESSAO VENOSAN LEGLINE AT;29082017;F;21000;000;000;0000;0000;0000;CX;UN;100;000;000;A;VENOSAN BRASIL;0000240285;20;000;000;10349310003;VIGENTE;789836091255; ;N;N;100911650;MC;;N;N
0000240286;0000240286;MEIA ELASTICA COMPRESSAO VENOSAN LEGLINE ATM;29082017;F;24000;000;000;0000;0000;0000;CX;UN;100;000;000;A;VENOSAN BRASIL;0000240286;20;000;000;10349310003;VIGENTE;789836091270; ;N;N;100911650;MC;;N;N
0000240266;0000240266;MEIA ELASTICA COMPRESSAO VENOSAN SPORTACTIVE 20-30;29082017;F;12900;000;000;0000;0000;0000;CX;UN;100;000;000;A;VENOSAN BRASIL;0000240266;20;000;000;10349310003;VIGENTE;789836091598; ;N;N;100911650;MC;;N;N
0000240292;0000240292;MEIA ELASTICA COMPRESSAO VENOSAN SUPPORTLINE SOFT AD;29082017;F;13500;000;000;0000;0000;0000;CX;UN;100;000;000;A;VENOSAN BRASIL;0000240292;20;000;000;10349310003;VIGENTE;789839091329; ;N;N;100911650;MC;;N;N
0000240291;0000240291;MEIA ELASTICA COMPRESSAO VENOSAN ULCERAID AD;29082017;F;39600;000;000;0000;0000;0000;CX;UN;100;000;000;A;VENOSAN BRASIL;0000240291;20;000;000;10349310003;VIGENTE;789836091557; ;N;N;100911650;MC;;N;N
0000313270;0000313270;MELOXICAM 15MG 10CPDS;26062020;V;1635;2260;000;1635;2260;0000;CX;CPDS;1000;000;000;A;PRATI-DONADUZZI;0000313270;50;000;000;1256803050015;31122024;7899547520880;+;N;S;90474040;  ;;S;N
0000313271;0000313271;MELOXICAM 15MG 500CPDS;26062020;F;168079;000;000;3362;0000;0000;CX;CPDS;50000;000;000;A;PRATI-DONADUZZI;0000313271;50;000;000;1256803050090;31122024;7899547520941;+;S;S;90474031;  ;;S;N
0000277157;0000277157;MELOXICAN 15MG 10CPDS;30062020;V;2952;4081;000;2952;4081;0000;CX;CPDS;1000;000;000;A;SANDOZ;0000277157;50;000;000;1004705720037;30112020;7897595631695;+;N;S;90350510;  ;;S;N
0000277156;0000277156;MELOXICAN 7,5MG 10CPDS;30062020;V;1399;1934;000;1399;1934;0000;CX;CPDS;1000;000;000;A;SANDOZ;0000277156;50;000;000;1004705720010;30112020;7897595631688;+;N;S;90350502;  ;;S;N
0000161710;0000161710;MEMBRACEL CURATIVO MEMBRANA REGENERADORA 10X15CM C/POROS GRD.2-3MM;11032021;F;34125;000;000;0000;0000;0000;CX;UN;100;000;000;P;VUELO PHARMA;0000161710;20;000;000;80074780002;08122023;7898936988270; ;N;N;;MC;M10X15PG;N;N
0000161709;0000161709;MEMBRACEL CURATIVO MEMBRANA REGENERADORA 10X15CM C/POROS MED.1-2MM;11032021;F;34125;000;000;0000;0000;0000;CX;UN;100;000;000;P;VUELO PHARMA;0000161709;20;000;000;80074780002;08122023;7898936988263; ;N;N;;MC;M10X15PM;N;N
0000247666;0000247666;MEMBRACEL CURATIVO MEMBRANA REGENERADORA 10X15CM S/POROS;11032021;F;34125;000;000;0000;0000;0000;CX;UN;100;000;000;P;VUELO PHARMA;0000247666;20;000;000;80074780002;08122023;7898936988034; ;N;N;;MC;M10X15SP;N;N
0000161712;0000161712;MEMBRACEL CURATIVO MEMBRANA REGENERADORA 12X18CM C/POROS GRD.2-3MM;11032021;F;44540;000;000;0000;0000;0000;CX;UN;100;000;000;P;VUELO PHARMA;0000161712;20;000;000;80074780002;08122023;7898936988300; ;N;N;;MC;M12X18PG;N;N
0000161711;0000161711;MEMBRACEL CURATIVO MEMBRANA REGENERADORA 12X18CM C/POROS MED.1-2MM;11032021;F;44540;000;000;0000;0000;0000;CX;UN;100;000;000;P;VUELO PHARMA;0000161711;20;000;000;80074780002;08122023;7898936988294; ;N;N;;MC;M12X18PM;N;N
0000247667;0000247667;MEMBRACEL CURATIVO MEMBRANA REGENERADORA 12X18CM S/POROS;11032021;F;44540;000;000;0000;0000;0000;CX;UN;100;000;000;P;VUELO PHARMA;0000247667;20;000;000;80074780002;08122023;7898936988348; ;N;N;;MC;M12X18SP;N;N
0000161714;0000161714;MEMBRACEL CURATIVO MEMBRANA REGENERADORA 15X20CM C/POROS GRD.2-3MM;11032021;F;60585;000;000;0000;0000;0000;CX;UN;100;000;000;P;VUELO PHARMA;0000161714;20;000;000;80074780002;08122023;7898936988669; ;N;N;;MC;M15X20PG;N;N
0000161713;0000161713;MEMBRACEL CURATIVO MEMBRANA REGENERADORA 15X20CM C/POROS MED.1-2MM;11032021;F;60585;000;000;0000;0000;0000;CX;UN;100;000;000;P;VUELO PHARMA;0000161713;20;000;000;80074780002;08122023;7898936988324; ;N;N;;MC;M15X20PM;N;N
0000247668;0000247668;MEMBRACEL CURATIVO MEMBRANA REGENERADORA 15X20CM S/POROS;11032021;F;60585;000;000;0000;0000;0000;CX;UN;100;000;000;P;VUELO PHARMA;0000247668;20;000;000;80074780002;08122023;7898936988331; ;N;N;;MC;M15X20SP;N;N
0000161696;0000161696;MEMBRACEL CURATIVO MEMBRANA REGENERADORA 5CM C/POROS GRD.2-3MM;11032021;F;6120;000;000;0000;0000;0000;CX;UN;100;000;000;P;VUELO PHARMA;0000161696;20;000;000;80074780002;08122023;7898936988065; ;N;N;;MC;M5PG;N;N
0000161695;0000161695;MEMBRACEL CURATIVO MEMBRANA REGENERADORA 5CM C/POROS MED.1-2MM;11032021;F;6120;000;000;0000;0000;0000;CX;UN;100;000;000;P;VUELO PHARMA;0000161695;20;000;000;80074780002;08122023;7898936988058; ;N;N;;MC;M5PM;N;N
0000161706;0000161706;MEMBRACEL CURATIVO MEMBRANA REGENERADORA 5X7,5CM C/POROS GRD.2-3MM;11032021;F;9650;000;000;0000;0000;0000;CX;UN;100;000;000;P;VUELO PHARMA;0000161706;20;000;000;80074780002;08122023;7898936988218; ;N;N;;MC;M5X7,5PG;N;N
0000161705;0000161705;MEMBRACEL CURATIVO MEMBRANA REGENERADORA 5X7,5CM C/POROS MED.1-2MM;11032021;F;9650;000;000;0000;0000;0000;CX;UN;100;000;000;P;VUELO PHARMA;0000161705;20;000;000;80074780002;08122023;7898936988201; ;N;N;;MC;M5X7,5PM;N;N
0000247664;0000247664;MEMBRACEL CURATIVO MEMBRANA REGENERADORA 5X7,5CM S/POROS;11032021;F;9650;000;000;0000;0000;0000;CX;UN;100;000;000;P;VUELO PHARMA;0000247664;20;000;000;80074780002;08122023;7898936988010; ;N;N;;MC;M5X7,5SP;N;N
0000161708;0000161708;MEMBRACEL CURATIVO MEMBRANA REGENERADORA 7,5X10CM C/POROS GRD.2-3MM;11032021;F;16760;000;000;0000;0000;0000;CX;UN;100;000;000;P;VUELO PHARMA;0000161708;20;000;000;80074780002;08122023;7898936988249; ;N;N;;MC;M7,5X10PG;N;N
0000161707;0000161707;MEMBRACEL CURATIVO MEMBRANA REGENERADORA 7,5X10CM C/POROS MED.1-2MM;11032021;F;16760;000;000;0000;0000;0000;CX;UN;100;000;000;P;VUELO PHARMA;0000161707;20;000;000;80074780002;08122023;7898936988232; ;N;N;;MC;M7,5X10PM;N;N
0000247665;0000247665;MEMBRACEL CURATIVO MEMBRANA REGENERADORA 7,5X10CM S/POROS;11032021;F;16760;000;000;0000;0000;0000;CX;UN;100;000;000;P;VUELO PHARMA;0000247665;20;000;000;80074780002;08122023;7898936988027; ;N;N;;MC;M7,5X10SP;N;N
0000161702;0000161702;MEMBRACEL CURATIVO MEMBRANA REGENERADORA 8CM C/POROS GRD.2-3MM;11032021;F;12020;000;000;0000;0000;0000;CX;UN;100;000;000;P;VUELO PHARMA;0000161702;20;000;000;80074780002;08122023;7898936988157; ;N;N;;MC;M8PG;N;N
0000161701;0000161701;MEMBRACEL CURATIVO MEMBRANA REGENERADORA 8CM C/POROS MED.1-2MM;11032021;F;12020;000;000;0000;0000;0000;CX;UN;100;000;000;P;VUELO PHARMA;0000161701;20;000;000;80074780002;08122023;7898936988140; ;N;N;;MC;M8PM;N;N
0000263800;0000263800;MEMORALL 10MG 500CPDS REV.(EMB.HOSP);23062020;F;263423;000;000;5268;0000;0000;CX;CPDS;50000;000;000;A;TEUTO BRAS;0000263800;50;000;000;1037005970169;31082023;7896112167396;+;S;S;90339347;  ;;N;N
0000290882;0000290882;MENACTRA SOL.INJ.1FA 0,5ML;30062020;V;23829;31748;000;0000;0000;0000;FA;ML;050;000;000;A;SANOFI MEDLEY;0000290882;50;000;000;1832603970014;31032027;7891058019747;-;N;N;90476077;  ;;N;N
0000316421;0000316421;MENELAT ODT 15MG 30CPDS ORODISP.;01112020;V;4444;6143;000;1481;2048;0000;CX;CPDS;3000;000;000;A;TORRENT;0000316421;50;000;000;1052500810077;31032030;8903855082813;+;N;S;90474520;  ;;N;N
0000316420;0000316420;MENELAT ODT 15MG 6CPDS ORODISP.;01112020;V;889;1229;000;1482;2048;0000;CX;CPDS;600;000;000;A;TORRENT;0000316420;50;000;000;1052500810018;31032030;8903855082790;+;N;S;90474465;  ;;N;N
0000316422;0000316422;MENELAT ODT 30MG 30CPDS ORODISP.;01112020;V;8887;12286;000;2962;4095;0000;CX;CPDS;3000;000;000;A;TORRENT;0000316422;50;000;000;1052500810085;31032030;8903855082844;+;N;S;90474449;  ;;N;N
0000316423;0000316423;MENELAT ODT 45MG 30CPDS ORODISP.;01112020;V;12636;17469;000;4212;5823;0000;CX;CPDS;3000;000;000;A;TORRENT;0000316423;50;000;000;1052500810093;31032030;8903855082875;+;N;S;90474457;  ;;N;N
0000317848;0000317848;MEO 50MG/ML SOL.CAPILAR 50ML+VALV.SPR;01102020;V;14071;18747;000;0000;0000;0000;FR;ML;5000;000;000;A;SUN FARMACEUTICA;0000317848;50;000;000;1468200910027;30062030;7898272945777;-;N;N;90486390;  ;;S;N
0000259676;0000259676;MEPACT 4MG PO LIOF.INJ.1FA 50ML+FILTRO ESTERIL;07072020;V;1602664;2135243;000;0000;0000;0000;FA;ML;5000;000;000;A;TAKEDA;0000259676;50;000;000;1063902700018;31102029;7896641809842;-;N;N;90394410;  ;;N;N
0000028001;0000028001;MERCILON 150+20MCG 3BLX21CPDS;30062020;V;9288;12840;000;1474;2038;0000;CX;CPDS;6300;000;000;A;SCHERING PLOUGH;0000028001;50;000;000;1017100680038;31102023;7897572000025;+;N;S;90342119;  ;;N;N
0000268159;0000268159;MERCILON CONTI 84CPDS;30062020;V;9000;12442;000;1071;1481;0000;CX;CPDS;8400;000;000;A;SCHERING PLOUGH;0000268159;50;000;000;1017101020023;31102022;7897572006102;+;N;S;90342127;  ;;N;N
0000306633;0000306633;MERIONAL HG 75UI PO LIOF.FA+DIL.AMP 1ML;23062020;V;9955;13762;000;0000;0000;0000;CX;FR;100;000;000;A;UCB BIOPHARMA;0000306633;50;000;000;1236100890015;31012023;7895197030458;+;N;N;90407261;  ;;N;N
0000308781;0000308781;MEROPENEM 1G PO SOL.INJ.20ML;23062020;F;18751;000;000;0000;0000;0000;CX;FA;100;000;000;A;TEUTO BRAS;0000308781;50;000;000;1037007280062;28022024;7896112103097;+;S;N;90450248;  ;;S;N
0000308780;0000308780;MEROPENEM 500MG PO SOL.INJ.15ML;23062020;F;10809;000;000;0000;0000;0000;CX;FA;100;000;000;A;TEUTO BRAS;0000308780;50;000;000;1037007280011;28022024;7896112103042;+;S;N;90450230;  ;;S;N
0000308618;0000308618;MEROPENEN 1G SOL.INJ.10FA 20ML;30062020;F;187500;000;000;187500;0000;0000;CX;FA;1000;000;000;A;SANDOZ;0000308618;50;000;000;1004705990077;31012022;7897595633897;+;S;S;90403037;  ;;S;N
0000307288;0000307288;MEROPENEN 500MG SOL.INJ.10FA 15ML;30062020;F;108085;000;000;108085;0000;0000;CX;FA;1000;000;000;A;SANDOZ;0000307288;50;000;000;1004705990026;31012022;7897595633842;+;S;S;90403029;  ;;S;N
0000315417;0000315417;MESACOL 250MG 15SUPS;07072020;V;4320;5972;000;2880;3981;0000;CX;SUPS;1500;000;000;A;TAKEDA;0000315417;50;000;000;1063902000105;31032025;7896641808777;+;N;S;90424140;  ;;N;N
0000315416;0000315416;MESACOL 500MG 10SUPS;07072020;V;5766;7971;000;5766;7971;0000;CX;SUPS;1000;000;000;A;TAKEDA;0000315416;50;000;000;1063902480018;31032025;7896641803079;+;N;S;90174186;  ;;N;N
0000315418;0000315418;MESACOL 500MG 15SUPS;07072020;V;8649;11957;000;5766;7971;0000;CX;SUPS;1500;000;000;A;TAKEDA;0000315418;50;000;000;1063902480026;31032025;7896641813061;+;N;S;90424158;  ;;N;N
0000315415;0000315415;MESACOL 800MG 30CPDS REV.LIB.RETARD.;07072020;V;14430;19949;000;4810;6650;0000;CX;CPDS;3000;000;000;A;TAKEDA;0000315415;50;000;000;1063902480042;31032025;7896641802980;+;N;S;90174208;  ;;N;N
0000307047;0000307047;MESALAZINA 400MG 30CPDS REV.;26062020;V;6090;8419;000;2030;2806;0000;CX;CPDS;3000;000;000;A;PRATI-DONADUZZI;0000307047;50;000;000;1256802760027;29022024;7899547503418;+;N;S;90437098;  ;;S;N
0000312071;0000312071;MESILATO DOXAZOSINA 2MG 30CPDS;26062020;V;1671;2310;000;0557;0770;0000;CX;CPDS;3000;000;000;A;PRATI-DONADUZZI;0000312071;50;000;000;1256802990103;30112024;7899547522716;+;N;S;90474260;  ;;S;N
0000312074;0000312074;MESILATO DOXAZOSINA 4MG 30CPDS;26062020;V;3246;4487;000;1082;1496;0000;CX;CPDS;3000;000;000;A;PRATI-DONADUZZI;0000312074;50;000;000;125680299026;30112024;7899547522877;+;N;S;;  ;;S;N
0000319857;0000319857;MESILATO IMATINIBE 100MG 60CPDS REV.;16122020;V;422593;584210;000;70432;97368;0000;CX;CPDS;6000;000;000;A;SUN FARMACEUTICA;0000319857;50;000;000;1468200960016;31082030;7898272945999;+;N;S;90499557;  ;;S;N
0000319858;0000319858;MESILATO IMATINIBE 100MG BL.AL.AL.DESSEC.60CPDS.REV;16122020;V;422593;584210;000;70432;97368;0000;CX;CPDS;6000;000;000;A;SUN FARMACEUTICA;0000319858;50;000;000;1468200960024;31082030;7898272945852;+;N;S;90499565;  ;;S;N
0000319859;0000319859;MESILATO IMATINIBE 400MG 30CPDS REV.;16122020;V;845187;1168421;000;281729;389474;0000;CX;CPDS;3000;000;000;A;SUN FARMACEUTICA;0000319859;50;000;000;1468200960032;31082030;7898272946002;+;N;S;90499573;  ;;S;N
0000319860;0000319860;MESILATO IMATINIBE 400MG BL.AL.AL.DESSEC.30CPDS.REV;16122020;V;845187;1168421;000;281729;389474;0000;CX;CPDS;3000;000;000;A;SUN FARMACEUTICA;0000319860;50;000;000;1468200960040;31082030;7898272945869;+;N;S;90499581;  ;;S;N
0000290341;0000290341;METAMUCIL NATURAL 0,492G/G PO SOL.EXTEMP.210GR;01122020;V;6542;8716;000;0000;0000;0000;FR;GR;21000;000;000;A;PROCTER;0000290341;50;000;000;1214200080480;21022023;7500435121965;-;N;N;;  ;;N;N
0000319612;0000319612;METILDOPA 250MG 30CPDS REV.;08122020;V;1615;2233;000;0538;0744;0000;CX;CPDS;3000;000;000;A;PRATI-DONADUZZI;0000319612;50;000;000;1256803040011;31122029;7899547523928;+;N;S;90478010;  ;;S;N
0000319613;0000319613;METILDOPA 500MG 30CPDS REV.;08122020;V;3150;4355;000;1050;1452;0000;CX;CPDS;3000;000;000;A;PRATI-DONADUZZI;0000319613;50;000;000;1256803040151;31122029;7899547524130;+;N;S;90499697;  ;;S;N
0000241558;0000241558;METRONIDAZOL 100MG/G GEL.VAG.50BG 50G+500APL.(EMB.HOSP.);26062020;F;23072;000;000;4614;0000;0000;CX;BG;5000;000;000;A;PRATI-DONADUZZI;0000241558;50;000;000;1256800430038;28022022;7899547507409;+;S;S;90236831;  ;;S;N
0000298635;0000298635;METRONIDAZOL 250MG 20CPDS;07072020;V;796;1100;000;0398;0550;0000;CX;CPDS;2000;000;000;A;TEUTO BRAS;0000298635;50;000;000;1037007140015;31032023;7896112102519;+;N;S;90404319;  ;;S;N
0000298636;0000298636;METRONIDAZOL 400MG 24CPDS;07072020;V;1284;1775;000;0535;0740;0000;CX;CPDS;2400;000;000;A;TEUTO BRAS;0000298636;50;000;000;1037007140082;31032023;7896112102663;+;N;S;90404289;  ;;S;N
0000299056;0000299056;METRONIDAZOL 500MG/5G GEL VAG.50G+10APLIC.;07072020;V;1435;1984;000;0287;0397;0000;BG;GRS;5000;000;000;A;TEUTO BRAS;0000299056;50;000;000;1037007140066;31032023;7896112102700;+;N;S;90404343;  ;;S;N
0000267830;0000267830;METRONIDAZOL+NISTATINA 100MG/G+20000UI/G CRM.VAG.50G+APL.;07072020;V;2725;3631;000;0545;0726;0000;BG;GRS;5000;000;000;A;TEUTO BRAS;0000267830;50;000;000;1037006640014;31122020;7896112196082;-;N;S;90339487;  ;;S;N
0000302223;0000302223;MICOLAMINA 10MG/ML LOCAO SPRAY 15ML;19062020;V;2413;3215;000;0000;0000;0000;FR;ML;1500;000;000;A;THERASKIN;0000302223;50;000;000;1019102680082;30092024;7897129303647;-;N;N;90403487;  ;;N;N
0000301920;0000301920;MICOLAMINA 10MG/ML LOCAO SPRAY 50ML;19062020;V;5348;7122;000;0000;0000;0000;FR;ML;5000;000;000;A;THERASKIN;0000301920;50;000;000;1019102680104;30092024;7897129301223;-;N;N;90403452;  ;;N;N
0000302224;0000302224;MICOLAMINA 80MG/G ESMALTE P/UNHAS 3G+LIXA;19062020;V;6915;9213;000;0000;0000;0000;FR;GRS;300;000;000;A;THERASKIN;0000302224;50;000;000;1019102680031;30092024;7897129303630;-;N;N;90403460;  ;;N;N
0000309112;0000309112;MICRODISSECTOR RF EASYCUT RETO 170MM PTA.05MM 45° PTA.ATIVA 3MM;05012021;F;1050000;000;000;0000;0000;0000;CX;UN;100;000;000;A;BRAMSYS;0000309112;20;000;800;80195520004;04072025;; ;N;N;79209750;ME;BMS-D423;N;N
0000316359;0000316359;MICROESFERAS P/EMBOLIZACAO EMBOZENE SERINGA 2ML 100UM;30072020;F;610000;000;000;0000;0000;0000;CX;SER;100;000;000;A;HEMOCAT;0000316359;20;000;000;10405410039;27032027;; ;N;N;100956025;ME;11020-S1;N;N
0000316365;0000316365;MICROESFERAS P/EMBOLIZACAO EMBOZENE SERINGA 2ML 1100UM;30072020;F;610000;000;000;0000;0000;0000;CX;SER;100;000;000;A;HEMOCAT;0000316365;20;000;000;10405410039;27032027;; ;N;N;100955991;ME;111020-S1;N;N
0000316366;0000316366;MICROESFERAS P/EMBOLIZACAO EMBOZENE SERINGA 2ML 1300UM;30072020;F;610000;000;000;0000;0000;0000;CX;SER;100;000;000;A;HEMOCAT;0000316366;20;000;000;10405410039;27032027;; ;N;N;100955894;ME;113020-S1;N;N
0000316360;0000316360;MICROESFERAS P/EMBOLIZACAO EMBOZENE SERINGA 2ML 250UM;30072020;F;610000;000;000;0000;0000;0000;CX;SER;100;000;000;A;HEMOCAT;0000316360;20;000;000;10405410039;27032027;; ;N;N;100956017;ME;12020-S1;N;N
0000316361;0000316361;MICROESFERAS P/EMBOLIZACAO EMBOZENE SERINGA 2ML 400UM;30072020;F;610000;000;000;0000;0000;0000;CX;SER;100;000;000;A;HEMOCAT;0000316361;20;000;000;10405410039;27032027;; ;N;N;100955983;ME;14020-S1;N;N
0000320069;0000320069;MICROESFERAS P/EMBOLIZACAO EMBOZENE SERINGA 2ML 40UM;23122020;F;610000;000;000;0000;0000;0000;CX;SER;100;000;000;A;HEMOCAT;0000320069;20;000;000;10405410039;27032027;; ;N;N;100956009;ME;10420-S1;N;N
0000316362;0000316362;MICROESFERAS P/EMBOLIZACAO EMBOZENE SERINGA 2ML 500UM;30072020;F;610000;000;000;0000;0000;0000;CX;SER;100;000;000;A;HEMOCAT;0000316362;20;000;000;10405410039;27032027;; ;N;N;100955975;ME;15020-S1;N;N
0000316363;0000316363;MICROESFERAS P/EMBOLIZACAO EMBOZENE SERINGA 2ML 700UM;30072020;F;610000;000;000;0000;0000;0000;CX;SER;100;000;000;A;HEMOCAT;0000316363;20;000;000;10405410039;27032027;; ;N;N;100955916;ME;17020-S1;N;N
0000316358;0000316358;MICROESFERAS P/EMBOLIZACAO EMBOZENE SERINGA 2ML 75UM;30072020;F;610000;000;000;0000;0000;0000;CX;SER;100;000;000;A;HEMOCAT;0000316358;20;000;000;10405410039;27032027;; ;N;N;100955851;ME;10720-S1;N;N
0000316364;0000316364;MICROESFERAS P/EMBOLIZACAO EMBOZENE SERINGA 2ML 900UM;30072020;F;610000;000;000;0000;0000;0000;CX;SER;100;000;000;A;HEMOCAT;0000316364;20;000;000;10405410039;27032027;; ;N;N;100955843;ME;19020-S1;N;N
0000316369;0000316369;MICROESFERAS P/QUIMIOEMBOLIZACAO TANDEM SERINGA 2ML 100UM;30072020;F;1900000;000;000;0000;0000;0000;CX;SER;100;000;000;A;HEMOCAT;0000316369;20;000;000;10405410040;10022030;; ;N;N;100956041;ME;11020-TSO;N;N
0000316367;0000316367;MICROESFERAS P/QUIMIOEMBOLIZACAO TANDEM SERINGA 2ML 40UM;30072020;F;1900000;000;000;0000;0000;0000;CX;SER;100;000;000;A;HEMOCAT;0000316367;20;000;000;10405410040;10022030;; ;N;N;100956050;ME;10420-TSO;N;N
0000316368;0000316368;MICROESFERAS P/QUIMIOEMBOLIZACAO TANDEM SERINGA 2ML 75UM;30072020;F;1900000;000;000;0000;0000;0000;CX;SER;100;000;000;A;HEMOCAT;0000316368;20;000;000;10405410040;10022030;; ;N;N;100956092;ME;10720-TSO;N;N
0000269360;0000269360;MICROPIL R21 0,075+0,020MG 63CPDS REV.;07072020;V;4504;6227;000;0715;0988;0000;CX;CPDS;6300;000;000;A;SIGMA PHARMA;0000269360;50;000;000;1356906080045;31122020;7896004754123;+;N;S;90322649;  ;;N;N
0000271442;0000271442;MIDAZOLAM 1MG/ML SOL.INJ.5AMP 5ML(EMB.HOSP.);23062020;F;2405;000;000;4810;0000;0000;CX;AMP;500;000;000;A;TEUTO BRAS;0000271442;50;000;000;1037006360011;30072020;7896112175476;+;S;S;90350880;  ;;S;N
0000271445;0000271445;MIDAZOLAM 5MG/ML SOL.INJ.5AMP 10ML(MB.HOSP.);07072020;F;12154;000;000;24308;0000;0000;CX;AMP;500;000;000;A;TEUTO BRAS;0000271445;50;000;000;1037006360178;30072020;7896112175230;+;S;S;90350936;  ;;S;N
0000271443;0000271443;MIDAZOLAM 5MG/ML SOL.INJ.5AMP 3ML(EMB.HOSP.);23062020;F;4404;000;000;8808;0000;0000;CX;AMP;500;000;000;A;TEUTO BRAS;0000271443;50;000;000;1037006360054;30072020;7896112175216;+;S;S;90350863;  ;;S;N
0000311784;0000311784;MIDAZOLAM 5MG/ML SOL.INJ.5AMP 3ML(EMB.HOSP.NV.CART.);23062020;F;4404;000;000;8808;0000;0000;CX;AMP;500;000;000;A;TEUTO BRAS;0000311784;50;000;000;1037006360054;30072020;7896112101307;+;S;S;;  ;;S;N
0000277008;0000277008;MINERGI 0,375MG 10CPDS LIB.PROLONG.;30062020;V;1739;2404;000;1739;2404;0000;CX;CPDS;1000;000;000;A;SUPERA;0000277008;50;000;000;1037202490011;31072020;7899420504693;+;N;S;90357086;  ;;N;N
0000284080;0000284080;MINERGI 0,375MG 30CPDS LIB.PROLONG.;30062020;V;5277;7295;000;1759;2432;0000;CX;CPDS;3000;000;000;A;SUPERA;0000284080;50;000;000;1037202490021;31072020;7899420504723;+;N;S;90345436;  ;;N;N
0000277009;0000277009;MINERGI 0,750MG 10CPDS LIB.PROLONG.;30062020;V;3254;4498;000;3254;4498;0000;CX;CPDS;1000;000;000;A;SUPERA;0000277009;50;000;000;1037202490046;31072020;7899420504761;+;N;S;90357078;  ;;N;N
0000284142;0000284142;MINERGI 0,750MG 30CPDS LIB.PROLONG.;30062020;V;9884;13664;000;3295;4555;0000;CX;CPDS;3000;000;000;A;SUPERA;0000284142;50;000;000;1037202490054;31072020;7899420504792;+;N;S;90345444;  ;;N;N
0000284083;0000284083;MINERGI 1,50MG 30CPDS LIB.PROLONG.;30062020;V;19767;27327;000;6589;9109;0000;CX;CPDS;3000;000;000;A;SUPERA;0000284083;50;000;000;1037202490089;31072020;7899420504860;+;N;S;90345452;  ;;N;N
0000320382;0000320382;MINOXIDIL 50MG/ML SOL.CAP 50ML +VAL.SPR;02022021;V;8228;10962;000;1646;2192;0000;FR;ML;5000;000;000;A;RANBAXY;0000320382;50;000;000;1235202710026;31082030;7897076922434;-;N;S;90490959;  ;;S;N
0000298783;0000298783;MIRTAZAPINA 15MG 30CPDS ORODISP.;19062020;V;6738;9315;000;2246;3105;0000;BL;CPDS;3000;000;000;A;SANOFI MEDLEY;0000298783;50;000;000;1832602890076;30082022;7896422506076;+;N;S;90422210;  ;;S;N
0000307049;0000307049;MIRTAZAPINA 30MG 300CPDS REV.;26062020;F;172228;000;000;5741;0000;0000;CX;CPDS;30000;000;000;A;PRATI-DONADUZZI;0000307049;50;000;000;1256802770057;31032024;7899547521320;+;S;S;90433823;  ;;S;N
0000298782;0000298782;MIRTAZAPINA 30MG 30CPDS ORODISP.;19062020;V;13478;18633;000;4493;6211;0000;BL;CPDS;3000;000;000;A;SANOFI MEDLEY;0000298782;50;000;000;1832602890084;30082022;7896422506069;+;N;S;90422228;  ;;S;N
0000307048;0000307048;MIRTAZAPINA 30MG 30CPDS REV.;26062020;V;8878;12273;000;2959;4091;0000;CX;CPDS;3000;000;000;A;PRATI-DONADUZZI;0000307048;50;000;000;1256802770030;31032024;7899547521306;+;N;S;90433840;  ;;S;N
0000307051;0000307051;MIRTAZAPINA 45MG 300CPDS REV.;26062020;F;244833;000;000;8161;0000;0000;CX;CPDS;30000;000;000;A;PRATI-DONADUZZI;0000307051;50;000;000;1256802770146;31032024;7899547521429;+;S;S;90433866;  ;;S;N
0000298781;0000298781;MIRTAZAPINA 45MG 30CPDS ORODISP.;19062020;V;19162;26490;000;6387;8830;0000;BL;CPDS;3000;000;000;A;SANOFI MEDLEY;0000298781;50;000;000;1832602890092;30082022;7896422506052;+;N;S;90422236;  ;;S;N
0000314128;0000314128;MIRTAZAPINA 45MG 30CPDS ORODISPERSIVEL;07072020;V;19161;26489;000;6387;8830;0000;CX;CPDS;3000;000;000;A;NEO QUIMICA;0000314128;50;000;000;1558405660099;28022029;7896714274157;+;N;S;90444701;  ;;S;N
0000307050;0000307050;MIRTAZAPINA 45MG 30CPDS REV.;26062020;V;11696;18169;000;2599;4038;0000;CX;CPDS;4500;000;000;A;PRATI-DONADUZZI;0000307050;50;000;000;1256802770121;31032024;7899547521405;+;N;S;90433939;  ;;S;N
0000255960;0000255960;MITRUL 15MG 10CAPS LIB.PROLONG.;27062020;V;3554;4736;000;3554;4736;0000;CX;CAPS;1000;000;000;A;ZODIAC;0000255960;50;000;000;1221400930030;31102024;7892953001837;-;N;S;90324617;  ;;N;N
0000255961;0000255961;MITRUL 15MG 2CAPS LIB.PROLONG.;27062020;V;712;949;000;3560;4745;0000;CX;CAPS;200;000;000;A;ZODIAC;0000255961;50;000;000;1221400930014;31102024;7892953001813;-;N;S;90324595;  ;;N;N
0000255962;0000255962;MITRUL 15MG 5CAPS LIB.PROLONG.;27062020;V;1778;2368;000;3556;4736;0000;CX;CAPS;500;000;000;A;ZODIAC;0000255962;50;000;000;1221400930022;31102024;7892953001820;-;N;S;90324609;  ;;N;N
0000320643;0000320643;MOBILITY 10G 30SACHES;17022021;F;15086;000;000;5029;0000;0000;CX;SACH;3000;000;000;A;SANOFI MEDLEY;0000320643;50;000;000;ISENTO;;7891058003968; ;N;S;;  ;;N;S
0000320638;0000320638;MOBILITY ACTION 30SACHES 20G;17022021;F;19200;000;000;6400;0000;0000;CX;SACH;3000;000;000;A;SANOFI MEDLEY;0000320638;50;000;000;ISENTO;;7891058000141; ;N;S;;  ;;N;S
0000317887;0000317887;MOBILITY OSCAL D 500MG+1000UI 60CPDS REV.;17022021;F;5572;000;000;0929;0000;0000;CX;CPDS;6000;000;000;A;SANOFI MEDLEY;0000317887;50;000;000;ISENTO;;7891058022730; ;N;S;;  ;;N;S
0000320572;0000320572;MODELADOR NASAL SPLINT NASAL EXTERNO ALUMINIO GRD.JUMBO;09022021;F;120000;000;000;0000;0000;0000;BL;UN;100;000;000;A;AXISTE PROD MED HOSP;0000320572;20;000;000;80472610003;VIGENTE;; ;N;N;100887295;ME;JSAL;N;N
0000320573;0000320573;MODELADOR NASAL SPLINT NASAL EXTERNO ALUMINIO MED.JUMBO;09022021;F;120000;000;000;0000;0000;0000;BL;UN;100;000;000;A;AXISTE PROD MED HOSP;0000320573;20;000;000;80472610003;VIGENTE;; ;N;N;100887295;ME;JSAM;N;N
0000320574;0000320574;MODELADOR NASAL SPLINT NASAL EXTERNO ALUMINIO PEQ.JUMBO;09022021;F;120000;000;000;0000;0000;0000;BL;UN;100;000;000;A;AXISTE PROD MED HOSP;0000320574;20;000;000;80472610003;VIGENTE;; ;N;N;100887295;ME;JSAS;N;N
0000321040;0000321040;MODULO ANI MOC-9 MDOLORIS;10032021;F;3489600;000;000;0000;0000;0000;   ;UN;100;000;000;I;CNPH;0000321040;20;000;000;81504790220;VIGENTE;; ;N;N;;BD;;N;N
0000321039;0000321039;MONITOR ANI V2 MDOLORIS;10032021;F;9755400;000;000;0000;0000;0000;   ;UN;100;000;000;I;CNPH;0000321039;20;000;000;81832580074;VIGENTE;; ;N;N;;BD;;N;N
0000320439;0000320439;MONOFER 100MG/ML SOL.INFUS FA 10ML;02022021;F;93021;000;000;0000;0000;0000;CX;FA;100;000;000;A;WYETH;0000320439;50;000;000;1211004750024;31032030;7891045032940;-;N;N;90482212;  ;;N;N
0000320438;0000320438;MONOFER 100MG/ML SOL.INFUS FA 5ML;02022021;F;46510;000;000;0000;0000;0000;CX;FA;100;000;000;A;WYETH;0000320438;50;000;000;1211004750016;31032030;7891045032933;-;N;N;90482220;  ;;N;N
0000251223;0000251223;MONTELUCASTE SODICO 10MG 10CPDS REV.;07072020;V;1783;2465;000;1783;2465;0000;CX;CPDS;1000;000;000;A;TEUTO BRAS;0000251223;50;000;000;1037006080027;30062024;7896112166863;+;N;S;90312147;  ;;S;N
0000296956;0000296956;MONTELUCASTE SODICO 10MG 10CPDS REV.;30062020;V;6694;9254;000;6694;9254;0000;CX;CPDS;1000;000;000;A;ZYDUS NIKKHO;0000296956;50;000;000;1565100350013;28022027;7898940658060;-;N;S;;  ;;S;N
0000177589;0000177589;MONTELUCASTE SODICO 10MG 30CPDS REV.;06042018;V;4447;6148;000;1482;2049;0000;CX;CPDS;3000;000;000;A;ZYDUS NIKKHO;0000177589;50;000;000;1565100350021;28022027;7898940658077;+;N;S;90241525;  ;;S;N
0000251225;0000251225;MONTELUCASTE SODICO 10MG 30CPDS REV.;07072020;V;3809;5266;000;1270;1755;0000;CX;CPDS;3000;000;000;A;TEUTO BRAS;0000251225;50;000;000;1037006080043;30062024;7896112166887;+;N;S;90312155;  ;;S;N
0000266912;0000266912;MONTELUCASTE SODIO 10MG 10CPDS REV.;19062020;V;2228;3080;000;2228;3080;0000;CX;CAPS;1000;000;000;A;SANOFI MEDLEY;0000266912;50;000;000;1832600870019;31052025;7896422530057;+;N;S;90346483;  ;;S;N
0000266913;0000266913;MONTELUCASTE SODIO 10MG 30CPDS REV.;19062020;V;6698;9260;000;2233;3087;0000;CX;CAPS;3000;000;000;A;SANOFI MEDLEY;0000266913;50;000;000;1832600870027;31052025;7896422530088;+;N;S;90346491;  ;;S;N
0000260443;0000260443;MONURIL 5,631G GRAN 2ENV.8G;07072020;V;7707;10654;000;38535;53270;0000;CX;ENV;200;000;000;A;ZAMBON;0000260443;50;000;000;1008401390031;30032025;7898074615212;+;N;S;90324528;  ;;N;N
0000317111;0000317111;MORIALE ODT 10MG 30CPDS ORODISP.;01092020;V;5500;7603;000;1833;2534;0000;CX;CPDS;3000;000;000;A;SIGMA PHARMA;0000317111;50;000;000;1023513240092;31122029;7894916514521;+;N;S;90481267;  ;;N;N
0000317112;0000317112;MORIALE ODT 10MG 60CPDS ORODISP.;01092020;V;9350;12926;000;1558;2154;0000;CX;CPDS;6000;000;000;A;SIGMA PHARMA;0000317112;50;000;000;1023513240106;31122029;7894916514538;+;N;S;90481275;  ;;N;N
0000317110;0000317110;MORIALE ODT 10MG 7CPDS ORODISP.;01092020;V;1283;1774;000;1833;2534;0000;CX;CPDS;700;000;000;A;SIGMA PHARMA;0000317110;50;000;000;1023513240076;31122029;7894916514507;+;N;S;90481240;  ;;N;N
0000317108;0000317108;MORIALE ODT 5MG 30CPDS ORODISP.;01092020;V;5500;7603;000;1833;2534;0000;CX;CPDS;3000;000;000;A;SIGMA PHARMA;0000317108;50;000;000;1023513240033;31122029;7894916514460;+;N;S;90481305;  ;;N;N
0000317107;0000317107;MORIALE ODT 5MG 7CPDS ORODISP.;01092020;V;1283;1774;000;1833;2534;0000;CX;CPDS;700;000;000;A;SIGMA PHARMA;0000317107;50;000;000;1023513240017;31122029;7894916514446;+;N;S;90481216;  ;;N;N
0000312904;0000312904;MUCOSOLVAN 24HRS 75MG 10CPDS GEL.DURA;01022020;V;2921;3892;000;2921;3892;0000;CX;CPDS;1000;000;000;A;SANOFI MEDLEY;0000312904;50;000;000;1832603570105;30062025;7891058021658;-;N;S;90466810;  ;;N;N
0000320393;0000320393;MULTI-BI 335MG 05CAPS;02022021;V;3138;4217;000;6276;8434;0000;CX;CAPS;500;000;000;A;SUPERA;0000320393;50;000;000;ISENTO;;7899420507649; ;N;S;;  ;;N;S
0000320391;0000320391;MULTI-BI 335MG 10CAPS;02022021;V;4707;6326;000;4707;6326;0000;CX;CAPS;1000;000;000;A;SUPERA;0000320391;50;000;000;ISENTO;;7899420507656; ;N;S;;  ;;N;S
0000320392;0000320392;MULTI-BI 335MG 30CAPS;02022021;V;11734;15770;000;3911;5257;0000;CX;CAPS;3000;000;000;A;SUPERA;0000320392;50;000;000;ISENTO;;7899420507663; ;N;S;;  ;;N;S
0000290584;0000290584;MULTILER 10MG 10CPDS REV.;07072020;V;1784;2466;000;1784;2466;0000;CX;CPDS;1000;000;000;A;TEUTO BRAS;0000290584;50;000;000;1037006070021;30062024;7896112167020;+;N;S;90381203;  ;;N;N
0000319614;0000319614;MUPIROCINA 20MG/G POM.DERM.100BG 15G;08122020;F;285709;000;000;28571;0000;0000;CX;BG;10000;000;000;A;PRATI-DONADUZZI;0000319614;50;000;000;1256801570021;28022027;7899547535679;-;S;S;90499786;  ;;S;N
0000311086;0000311086;MYLUS 0,075MG 28CPDS REV.;30062020;V;2375;3283;000;0000;0000;0000;CX;CPDS;2800;000;000;A;UNIAO QUIMICA;0000311086;50;000;000;1049714330017;31072024;;+;N;N;90454650;  ;;N;N
0000311087;0000311087;MYLUS 0,075MG 84CPDS REV.;30062020;V;6505;8993;000;0000;0000;0000;CX;CPDS;8400;000;000;A;UNIAO QUIMICA;0000311087;50;000;000;1049714330025;31072024;;+;N;N;90452097;  ;;N;N
0000260355;0000260355;NAPROX 250MG LARANJA 20CPDS;07072020;V;1024;1364;000;0512;0682;0000;BL;CPDS;2000;000;000;A;TEUTO BRAS;0000260355;50;000;000;1037006210036;31052020;7896112123682;-;N;S;90312473;  ;;N;N
0000294866;0000294866;NAPROX 500MG 10CPDS;07072020;V;1019;1358;000;1019;1358;0000;CX;CPDS;1000;000;000;A;TEUTO BRAS;0000294866;50;000;000;1037006210117;31052020;7896112173403;-;N;S;90404238;  ;;N;N
0000260354;0000260354;NAPROX 500MG LARANJA 20CPDS;07072020;V;2038;2715;000;1019;1358;0000;BL;CPDS;2000;000;000;A;TEUTO BRAS;0000260354;50;000;000;1037006210133;31052020;7896112123675;-;N;S;90312481;  ;;N;N
0000275626;0000275626;NAPROXENO 500MG 10CPDS;07072020;V;1019;1358;000;1019;1358;0000;CX;CPDS;1000;000;000;A;TEUTO BRAS;0000275626;50;000;000;1037004460124;31082023;7896112121831;-;N;S;90351118;  ;;S;N
0000271692;0000271692;NATRILIX SR 1,5MG 15CPDS REV.LIB.PROLONG.;03072020;V;1573;2175;000;1049;1450;0000;CX;CPDS;1500;000;000;A;SERVIER;0000271692;50;000;000;1127800480078;31012020;7898029556836;+;N;S;90343387;  ;;N;N
0000271691;0000271691;NATRILIX SR 1,5MG 30CPDS REV.LIB.PROLONG.;03072020;V;3149;4353;000;1050;1451;0000;CX;CPDS;3000;000;000;A;SERVIER;0000271691;50;000;000;1127800480086;31012020;7898029556829;+;N;S;90343395;  ;;N;N
0000242044;0000242044;NATRILIX SR 1,5MG 60CPDS REV.LIB.PROLONG.;03072020;V;4560;6304;000;0760;1051;0000;CX;CPDS;6000;000;000;A;SERVIER;0000242044;50;000;000;1127800480132;31012020;7898029556812;+;N;S;90269136;  ;;N;N
0000317077;0000317077;NAXOTEC 500MG 10CPDS;01092020;V;1039;1384;000;1039;1384;0000;CX;CPDS;1000;000;000;A;UNIAO QUIMICA;0000317077;50;000;000;1049713640063;31072027;7896006212690;-;N;S;90491246;  ;;N;N
0000307019;0000307019;NEBACETIN 5MG/G+250UI/G POM.BG PLAST.15G;07072020;V;1347;1795;000;0000;0000;0000;BG;GRS;1500;000;000;A;TAKEDA;0000307019;50;000;000;1063902520044;30062024;7896641804588;-;N;N;90372760;  ;;N;N
0000307020;0000307020;NEBACETIN 5MG/G+250UI/G POM.BG PLAST.50G;07072020;V;2788;3714;000;0000;0000;0000;BG;GRS;5000;000;000;A;TAKEDA;0000307020;50;000;000;1063902520052;30062024;7896641804595;-;N;N;90372778;  ;;N;N
0000313398;0000313398;NEBLOCK 5MG 100CPDS;05012021;V;11960;15934;000;1196;1593;0000;CX;CPDS;10000;000;000;A;TORRENT;0000313398;50;000;000;1052500560100;30062027;8902220114944;-;N;S;90441010;  ;;N;N
0000256139;0000256139;NEBLOCK 5MG 60CPDS;05012021;V;10502;13992;000;1750;2332;0000;CX;CPDS;6000;000;000;A;TORRENT;0000256139;50;000;000;1052500560089;30062027;8902220116214;-;N;S;90323572;  ;;N;N
0000301432;0000301432;NEBLOCK 5MG 7CPDS;09062020;V;1353;1802;000;1933;2574;0000;CX;CPDS;700;000;000;A;TORRENT;0000301432;50;000;000;1052500560011;30062027;8902220116221;-;N;S;90262379;  ;;N;N
0000310591;0000310591;NEOCOPAN COMPOSTO 10+250MG 100CPDS REV.;05052020;V;5776;7695;000;0578;0770;0000;CX;CPDS;10000;000;000;A;NEO QUIMICA;0000310591;50;000;000;1558400750057;30092021;7896714273983;-;N;S;90479475;  ;;N;N
0000320688;0000320688;NEOCOPAN COMPOSTO 10+250MG 100CPDS REV.;18022021;V;5776;7695;000;0578;0770;0000;CX;CPDS;10000;000;000;A;UNIAO QUIMICA;0000320688;50;000;000;1049714510023;30062026;7896006217466;-;N;S;;  ;;N;N
0000320687;0000320687;NEOCOPAN COMPOSTO 10+250MG 20CPDS REV.;18022021;V;1178;1569;000;0589;0785;0000;CX;CPDS;2000;000;000;A;UNIAO QUIMICA;0000320687;50;000;000;1049714510015;30062026;7896006217459;-;N;S;;  ;;N;N
0000320686;0000320686;NEOCOPAN COMPOSTO 6,67+333,4 MG/ML SOL.GTS.10ML;18022021;V;935;1246;000;0935;1246;0000;FR;ML;1000;000;000;A;UNIAO QUIMICA;0000320686;50;000;000;1049714540011;31122030;7896006217480;-;N;S;;  ;;N;N
0000316264;0000316264;NEOSALDINA 30+300+30MG 1DRG F.V.(100DRGS);11092020;V;000;206;000;0000;0000;0000;CX;DRG;100;000;000;A;TAKEDA;0000316264;50;000;000;1063902310090;30092029;;-;N;N;;  ;;N;N
0000316265;0000316265;NEOSALDINA 30+300+30MG 1DRG F.V.(200DRGS);11092020;V;000;565;000;0000;0000;0000;CX;DRG;100;000;000;A;TAKEDA;0000316265;50;000;000;1063902310082;30092029;;-;N;N;;  ;;N;N
0000316266;0000316266;NEOSALDINA 30+300+30MG 1DRG F.V.(240DRGS);11092020;V;000;1403;000;0000;0000;0000;CX;DRG;100;000;000;A;TAKEDA;0000316266;50;000;000;1063902310120;30092029;;-;N;N;;  ;;N;N
0000315420;0000315420;NEOSALDINA 30+300+30MG 240DRGS;01092020;V;25280;33681;000;1053;1403;0000;CX;DRGS;24000;000;000;A;TAKEDA;0000315420;50;000;000;1063902310120;30092029;7896641808623;-;N;S;90286804;  ;;N;N
0000315419;0000315419;NEOSALDINA 30+300+30MG 30DRGS;01092020;V;2446;3259;000;0815;1086;0000;CX;DRGS;3000;000;000;A;TAKEDA;0000315419;50;000;000;1063902310112;30092029;7896641808630;-;N;S;90265408;  ;;N;N
0000257181;0000257181;NEOTIAPIM 200MG 14CPDS REV.;09052017;V;17373;24017;000;12409;17155;0000;CX;CPDS;1400;000;000;A;SANDOZ;0000257181;50;000;000;1004704960115;31052021;7897595617668;+;N;S;;  ;;N;N
0000304717;0000304717;NEOVANGY MR 35MG 30CPDS REV.LIB.PROLONG.;07072020;V;4295;5938;000;1432;1979;0000;CX;CPDS;3000;000;000;A;SIGMA PHARMA;0000304717;50;000;000;1023512720058;31082023;7894916513302;+;N;S;90420276;  ;;N;N
0000304716;0000304716;NEOVANGY MR 35MG 60CPDS REV.LIB.PROLONG.;07072020;V;7751;10715;000;1292;1786;0000;CX;CPDS;6000;000;000;A;SIGMA PHARMA;0000304716;50;000;000;1023512720074;31082023;7894916513326;+;N;S;90420292;  ;;N;N
0000304715;0000304715;NEOVANGY MR 35MG 8CPDS REV.LIB.PROLONG.;07072020;V;1005;1389;000;1256;1736;0000;CX;CPDS;800;000;000;A;SIGMA PHARMA;0000304715;50;000;000;1023512720015;31082023;7894916513265;+;N;S;90420233;  ;;N;N
0000244797;0000244797;NERVAMIN 300MG 600CPDS REV.;26062020;F;36758;000;000;0613;0000;0000;CX;CPDS;60000;000;000;A;PRATI-DONADUZZI;0000244797;50;000;000;1256802230052;30062021;7899547507164;+;S;S;90238354;  ;;N;N
0000315421;0000315421;NESINA 12,5MG 30CPDS REV.;02032021;V;7947;10588;000;2649;3529;0000;CX;CPDS;3000;000;000;A;TAKEDA;0000315421;50;000;000;1063902660059;31122028;7896641809149;-;N;S;90297806;  ;;N;N
0000315422;0000315422;NESINA 25MG 10CPDS REV.;02032021;V;2649;3529;000;2649;3529;0000;CX;CPDS;1000;000;000;A;TAKEDA;0000315422;50;000;000;1063902660075;31122028;7896641809163;-;N;S;90297822;  ;;N;N
0000315423;0000315423;NESINA 25MG 30CPDS REV.;02032021;V;7947;10588;000;2649;3529;0000;CX;CPDS;3000;000;000;A;TAKEDA;0000315423;50;000;000;1063902660083;31122028;7896641809170;-;N;S;90297830;  ;;N;N
0000315426;0000315426;NESINA MET 12,5+1000MG 60CPDS REV.;02032021;V;7947;10588;000;1325;1765;0000;CX;CPDS;6000;000;000;A;TAKEDA;0000315426;50;000;000;1063902720108;31072025;7896641810084;-;N;S;90298160;  ;;N;N
0000315424;0000315424;NESINA MET 12,5+850MG 10CPDS REV.;02032021;V;1325;1765;000;1325;1765;0000;CX;CPDS;1000;000;000;A;TAKEDA;0000315424;50;000;000;1063902720159;31072025;7896641810343;-;N;S;90298209;  ;;N;N
0000315425;0000315425;NESINA MET 12,5+850MG 60CPDS REV.;02032021;V;7947;10588;000;1325;1765;0000;CX;CPDS;6000;000;000;A;TAKEDA;0000315425;50;000;000;1063902720175;31072025;7896641810367;-;N;S;90298225;  ;;N;N
0000315427;0000315427;NESINA PIO 25+15MG 30CPDS REV.;02032021;V;12041;16042;000;4014;5347;0000;CX;CPDS;3000;000;000;A;TAKEDA;0000315427;50;000;000;1063902740028;31052026;7896641812293;-;N;S;90347013;  ;;N;N
0000315428;0000315428;NESINA PIO 25+30MG 10CPDS REV.;02032021;V;4014;5348;000;4014;5348;0000;CX;CPDS;1000;000;000;A;TAKEDA;0000315428;50;000;000;1063902740087;31052026;7896641811630;-;N;S;90347048;  ;;N;N
0000315429;0000315429;NESINA PIO 25+30MG 30CPDS REV.;02032021;V;12041;16042;000;4014;5347;0000;CX;CPDS;3000;000;000;A;TAKEDA;0000315429;50;000;000;1063902740095;31052026;7896641811616;-;N;S;90347056;  ;;N;N
0000320708;0000320708;NESTLE MATERNA 60DRGS;23022021;F;8169;000;000;1362;0000;0000;CX;DRGS;6000;000;000;A;WYETH;0000320708;50;000;000;ISENTO;;7891045031264; ;N;S;;  ;;N;S
0000296915;0000296915;NEUMOSIN 400MG 5CPDS REV.;30062020;V;9005;12449;000;18010;24898;0000;CX;CPDS;500;000;000;A;SUPERA;0000296915;50;000;000;1037202740018;10102021;7899420503795;+;N;S;90361350;  ;;N;N
0000296916;0000296916;NEUMOSIN 400MG 7CPDS REV.;30062020;V;11963;16538;000;17090;23626;0000;CX;CPDS;700;000;000;A;SUPERA;0000296916;50;000;000;1037202740026;10102021;7899420503801;+;N;S;90361377;  ;;N;N
0000262239;0000262239;NEUPRO 2MG/24H 7ENV.;23062020;V;3459;4608;000;4941;6583;0000;CX;ENV;700;000;000;A;UCB BIOPHARMA;0000262239;50;000;000;1236100820017;31082024;4030729003507;-;N;S;90317963;  ;;N;N
0000256016;0000256016;NEUPRO 4MG/24H 28ENV.;23062020;V;27674;36870;000;9884;13168;0000;CX;ENV;2800;000;000;A;UCB BIOPHARMA;0000256016;50;000;000;1236100820041;31082024;4030729003521;-;N;S;90317939;  ;;N;N
0000262238;0000262238;NEUPRO 4MG/24H 7ENV.;23062020;V;6918;9217;000;9883;13167;0000;CX;ENV;700;000;000;A;UCB BIOPHARMA;0000262238;50;000;000;1236100820033;31082024;4030729003538;-;N;S;90317971;  ;;N;N
0000256017;0000256017;NEUPRO 6MG/24H 28ENV.;23062020;V;37257;49638;000;13306;17728;0000;CX;ENV;2800;000;000;A;UCB BIOPHARMA;0000256017;50;000;000;1236100820068;31082024;4030729003545;-;N;S;90317947;  ;;N;N
0000256018;0000256018;NEUPRO 8MG/24H 28ENV.;23062020;V;55349;73742;000;19768;26336;0000;CX;ENV;2800;000;000;A;UCB BIOPHARMA;0000256018;50;000;000;1236100820084;31082024;4030729003569;-;N;S;90317955;  ;;N;N
0000298766;0000298766;NEUTROFER POLI SUSP.ORAL 30ML;09072019;F;3810;000;000;1270;0000;0000;FR;ML;3000;000;000;A;SIGMA PHARMA;0000298766;50;000;000;ISENTO;;7894916509985; ;N;S;;  ;;N;S
0000298767;0000298767;NEUTROFER PREV SUSP.ORAL 30ML;09072019;F;3604;000;000;1201;0000;0000;FR;ML;3000;000;000;A;SIGMA PHARMA;0000298767;50;000;000;ISENTO;;7894916509992; ;N;S;;  ;;N;S
0000314023;0000314023;NEXT 400+4+4MG 100CAPS GEL.DURA(EMB.MULT.);05082020;V;7199;9591;000;0720;0959;0000;CX;CAPS;10000;000;000;A;UNIAO QUIMICA;0000314023;50;000;000;1049714360031;31102029;7898636191970;-;N;S;90445147;  ;;N;N
0000314024;0000314024;NEXT 400+4+4MG 200CAPS GEL.DURA(EMB.MULT.);05082020;V;14599;19450;000;0730;0973;0000;CX;CAPS;20000;000;000;A;UNIAO QUIMICA;0000314024;50;000;000;1049714360056;31102029;7898636191963;-;N;S;90445155;  ;;N;N
0000314022;0000314022;NEXT 400+4+4MG 20CAPS GEL.DURA;05082020;V;1101;1467;000;0551;0734;0000;CX;CAPS;2000;000;000;A;UNIAO QUIMICA;0000314022;50;000;000;1049714360013;31102029;7898636191956;-;N;S;90445139;  ;;N;N
0000298763;0000298763;NIKI 3+0,02MG 24+4CPDS REV.;07072020;V;4456;6160;000;0000;0000;0000;CX;CPDS;2800;000;000;A;SIGMA PHARMA;0000298763;50;000;000;1356906710030;31072024;7894916510554;+;N;N;90412923;  ;;N;N
0000248781;0000248781;NIKI 3+0,02MG 24CPDS REV.;07072020;V;3843;5313;000;1601;2214;0000;CX;CPDS;2400;000;000;A;SIGMA PHARMA;0000248781;50;000;000;1356906710014;31072024;7894916510271;+;N;S;90322576;  ;;N;N
0000248782;0000248782;NIKI 3+0,02MG 72CPDS REV.;07072020;V;9817;13571;000;1363;1885;0000;CX;CPDS;7200;000;000;A;SIGMA PHARMA;0000248782;50;000;000;1356906710022;31072024;7894916510288;+;N;S;90322584;  ;;N;N
0000263832;0000263832;NIMEGON 100MG 14CPDS REV.;30062020;V;9299;12855;000;6642;9182;0000;CX;CPDS;1400;000;000;A;SCHERING PLOUGH;0000263832;50;000;000;1017102050201;30082020;7897572004344;+;N;S;90321294;  ;;N;N
0000263833;0000263833;NIMEGON 100MG 28CPDS REV.;30062020;V;18601;25715;000;6643;9184;0000;CX;CPDS;2800;000;000;A;SCHERING PLOUGH;0000263833;50;000;000;1017102050211;30082020;7897572004351;+;N;S;90321308;  ;;N;N
0000263831;0000263831;NIMEGON 50MG 28CPDS REV.;30062020;V;9299;12855;000;3321;4591;0000;CX;CPDS;2800;000;000;A;SCHERING PLOUGH;0000263831;50;000;000;1017102050171;30082020;7897572004306;+;N;S;90321286;  ;;N;N
0000256643;0000256643;NIMEGON MET 50/1000MG 28CPDS;30062020;V;9165;12670;000;3273;4525;0000;CX;CPDS;2800;000;000;A;SCHERING PLOUGH;0000256643;50;000;000;1017102030057;30112019;7897572004474;+;N;S;90321189;  ;;N;N
0000256646;0000256646;NIMEGON MET 50/1000MG 56CPDS;30062020;V;18332;25343;000;3274;4526;0000;CX;CPDS;5600;000;000;A;SCHERING PLOUGH;0000256646;50;000;000;1017102030065;30112019;7897572004481;+;N;S;90321197;  ;;N;N
0000256650;0000256650;NIMEGON MET 50/500MG 28CPDS;07052019;V;8878;12273;000;3171;4383;0000;CX;CPDS;2800;000;000;A;SCHERING PLOUGH;0000256650;50;000;000;1017102030014;30112019;7897572004399;+;N;S;90321146;  ;;N;N
0000256653;0000256653;NIMEGON MET 50/500MG 56CPDS;30062020;V;18332;25343;000;3274;4526;0000;CX;CPDS;5600;000;000;A;SCHERING PLOUGH;0000256653;50;000;000;1017102030022;30112019;7897572004405;+;N;S;90321154;  ;;N;N
0000256656;0000256656;NIMEGON MET 50/850MG 28CPDS;30062020;V;9165;12670;000;3273;4525;0000;CX;CPDS;2800;000;000;A;SCHERING PLOUGH;0000256656;50;000;000;1017102030030;30112019;7897572004436;+;N;S;90321162;  ;;N;N
0000256659;0000256659;NIMEGON MET 50/850MG 56CPDS;30062020;V;18332;25343;000;3274;4526;0000;CX;CPDS;5600;000;000;A;SCHERING PLOUGH;0000256659;50;000;000;1017102030049;30112019;7897572004443;+;N;S;90321170;  ;;N;N
0000299124;0000299124;NIMESULIDA 100MG 10CPDS;26062020;V;1048;1449;000;1048;1449;0000;CX;CPDS;1000;000;000;A;PRATI-DONADUZZI;0000299124;50;000;000;1256802650019;31052023;7899547529609;+;N;S;90410610;  ;;S;N
0000251143;0000251143;NIMESULIDA 100MG 12CPDS;30062020;V;879;1215;000;0733;1013;0000;CX;CPDS;1200;000;000;A;VITAPAN;0000251143;50;000;000;1039201740010;31032024;7898049797332;+;N;S;90324269;  ;;S;N
0000302258;0000302258;NIMESULIDA 100MG 12CPDS;26062020;V;903;1248;000;0753;1040;0000;CX;CPDS;1200;000;000;A;PRATI-DONADUZZI;0000302258;50;000;000;1256802650027;31052023;7899547529616;+;N;S;90410629;  ;;S;N
0000308655;0000308655;NIMESULIDA 100MG 350CPDS;26062020;F;65617;000;000;1875;0000;0000;CX;CPDS;35000;000;000;A;PRATI-DONADUZZI;0000308655;50;000;000;1256802650094;31052023;7899547529685;+;S;S;90410670;  ;;S;N
0000256128;0000256128;NIMESULIDA 50MG/ML 15ML;30062020;V;1393;1926;000;0000;0000;0000;FR;ML;1500;000;000;A;VITAPAN;0000256128;50;000;000;1039201750016;31072024;7898049797363;+;N;N;90324412;  ;;S;N
0000299222;0000299222;NINLARO 2,3MG 3CAPS DURA;07072020;V;1384723;1844878;000;4615743;6149593;0000;BL;CAPS;300;000;000;A;TAKEDA;0000299222;50;000;000;1063902780062;28022023;7896641812248;-;N;S;90394429;  ;;N;N
0000299223;0000299223;NINLARO 3,0MG 3CAPS DURA;07072020;V;1806163;2406366;000;6020543;8021220;0000;BL;CAPS;300;000;000;A;TAKEDA;0000299223;50;000;000;1063902780021;28022023;7896641812255;-;N;S;90394437;  ;;N;N
0000299224;0000299224;NINLARO 4,0MG 3CAPS DURA;07072020;V;2408215;3208485;000;8027383;10694950;0000;BL;CAPS;300;000;000;A;TAKEDA;0000299224;50;000;000;1063902780046;28022023;7896641812262;-;N;S;90394445;  ;;N;N
0000307275;0000307275;NISTATINA 25.000UI/G CREM.VAG.60G+14APLIC.;19062020;V;1085;1500;000;0000;0000;0000;BG;GR;6000;000;000;A;SANOFI MEDLEY;0000307275;50;000;000;1832601890013;31102020;7896422504577;+;N;N;90432053;  ;;S;N
0000241561;0000241561;NISTATINA 25000UI/G CRM.VAG.50BGX50G+500APLIC.(EMB.HOSP.);26062020;F;23643;000;000;4729;0000;0000;CX;BG;5000;000;000;A;PRATI-DONADUZZI;0000241561;50;000;000;1256800450128;28022022;7899547507423;+;S;S;90236840;  ;;S;N
0000241562;0000241562;NISTATINA 25000UI/G CRM.VAG.50BGX60G+700APLIC.(EMB.HOSP.);26062020;F;28372;000;000;5674;0000;0000;CX;BG;5000;000;000;A;PRATI-DONADUZZI;0000241562;50;000;000;1256800450101;28022022;7899547507447;+;S;S;90236858;  ;;S;N
0000241565;0000241565;NISTATINA 25000UI/G CRM.VAG.60G+14APLIC.;26062020;V;1259;1740;000;0000;0000;0000;BG;GR;6000;000;000;A;PRATI-DONADUZZI;0000241565;50;000;000;1256800450098;28022022;7899547507430;+;N;N;90236866;  ;;S;N
0000294867;0000294867;NITAZOXANIDA 500MG 6CPDS REV.;19062020;V;4164;5548;000;6940;9247;0000;CX;CPDS;600;000;000;A;SANOFI MEDLEY;0000294867;50;000;000;1832602800018;30122021;7896422503372;-;N;S;90391845;  ;;S;N
0000241550;0000241550;NITRATO MICONAZOL 20MG/G CRM.VAG.50BGX80G+700APL.VAG.(EMB.HOSP.);26062020;F;37583;000;000;7517;0000;0000;CX;BG;5000;000;000;A;PRATI-DONADUZZI;0000241550;50;000;000;1256800530059;31082022;7899547507461;+;S;S;90236904;  ;;S;N
0000309377;0000309377;NIVUX 100+20MG 12CPDS;07072020;V;3974;5295;000;3312;4413;0000;CX;CPDS;1200;000;000;A;SIGMA PHARMA;0000309377;50;000;000;1023512660039;31072023;7894916513661;-;N;S;90419995;  ;;N;N
0000309376;0000309376;NIVUX 100+20MG 6CPDS;07072020;V;1987;2647;000;3312;4412;0000;CX;CPDS;600;000;000;A;SIGMA PHARMA;0000309376;50;000;000;1023512660012;31072023;7894916513647;-;N;S;90419979;  ;;N;N
0000132174;0000132174;NOGRIPE 2X5 VERDE+5 LARANJA;07072020;V;1010;1346;000;0505;0673;0000;CX;CPDS;2000;000;000;A;TEUTO BRAS;0000132174;50;000;000;1037003450079;31122021;7896112134190;-;N;S;90258746;  ;;N;N
0000283178;0000283178;NORIPURUM 50MG/ML SOL.INJ.IM.5AMP 2ML+5AG.;07072020;V;5634;7506;000;11268;15012;0000;CX;AMP;500;000;000;A;TAKEDA;0000283178;50;000;000;1063900990248;31072024;7896641801839;-;N;S;90174348;  ;;N;N
0000313706;0000313706;NOURIN 5MG 30CPDS;30062020;V;2322;3094;000;0774;1031;0000;CX;CPDS;3000;000;000;A;SUPERA;0000313706;50;000;000;1037202860013;31082029;7899420507342;-;N;S;90455223;  ;;N;N
0000313708;0000313708;NOURIN 5MG 60CPDS;30062020;V;3915;5216;000;0653;0869;0000;CX;CPDS;6000;000;000;A;SUPERA;0000313708;50;000;000;1037202860021;31082029;7899420507359;-;N;S;90455320;  ;;N;N
0000300898;0000300898;NOVALGINA 1G BL.AL.COLOR.100CPDS(EMB.MULT.);01082018;V;14254;18991;000;1425;1899;0000;CX;CPDS;10000;000;000;A;SANOFI MEDLEY;0000300898;50;000;000;1130000058076;30042023;;-;N;S;;  ;;N;N
0000300897;0000300897;NOVALGINA 1G BL.AL.COLOR.10CPDS;01082018;V;1384;1844;000;1384;1844;0000;CX;CPDS;1000;000;000;A;SANOFI MEDLEY;0000300897;50;000;000;1130000580711;30042023;;-;N;S;90299426;  ;;N;N
0000300896;0000300896;NOVALGINA 500MG BL.AL.COLOR.100CPDS;30062020;V;10118;13480;000;1012;1348;0000;CX;CPDS;10000;000;000;A;SANOFI MEDLEY;0000300896;50;000;000;1130000580681;30042023;;-;N;S;90299469;  ;;N;N
0000300895;0000300895;NOVALGINA 500MG BL.AL.COLOR.240CPDS(EMB.MULT.);30062020;V;21690;28898;000;0904;1204;0000;CX;CPDS;24000;000;000;A;SANOFI MEDLEY;0000300895;50;000;000;1130000580698;30042023;;-;N;S;90299477;  ;;N;N
0000300894;0000300894;NOVALGINA 500MG BL.AL.COLOR.30CPDS;30062020;V;2435;3244;000;0812;1081;0000;CX;CPDS;3000;000;000;A;SANOFI MEDLEY;0000300894;50;000;000;1130000580663;30042023;;-;N;S;90299450;  ;;N;N
0000317858;0000317858;NOVALGINA 500MG BL.AL.TRANSP.10CPDS F.V.;01102020;V;000;1252;000;0000;1252;0000;CX;CPDS;1000;000;000;A;SANOFI MEDLEY;0000317858;50;000;000;1832603510080;30042028;;-;N;S;;  ;;N;N
0000317859;0000317859;NOVALGINA 500MG BL.AL.TRANSP.4CPDS F.V.;01102020;V;000;561;000;0000;1403;0000;CX;CPDS;400;000;000;A;SANOFI MEDLEY;0000317859;50;000;000;1832603510463;30042028;;-;N;S;;  ;;N;N
0000252698;0000252698;NOVALGINA 500MG/ML 1BG 10ML F.V;01022018;V;000;1057;000;0000;1057;0000;BG;ML;1000;000;000;A;SANOFI MEDLEY;0000252698;50;000;000;1130000580574;30042023;;-;N;S;90299264;  ;;N;N
0000252700;0000252700;NOVALGINA 500MG/ML 1BG 20ML F.V;01022018;V;000;1919;000;0000;0960;0000;BG;ML;2000;000;000;A;SANOFI MEDLEY;0000252700;50;000;000;1130000580612;30042023;;-;N;S;90299272;  ;;N;N
0000255966;0000255966;NOXAFIL 400MG/ML SUSP.ORAL 105ML;30062020;V;205696;284363;000;0000;0000;0000;FR;ML;10500;000;000;A;SCHERING PLOUGH;0000255966;50;000;000;1017101960018;31082023;7898926572915;+;N;N;90342070;  ;;N;N
0000307506;0000307506;NUTRICAO PARENTERAL MANIPULADA ADU.BOL.1000ML 2:1 S/LIPIDIOS 1000ML;03072020;F;63126;000;000;0000;0000;0000;BOL;ML;100000;000;000;A;SOLUS SOLUCOES;0000307506;50;000;000;ISENTO;;; ;S;N;;  ;;N;N
0000307510;0000307510;NUTRICAO PARENTERAL MANIPULADA ADU.BOL.1000ML 3:1 AE C/LIPIDIOS/AMINOACIDOS ESP.;03072020;F;83642;000;000;0000;0000;0000;BOL;ML;100000;000;000;A;SOLUS SOLUCOES;0000307510;50;000;000;ISENTO;;; ;S;N;;  ;;N;N
0000307508;0000307508;NUTRICAO PARENTERAL MANIPULADA ADU.BOL.1000ML 3:1 C/LIPIDIOS 1000ML;03072020;F;74173;000;000;0000;0000;0000;BOL;ML;100000;000;000;A;SOLUS SOLUCOES;0000307508;50;000;000;ISENTO;;; ;S;N;;  ;;N;N
0000307507;0000307507;NUTRICAO PARENTERAL MANIPULADA ADU.BOL.1ML 2:1 S/LIPIDIOS ACRESCIMO P/ML>1000ML;03072020;F;032;000;000;0000;0000;0000;BOL;ML;100;000;000;A;SOLUS SOLUCOES;0000307507;50;000;000;ISENTO;;; ;S;N;;  ;;N;N
0000307511;0000307511;NUTRICAO PARENTERAL MANIPULADA ADU.BOL.1ML 3:1 AE C/LIPIDIOS/AMINOACIDOS ESP.ACRESC.P/ML >1000ML;03072020;F;041;000;000;0000;0000;0000;BOL;ML;100;000;000;A;SOLUS SOLUCOES;0000307511;50;000;000;ISENTO;;; ;S;N;;  ;;N;N
0000307509;0000307509;NUTRICAO PARENTERAL MANIPULADA ADU.BOL.1ML 3:1 C/LIPIDIOS ACRESCIMO P/ML>1000ML;03072020;F;038;000;000;0000;0000;0000;BOL;ML;100;000;000;A;SOLUS SOLUCOES;0000307509;50;000;000;ISENTO;;; ;S;N;;  ;;N;N
0000307513;0000307513;NUTRICAO PARENTERAL MANIPULADA BOL.1ML ACRESC.P/ML >100ML;03072020;F;047;000;000;0000;0000;0000;BOL;ML;100;000;000;A;SOLUS SOLUCOES;0000307513;50;000;000;ISENTO;;; ;S;N;;  ;;N;N
0000307514;0000307514;NUTRICAO PARENTERAL MANIPULADA FORMULACOES SLIM ADU.BOL.1000ML 3:1 C/LIPIDIOS;03072020;F;58392;000;000;0000;0000;0000;BOL;ML;100000;000;000;A;SOLUS SOLUCOES;0000307514;50;000;000;ISENTO;;; ;S;N;;  ;;N;N
0000307515;0000307515;NUTRICAO PARENTERAL MANIPULADA FORMULACOES SLIM ADU.BOL.2000ML 3:1 C/LIPIDIOS;03072020;F;66914;000;000;0000;0000;0000;BOL;ML;200000;000;000;A;SOLUS SOLUCOES;0000307515;50;000;000;ISENTO;;; ;S;N;;  ;;N;N
0000307512;0000307512;NUTRICAO PARENTERAL MANIPULADA PED.BOL.100ML 3:1 C/LIPIDIOS MCT/LCT;03072020;F;47345;000;000;0000;0000;0000;BOL;ML;100;000;000;A;SOLUS SOLUCOES;0000307512;50;000;000;ISENTO;;; ;S;N;;  ;;N;N
0000320892;0000320892;NUTRICOMP D MB 1000ML;05032021;F;170093;000;000;1701;0000;0000;BOL;ML;100000;000;000;A;B.BRAUN;0000320892;50;000;000;496600139;30112021;4030539137409; ;N;S;;  ;;N;S
0000320893;0000320893;NUTRICOMP D PB 500ML;05032021;F;119065;000;000;2381;0000;0000;GF;ML;50000;000;000;A;B.BRAUN;0000320893;50;000;000;496600139;30112021;4030539163620; ;N;S;;  ;;N;S
0000320891;0000320891;NUTRICOMP ENERGY HN FIBER PB 500ML;05032021;F;138404;000;000;2768;0000;0000;GF;ML;50000;000;000;A;B.BRAUN;0000320891;50;000;000;496600136;30062024;4030539163682; ;N;S;;  ;;N;S
0000320889;0000320889;NUTRICOMP ENERGY HN MB 1000ML;05032021;F;98348;000;000;0983;0000;0000;BOL;ML;100000;000;000;A;B.BRAUN;0000320889;50;000;000;496600135;30062024;4030539165020; ;N;S;;  ;;N;S
0000320890;0000320890;NUTRICOMP ENERGY HN PB 500ML;05032021;F;123438;000;000;2469;0000;0000;GF;ML;50000;000;000;A;B.BRAUN;0000320890;50;000;000;496600135;30062024;4030539163668; ;N;S;;  ;;N;S
0000320888;0000320888;NUTRICOMP STANDARD MIX PB 500ML;05032021;F;68844;000;000;1377;0000;0000;GF;ML;50000;000;000;A;B.BRAUN;0000320888;50;000;000;496600133;31122021;4030539163569; ;N;S;;  ;;N;S
0000314272;0000314272;NUVARING 11,7+2,7MG 1ANEL VAGINAL+ 1APLIC.;30062020;V;6440;8903;000;0000;0000;0000;CX;UN;100;000;000;A;SCHERING PLOUGH;0000314272;50;000;000;1017101010036;31102027;7897572020023;+;N;N;90436873;  ;;N;N
0000315229;0000315229;NUVARING 11,7/2,7MG 3ANEIS VAG.+3APLIC.;30062020;V;19317;26705;000;64390;89017;0000;CX;UN;300;000;000;A;SCHERING PLOUGH;0000315229;50;000;000;1017101010044;31102027;7897572020030;+;N;S;90436865;  ;;N;N
0000319174;0000319174;NYPRAM 20MG 15CPDS REV.;17112020;V;1229;1699;000;0819;1133;0000;CX;CPDS;1500;000;000;A;PRATI-DONADUZZI;0000319174;50;000;000;1256803030111;31122029;7899547529821;+;N;S;90493508;  ;;N;N
0000319175;0000319175;NYPRAM 20MG 30CPDS REV.;17112020;V;2459;3399;000;0820;1133;0000;CX;CPDS;3000;000;000;A;PRATI-DONADUZZI;0000319175;50;000;000;1256803030138;31122029;7899547529845;+;N;S;90465466;  ;;N;N
0000314430;0000314430;OCLUSOR SEPTAL GORE CARDIOFORM 20MM;30042020;F;5000000;000;000;0000;0000;0000;CX;UN;100;000;000;A;GORE;0000314430;20;000;000;80067930041;18112029;; ;N;N;100415237;OT;GSXE0020K;N;N
0000314429;0000314429;OCLUSOR SEPTAL GORE CARDIOFORM 25MM;30042020;F;5000000;000;000;0000;0000;0000;CX;UN;100;000;000;A;GORE;0000314429;20;000;000;80067930041;18112029;; ;N;N;100415210;OT;GSXE0025K;N;N
0000314431;0000314431;OCLUSOR SEPTAL GORE CARDIOFORM 30MM;30042020;F;5000000;000;000;0000;0000;0000;CX;UN;100;000;000;A;GORE;0000314431;20;000;000;80067930041;18112029;; ;N;N;100415229;OT;GSXE0030K;N;N
0000299221;0000299221;OCREVUS 30MG/ML SOL.DIL.INFUS.IV 10ML;03072020;F;3208820;000;000;0000;0000;0000;FA;ML;1000;000;000;A;ROCHE;0000299221;50;000;000;1010006660013;28022023;7613326002509;-;S;N;90411927;  ;;N;N
0000269902;0000269902;OFTALMOSCOPIO DE DIAGNOSTICO K180;12032021;F;445550;000;000;0000;0000;0000;CX;UN;100;000;000;P;EFE;0000269902;20;000;800;10243869011;VIGENTE;; ;N;N;;BD;C-182.10.118;N;N
0000269904;0000269904;OFTALMOSCOPIO DIAGNOSTICO BETA 200;12032021;F;646056;000;000;0000;0000;0000;CX;UN;100;000;000;P;EFE;0000269904;20;000;800;10243869011;VIGENTE;; ;N;N;;BD;C-144.10.118;N;N
0000269903;0000269903;OFTALMOSCOPIO DIAGNOSTICO BETA 200S;12032021;F;738936;000;000;0000;0000;0000;CX;UN;100;000;000;P;EFE;0000269903;20;000;800;10243869011;VIGENTE;; ;N;N;;BD;C-261.10.118;N;N
0000269900;0000269900;OFTALMOSCOPIO HEINE MINI 3000;12032021;F;247320;000;000;0000;0000;0000;CX;UN;100;000;000;P;EFE;0000269900;20;000;800;10243869011;VIGENTE;; ;N;N;;BD;D-001.71.120;N;N
0000269901;0000269901;OFTALMOSCOPIO LED HEINE MINI 3000;12032021;F;326700;000;000;0000;0000;0000;CX;UN;100;000;000;P;EFE;0000269901;20;000;800;10243869011;VIGENTE;; ;N;N;;BD;D-008.71.120;N;N
0000311759;0000311759;OHDE CAPS 7000UI 4CAPS MOLE;30062020;V;1114;1484;000;2785;3710;0000;CX;CAPS;400;000;000;A;MOMENTA FARMACEUTICA;0000311759;50;000;000;1942700800067;30042024;7899640808786;-;N;S;90441796;  ;;N;N
0000304011;0000304011;OKOTICO 100MG 30CPDS;30062020;V;12822;17726;000;4274;5909;0000;CX;CPDS;3000;000;000;A;SUPERA;0000304011;50;000;000;1037202820054;30082023;7899420506864;+;N;S;90420993;  ;;N;N
0000304010;0000304010;OKOTICO 25MG 30CPDS;30062020;V;3187;4406;000;1062;1469;0000;CX;CPDS;3000;000;000;A;SUPERA;0000304010;50;000;000;1037202820021;30082023;7899420506888;+;N;S;90420985;  ;;N;N
0000257180;0000257180;OLANZAPINA 10MG 10CPDS REV.;25052016;V;15157;20954;000;15157;20954;0000;CX;CPDS;1000;000;000;A;SANDOZ;0000257180;50;000;000;1004704840225;31102020;7897595618160;+;N;S;;  ;;S;N
0000305772;0000305772;OLANZAPINA 10MG 30CPDS REV.;26062020;V;7995;11053;000;2665;3684;0000;CX;CPDS;3000;000;000;A;PRATI-DONADUZZI;0000305772;50;000;000;1256802730322;31122023;7899547501377;+;N;S;90428170;  ;;S;N
0000305773;0000305773;OLANZAPINA 2,5MG 30CPDS REV.;26062020;V;4568;6315;000;1523;2105;0000;CX;CPDS;3000;000;000;A;PRATI-DONADUZZI;0000305773;50;000;000;1256802730071;31122023;7899547501100;+;N;S;90428501;  ;;S;N
0000257179;0000257179;OLANZAPINA 5MG 10CPDS REV.;25052016;V;7577;10475;000;7577;10475;0000;CX;CPDS;1000;000;000;A;SANDOZ;0000257179;50;000;000;1004704840128;31102020;7897595618085;+;N;S;;  ;;S;N
0000305774;0000305774;OLANZAPINA 5MG 30CPDS REV.;26062020;V;6837;9452;000;2279;3151;0000;CX;CPDS;3000;000;000;A;PRATI-DONADUZZI;0000305774;50;000;000;1256802730195;31122023;7899547501230;+;N;S;90428366;  ;;S;N
0000304705;0000304705;OLEPTAL 300MG 7CPDS REV.;09062020;V;1007;1392;000;1439;1989;0000;CX;CPDS;700;000;000;A;TORRENT;0000304705;50;000;000;1052500270064;31102021;8903855075952;+;N;S;90413750;  ;;N;N
0000307520;0000307520;OLIGOELEMENTO ADU.1AMP.;03072020;F;1978;000;000;0000;0000;0000;AMP;AMP;100;000;000;A;SOLUS SOLUCOES;0000307520;50;000;000;ISENTO;;; ;S;N;;  ;;N;N
0000256133;0000256133;OLIGOVIT UP 60CACPS GEL.MOLE;30062020;F;5684;000;000;0947;0000;0000;CX;CAPS;6000;000;000;A;ZYDUS NIKKHO;0000256133;50;000;000;ISENTO;;7897460401378; ;N;S;;  ;;N;N
0000283870;0000283870;OLMECOR 20MG 10CPDS REV.;09062020;V;870;1203;000;0870;1203;0000;CX;CPDS;1000;000;000;A;TORRENT;0000283870;50;000;000;1052500580012;31102023;8902220114838;+;N;S;90323734;  ;;N;N
0000283871;0000283871;OLMECOR 20MG 30CPDS REV.;09062020;V;2792;3860;000;0931;1287;0000;CX;CPDS;3000;000;000;A;TORRENT;0000283871;50;000;000;1052500580039;31102023;8902220114845;+;N;S;90323742;  ;;N;N
0000283872;0000283872;OLMECOR 20MG 60CPDS REV.;09062020;V;5134;7097;000;0856;1183;0000;CX;CPDS;6000;000;000;A;TORRENT;0000283872;50;000;000;1052500580055;31102023;8902220115569;+;N;S;90323750;  ;;N;N
0000283873;0000283873;OLMECOR 40MG 10CPDS REV.;09062020;V;915;1265;000;0915;1265;0000;CX;CPDS;1000;000;000;A;TORRENT;0000283873;50;000;000;1052500580063;31102023;8902220114777;+;N;S;90323769;  ;;N;N
0000283874;0000283874;OLMECOR 40MG 30CPDS REV.;09062020;V;2934;4057;000;0978;1352;0000;CX;CPDS;3000;000;000;A;TORRENT;0000283874;50;000;000;1052500580081;31102023;8902220114784;+;N;S;90323777;  ;;N;N
0000283875;0000283875;OLMECOR 40MG 60CPDS REV.;09062020;V;5397;7461;000;0900;1244;0000;CX;CPDS;6000;000;000;A;TORRENT;0000283875;50;000;000;1052500580101;31102023;8902220115590;+;N;S;90323785;  ;;N;N
0000269376;0000269376;OLMESARTANA MEDOXOMILA 20MG 30CPDS REV.;09062020;V;2802;3873;000;0934;1291;0000;CX;CPDS;3000;000;000;A;TORRENT;0000269376;50;000;000;1052500570033;30082023;8902220114876;+;N;S;90323530;  ;;S;N
0000269375;0000269375;OLMESARTANA MEDOXOMILA 40MG 30CPDS REV.;09062020;V;2946;4073;000;0982;1358;0000;CX;CPDS;3000;000;000;A;TORRENT;0000269375;50;000;000;1052500570084;30082023;8902220114814;+;N;S;90323548;  ;;S;N
0000279905;0000279905;OLMY ANLO 20+5MG 10CPDS REV.;07072020;V;1507;2083;000;1507;2083;0000;CX;CPDS;1000;000;000;A;SIGMA PHARMA;0000279905;50;000;000;1356906740010;31072021;7894916512183;+;N;S;90371569;  ;;N;N
0000279907;0000279907;OLMY ANLO 20+5MG 30CPDS REV.;07072020;V;4655;6435;000;1552;2145;0000;CX;CPDS;3000;000;000;A;SIGMA PHARMA;0000279907;50;000;000;1356906740037;31072021;7894916510240;+;N;S;90371577;  ;;N;N
0000279909;0000279909;OLMY ANLO 40+10MG 30CPDS REV.;07072020;V;5362;7413;000;1787;2471;0000;CX;CPDS;3000;000;000;A;SIGMA PHARMA;0000279909;50;000;000;1356906740193;31072021;7894916510257;+;N;S;90371542;  ;;N;N
0000279906;0000279906;OLMY ANLO 40+5 10CPDS REV.;07072020;V;1705;2357;000;1705;2357;0000;CX;CPDS;1000;000;000;A;SIGMA PHARMA;0000279906;50;000;000;1356906740096;31072021;7894916512176;+;N;S;90371593;  ;;N;N
0000279908;0000279908;OLMY ANLO 40+5MG 30CPDS REV.;07072020;V;5362;7413;000;1787;2471;0000;CX;CPDS;3000;000;000;A;SIGMA PHARMA;0000279908;50;000;000;1356906740118;31072021;7894916510264;+;N;S;90371607;  ;;N;N
0000289642;0000289642;OMEGA 3 EPA DHA 120CAPS 1G;29042020;F;14200;000;000;1183;0000;0000;PT;CAPS;12000;000;000;A;VITAFOR;0000289642;50;000;000;6542600050017;SOB PROTOCOLO;7898919865185; ;N;S;;  ;;N;S
0000289641;0000289641;OMEGA 3 EPA DHA 60CAPS;29042020;F;9000;000;000;1500;0000;0000;PT;CAPS;6000;000;000;A;VITAFOR;0000289641;50;000;000;6542600050017;SOB PROTOCOLO;7898919865192; ;N;S;;  ;;N;S
0000289644;0000289644;OMEGAFOR PLUS 120CAPS 1G;29042020;F;30300;000;000;2525;0000;0000;PT;CAPS;12000;000;000;A;VITAFOR;0000289644;50;000;000;6542600160017;30112020;7898949730514; ;N;S;;  ;;N;S
0000289643;0000289643;OMEGAFOR PLUS 60CAPS 1G;29042020;F;17000;000;000;2833;0000;0000;PT;CAPS;6000;000;000;A;VITAFOR;0000289643;50;000;000;6542600160017;30112020;7898949730507; ;N;S;;  ;;N;S
0000269693;0000269693;OMEPRAZOL 20MG 210CAPS GEL.DURA MICROG.;26062020;V;8163;11285;000;0389;0537;0000;CX;CAPS;21000;000;000;A;PRATI-DONADUZZI;0000269693;50;000;000;1256801690122;30042023;7899547507508;+;N;S;90321600;  ;;S;N
0000251354;0000251354;OMEPRAZOL 20MG 42CAPS GEL.DURA MCGRAN.;01092020;V;4124;5701;000;1718;2375;0000;CX;CAPS;2400;000;000;A;SANOFI MEDLEY;0000251354;50;000;000;1832602480102;31102020;7896422517843;+;N;S;90366972;  ;;S;N
0000241432;0000241432;OMEPRAZOL 20MG 56CAPS GEL.DURA;05012021;V;3170;4382;000;0566;0783;0000;CX;CAPS;5600;000;000;A;TEUTO BRAS;0000241432;50;000;000;1037003570090;30042022;7896112181729;+;N;S;90286669;  ;;S;N
0000245007;0000245007;OMEPRAZOL 20MG 60CAPS GEL.DURA MICROG.;26062020;V;2660;3677;000;0443;0613;0000;CX;CAPS;6000;000;000;A;PRATI-DONADUZZI;0000245007;50;000;000;1256801690165;30042023;7899547520781;+;N;S;90321367;  ;;S;N
0000245008;0000245008;OMEPRAZOL 20MG 90CAPS GEL.DURA MICROG.;26062020;V;3509;4851;000;0390;0539;0000;CX;CAPS;9000;000;000;A;PRATI-DONADUZZI;0000245008;50;000;000;1256801690173;30042023;7899547520798;+;N;S;90321375;  ;;S;N
0000269396;0000269396;OMEPRAZOL 40MG 30CAPS GEL.DURA MICROG.;26062020;V;6123;8465;000;2041;2822;0000;CX;CAPS;3000;000;000;A;PRATI-DONADUZZI;0000269396;50;000;000;1256801690203;30042023;7899547527667;+;N;S;90321510;  ;;S;N
0000271768;0000271768;OMNITROPE 15MG SOL.INJ.CARPULE 1,5ML;30062020;V;138995;192152;000;0000;0000;0000;CX;CARP;100;000;000;A;SANDOZ;0000271768;50;000;000;1004704940076;28022021;7897595627582;+;N;N;90310527;  ;;N;N
0000313272;0000313272;ONAZ 10MG 30CPDS REV.;26062020;V;7234;10001;000;2411;3334;0000;CX;CPDS;3000;000;000;A;PRATI-DONADUZZI;0000313272;50;000;000;1256802930321;31082029;7899547533514;+;N;S;90457226;  ;;N;N
0000320684;0000320684;ONAZ 2,5MG 15CPDS REV.;18022021;V;1500;2074;000;1000;1383;0000;CX;CPDS;1500;000;000;A;PRATI-DONADUZZI;0000320684;50;000;000;1256802930054;31082029;7899547533224;+;N;S;;  ;;N;N
0000313273;0000313273;ONAZ 2,5MG 30CPDS REV.;26062020;V;3530;4880;000;1177;1627;0000;CX;CPDS;3000;000;000;A;PRATI-DONADUZZI;0000313273;50;000;000;1256802930070;31082029;7899547533248;+;N;S;90457200;  ;;N;N
0000320685;0000320685;ONAZ 5MG 10CPDS REV.;18022021;V;2050;2834;000;2050;2834;0000;CX;CPDS;1000;000;000;A;PRATI-DONADUZZI;0000320685;50;000;000;1256802930021;31082029;7899547533330;+;N;S;;  ;;N;N
0000313274;0000313274;ONAZ 5MG 30CPDS REV.;26062020;V;7234;10001;000;2411;3334;0000;CX;CPDS;3000;000;000;A;PRATI-DONADUZZI;0000313274;50;000;000;1256802930194;31082029;7899547533378;+;N;S;90457218;  ;;N;N
0000308773;0000308773;ONCASPAR 750U/ML SOL.INJ.FA 5ML;03072020;F;702691;000;000;0000;0000;0000;CX;FR;100;000;000;A;SERVIER;0000308773;50;000;000;1127800760011;30062022;7898924769331;-;S;N;90443560;  ;;N;N
0000265468;0000265468;OPIVAC 10MG/ML 5AMP 20L(EMB.HOSP.);23062020;F;26610;000;000;53220;0000;0000;CX;AMP;500;000;000;A;TEUTO BRAS;0000265468;50;000;000;1037006450101;30092020;7896112176671;+;S;S;90312562;  ;;N;N
0000265467;0000265467;OPIVAC 7,5MG/ML 5AMP 20ML(EMB.HOSP.);07072020;F;19715;000;000;39430;0000;0000;CX;AMP;500;000;000;A;TEUTO BRAS;0000265467;50;000;000;1037006450045;30092020;7896112176619;+;S;S;90312554;  ;;N;N
0000255950;0000255950;ORLIPID 120MG 42CAPS GEL.DURA;07072020;V;13669;18211;000;3255;4336;0000;CX;CAPS;4200;000;000;A;SIGMA PHARMA;0000255950;50;000;000;1356907070035;31012022;7894916508285;-;N;S;90437594;  ;;N;N
0000255951;0000255951;ORLIPID 120MG 84CAPS GEL.DURA;07072020;V;21869;29136;000;2603;3469;0000;CX;CAPS;8400;000;000;A;SIGMA PHARMA;0000255951;50;000;000;1356906490057;30112021;7894916508292;-;N;S;;  ;;N;N
0000305775;0000305775;ORLISTATE 120MG 21CAPS DURA;26062020;V;5616;7482;000;0000;0000;0000;CX;CAPS;2100;000;000;A;PRATI-DONADUZZI;0000305775;50;000;000;1256802580010;28022022;7899547500219;-;N;N;90428722;  ;;S;N
0000294766;0000294766;ORLISTATE 120MG 42CAPS DURA;26062020;V;11720;15615;000;2790;3718;0000;CX;CAPS;4200;000;000;A;PRATI-DONADUZZI;0000294766;50;000;000;1256802580029;28022022;7899547500233;-;N;S;90385314;  ;;S;N
0000314168;0000314168;ORLISTATE 120MG 42CAPS DURA;07082020;V;11500;15322;000;2738;3648;0000;CX;CAPS;4200;000;000;A;RANBAXY;0000314168;50;000;000;1235202570062;31082029;7897076922045;-;N;S;90458800;  ;;S;N
0000294767;0000294767;ORLISTATE 120MG 84CAPS DURA;26062020;V;23441;31231;000;2791;3718;0000;CX;CAPS;8400;000;000;A;PRATI-DONADUZZI;0000294767;50;000;000;1256802580045;28022022;7899547500257;-;N;S;90385306;  ;;S;N
0000314169;0000314169;ORLISTATE 120MG 84CAPS DURA;07082020;V;23000;30643;000;2738;3648;0000;CX;CAPS;8400;000;000;A;RANBAXY;0000314169;50;000;000;1235202570089;31082029;7897076922052;-;N;S;90458826;  ;;S;N
0000269821;0000269821;OS-CAL CIT 30SACH;17022021;F;6131;000;000;2044;0000;0000;CX;SACH;3000;000;000;A;SANOFI MEDLEY;0000269821;50;000;000;ISENTO;;7891058020576; ;N;S;;  ;;N;N
0000269822;0000269822;OS-CAL KIDS SUSP.ORAL 150ML;01022019;F;2440;000;000;0163;0000;0000;FR;ML;15000;000;000;A;SANOFI MEDLEY;0000269822;50;000;000;ISENTO;;7891058018573; ;N;S;;  ;;N;N
0000314887;0000314887;OSTEONUTRI 600MG+400UI 30CPDS REV.;19062020;F;4312;000;000;1437;0000;0000;FR;CPDS;3000;000;000;A;SANOFI MEDLEY;0000314887;50;000;000;ISENTO;;7896422524469; ;N;S;;  ;;N;N
0000314888;0000314888;OSTEONUTRI 600MG+400UI 60CPDS REV.;19062020;F;8352;000;000;1392;0000;0000;FR;CPDS;6000;000;000;A;SANOFI MEDLEY;0000314888;50;000;000;ISENTO;;7896422524452; ;N;S;;  ;;N;N
0000268196;0000268196;OSTEONUTRI 600MG+400UI FR PLAST.30CPDS REV.;19062020;V;4311;5744;000;1437;1915;0000;FR;CPDS;3000;000;000;A;SANOFI MEDLEY;0000268196;50;000;000;1832600360088;30092026;7896422513265;-;N;S;90471288;  ;;N;N
0000251224;0000251224;OSTRAZIL 70MG 4CPDS;02022021;V;1366;1888;000;3415;4720;0000;CX;CPDS;400;000;000;A;TEUTO BRAS;0000251224;50;000;000;1037006030021;31122023;7896112163015;+;N;S;90312007;  ;;N;N
0000320785;0000320785;OTIBLOCK SPRAY 45ML;02032021;F;6009;000;000;0000;0000;0000;FR;ML;4500;000;000;A;BIOLAB SANUS;0000320785;20;000;000;80522910012;VIGENTE;7896112402862; ;N;N;100915523;MC;;N;S
0000269897;0000269897;OTOSCOPIO DIAGNOSTICO BETA 100;12032021;F;452304;000;000;0000;0000;0000;CX;UN;100;000;000;P;EFE;0000269897;20;000;800;10243860060;VIGENTE;; ;N;N;;BD;B-236.10.118;N;N
0000269895;0000269895;OTOSCOPIO DIAGNOSTICO K100;12032021;F;255528;000;000;0000;0000;0000;CX;UN;100;000;000;P;EFE;0000269895;20;000;800;10243860060;VIGENTE;; ;N;N;;BD;B-245.10.118;N;N
0000269899;0000269899;OTOSCOPIO FIBRA OPTICA HEINE BETA 400;12032021;F;516996;000;000;0000;0000;0000;CX;UN;100;000;000;P;EFE;0000269899;20;000;800;10243860041;VIGENTE;; ;N;N;;BD;B-143.10.118;N;N
0000269893;0000269893;OTOSCOPIO FIBRA OPTICA HEINE MINI 3000;12032021;F;208872;000;000;0000;0000;0000;CX;UN;100;000;000;P;EFE;0000269893;20;000;800;10243860041;VIGENTE;; ;N;N;;BD;D-001.70.110;N;N
0000269896;0000269896;OTOSCOPIO FIBRA OPTICA K180;12032021;F;327240;000;000;0000;0000;0000;CX;UN;100;000;000;P;EFE;0000269896;20;000;800;10243860041;VIGENTE;; ;N;N;;BD;B-181.10.118;N;N
0000269898;0000269898;OTOSCOPIO FIBRA OPTICA LED HEINE BETA 200;12032021;F;466668;000;000;0000;0000;0000;CX;UN;100;000;000;P;EFE;0000269898;20;000;800;10243860041;VIGENTE;; ;N;N;;BD;B-141.10.118;N;N
0000269894;0000269894;OTOSCOPIO FIBRA OPTICA LED MINI 300;12032021;F;275508;000;000;0000;0000;0000;CX;UN;100;000;000;P;EFE;0000269894;20;000;800;10243860041;VIGENTE;; ;N;N;;BD;D-008.70.110;N;N
0000269892;0000269892;OTOSCOPIO HEINE MINI 3000;12032021;F;138780;000;000;0000;0000;0000;CX;UN;100;000;000;P;EFE;0000269892;20;000;800;10243860060;VIGENTE;; ;N;N;;BD;D-001.70.210;N;N
0000244518;0000244518;OVESTRION CRM.15G+APL;30062020;V;1328;1836;000;0885;1224;0000;BG;GRS;1500;000;000;A;SCHERING PLOUGH;0000244518;50;000;000;1017100300058;30052021;7897572003606;+;N;S;90201396;  ;;N;N
0000276769;0000276769;OXALATO ESCITALOPRAM 10MG 28CPDS REV.;07072020;V;5902;8159;000;2108;2914;0000;CX;CPDS;2800;000;000;A;TEUTO BRAS;0000276769;50;000;000;1037006050101;31122023;7896112133391;+;N;S;90367120;  ;;S;N
0000285406;0000285406;OXALATO ESCITALOPRAM 10MG 30CDPDS;02022021;V;4346;6008;000;1449;2003;0000;CX;CPDS;3000;000;000;A;TEUTO BRAS;0000285406;50;000;000;1037006050470;31122023;7896112159490;+;N;S;90381122;  ;;S;N
0000248715;0000248715;OXALATO ESCITALOPRAM 10MG 30CPDS;01092020;V;3606;4985;000;1202;1662;0000;CX;CPDS;3000;000;000;A;SANOFI MEDLEY;0000248715;50;000;000;1832601380041;30062024;7896422525398;+;N;S;90367170;  ;;S;N
0000285017;0000285017;OXALATO ESCITALOPRAM 10MG 30CPDS REV.;30062020;V;7582;10482;000;2527;3494;0000;CX;CPDS;3000;000;000;A;SANDOZ;0000285017;50;000;000;1004705740275;30112020;7897595633668;+;N;S;90367197;  ;;S;N
0000315439;0000315439;OXALATO ESCITALOPRAM 10MG 30CPDS REV.;07082020;V;6738;9315;000;2246;3105;0000;CX;CPDS;3000;000;000;A;RANBAXY;0000315439;50;000;000;1235202120458;30042025;7897076920690;+;N;S;90385420;  ;;S;N
0000286128;0000286128;OXALATO ESCITALOPRAM 15MG 28CPDS REV.;07082020;V;9867;13641;000;3524;4872;0000;CX;CPDS;2800;000;000;A;RANBAXY;0000286128;50;000;000;1235202120164;30042025;7897076918994;+;N;S;90322029;  ;;S;N
0000298784;0000298784;OXALATO ESCITALOPRAM 15MG 30CPDS REV.;01092020;V;9379;12966;000;3126;4322;0000;BL;CPDS;3000;000;000;A;SANOFI MEDLEY;0000298784;50;000;000;1832601380163;30062024;7896422522632;+;N;S;90422260;  ;;S;N
0000315440;0000315440;OXALATO ESCITALOPRAM 15MG 30CPDS REV.;07082020;V;10090;13949;000;3363;4650;0000;CX;CPDS;3000;000;000;A;RANBAXY;0000315440;50;000;000;1235202120172;30042025;7897076919007;+;N;S;90385438;  ;;S;N
0000260400;0000260400;OXALATO ESCITALOPRAM 20MG 28CPDS REV.;07082020;V;13157;18189;000;4699;6496;0000;CX;CPDS;2800;000;000;A;RANBAXY;0000260400;50;000;000;1235202120261;30042025;7897076919090;+;N;S;90322037;  ;;S;N
0000276770;0000276770;OXALATO ESCITALOPRAM 20MG 28CPDS REV.;07072020;V;11211;15499;000;4004;5535;0000;CX;CPDS;2800;000;000;A;TEUTO BRAS;0000276770;50;000;000;1037006050233;31122023;7896112157564;+;N;S;90367405;  ;;S;N
0000285407;0000285407;OXALATO ESCITALOPRAM 20MG 30CDPDS;02022021;V;7566;10460;000;2522;3487;0000;CX;CPDS;3000;000;000;A;TEUTO BRAS;0000285407;50;000;000;1037006050535;31122023;7896112159599;+;N;S;90381114;  ;;S;N
0000248716;0000248716;OXALATO ESCITALOPRAM 20MG 30CPDS;01092020;V;7615;10527;000;2538;3509;0000;CX;CPDS;3000;000;000;A;SANOFI MEDLEY;0000248716;50;000;000;1832601380104;30062024;7896422525466;+;N;S;90367430;  ;;S;N
0000285013;0000285013;OXALATO ESCITALOPRAM 20MG 30CPDS REV.;30062020;V;13834;19125;000;4611;6375;0000;CX;CAPS;3000;000;000;A;SANDOZ;0000285013;50;000;000;1004705740216;30112020;7897595633217;+;N;S;90367464;  ;;S;N
0000315441;0000315441;OXALATO ESCITALOPRAM 20MG 30CPDS REV.;07082020;V;13456;18602;000;4485;6201;0000;CX;CPDS;3000;000;000;A;RANBAXY;0000315441;50;000;000;1235202120271;30042025;7897076919106;+;N;S;90385446;  ;;S;N
0000313313;0000313313;OXALIPLATINA 5,0MG/ML SOL.INJ.FA 10ML;19062020;F;157393;000;000;0000;0000;0000;CX;FA;100;000;000;A;SANOFI MEDLEY;0000313313;50;000;000;1832603680016;31082029;7896422567275;+;S;N;90443438;  ;;S;N
0000313314;0000313314;OXALIPLATINA 5,0MG/ML SOL.INJ.FA 20ML;19062020;F;314794;000;000;0000;0000;0000;CX;FA;100;000;000;A;SANOFI MEDLEY;0000313314;50;000;000;1832603680024;31082029;7896422567268;+;S;N;90443446;  ;;S;N
0000306845;0000306845;OXCARB 300MG 10CPDS REV.;30062020;V;1310;1811;000;1310;1811;0000;CX;CPDS;1000;000;000;A;UNIAO QUIMICA;0000306845;50;000;000;ISENTO;;7896006211594;+;N;S;;  ;;N;N
0000306847;0000306847;OXCARB 600MG 10CPDS REV.;30062020;V;2640;3650;000;2640;3650;0000;CX;CPDS;1000;000;000;A;UNIAO QUIMICA;0000306847;50;000;000;ISENTO;;7896006210726;+;N;S;;  ;;N;N
0000306889;0000306889;OXCARB 60MG/ML SUSP.ORAL 100ML+SER.DOS.;30062020;V;4161;5752;000;0416;0575;0000;FR;ML;10000;000;000;A;UNIAO QUIMICA;0000306889;50;000;000;1049712130207;30042022;7896006270300;+;N;S;90324030;  ;;N;N
0000298595;0000298595;OXCARBAZEPINA 300MG 30CPDS REV.;30062020;V;3252;4496;000;1084;1499;0000;CX;CPDS;3000;000;000;A;UNIAO QUIMICA;0000298595;50;000;000;1049714210038;31052023;7896006212720;+;N;S;90414020;  ;;S;N
0000313124;0000313124;OXCARBAZEPINA 300MG 30CPDS REV.;11022020;V;3400;4700;000;1133;1567;0000;CX;CPDS;3000;000;000;A;TORRENT;0000313124;50;000;000;1052500790025;30062029;8902220107199;+;N;S;90475062;  ;;S;N
0000317201;0000317201;OXCARBAZEPINA 300MG 60CPDS REV.;01092020;V;6400;8848;000;1067;1475;0000;CX;CPDS;6000;000;000;A;SANOFI MEDLEY;0000317201;50;000;000;1832600620047;30112025;7896422524766;+;N;S;90491041;  ;;S;N
0000298596;0000298596;OXCARBAZEPINA 600MG 30CPDS REV.;30062020;V;6470;8944;000;2157;2981;0000;CX;CPDS;3000;000;000;A;UNIAO QUIMICA;0000298596;50;000;000;1049714210062;31052023;7896006208709;+;N;S;90414047;  ;;S;N
0000313125;0000313125;OXCARBAZEPINA 600MG 30CPDS REV.;11022020;V;6700;9262;000;2233;3087;0000;CX;CPDS;3000;000;000;A;TORRENT;0000313125;50;000;000;1052500790041;30062029;8902220107892;+;N;S;90475070;  ;;S;N
0000317202;0000317202;OXCARBAZEPINA 600MG 60CPDS REV.;01092020;V;12477;17249;000;2080;2875;0000;CX;CPDS;6000;000;000;A;SANOFI MEDLEY;0000317202;50;000;000;1832600620081;30112025;7896422524773;+;N;S;90491190;  ;;S;N
0000269311;0000269311;OXCARBAZEPINA 60MG/ML SUSP.100ML+SER.DOS.;30062020;V;3183;4400;000;0318;0440;0000;FR;ML;10000;000;000;A;UNIAO QUIMICA;0000269311;50;000;000;1049714210097;31052023;7896006208648;+;N;S;90413989;  ;;S;N
0000306849;0000306849;OXIBERRY 30SACH.5G;30062020;F;5194;000;000;1731;0000;0000;CX;SACH;3000;000;000;A;UNIAO QUIMICA;0000306849;50;000;000;ISENTO;;7896006212072;-;N;S;;  ;;N;S
0000309244;0000309244;OXYPYNAL 10MG 14CPDS REV.LIB.PROLONG.;27062020;V;9706;13419;000;6933;9585;0000;CX;CPDS;1400;000;000;A;ZODIAC;0000309244;50;000;000;1221401110010;30042024;7892953003664;+;N;S;90437942;  ;;N;N
0000309245;0000309245;OXYPYNAL 10MG 28CPDS REV.LIB.PROLONG.;27062020;V;19413;26838;000;6933;9585;0000;CX;CPDS;2800;000;000;A;ZODIAC;0000309245;50;000;000;1221401110029;30042024;7892953003671;+;N;S;90437934;  ;;N;N
0000309246;0000309246;OXYPYNAL 20MG 14CPDS REV.LIB.PROLONG.;27062020;V;17405;24061;000;12432;17186;0000;CX;CPDS;1400;000;000;A;ZODIAC;0000309246;50;000;000;1221401110061;30042024;7892953003718;+;N;S;90437896;  ;;N;N
0000309247;0000309247;OXYPYNAL 20MG 28CPDS REV.LIB.PROLONG.;27062020;V;34810;48123;000;12432;17187;0000;CX;CPDS;2800;000;000;A;ZODIAC;0000309247;50;000;000;1221401110071;30042024;7892953003725;+;N;S;90437888;  ;;N;N
0000308631;0000308631;PACLITAXEL 6MG/ML SOL.INJ.1FA 5ML;30062020;F;59166;000;000;591660;0000;0000;CX;FA;100;000;000;A;SANDOZ;0000308631;50;000;000;1004705530017;30072020;7897595623102;+;N;S;90403177;  ;;S;N
0000271446;0000271446;PANTOPRAZOL 20MG 14CPDS REV.;07072020;V;1745;2412;000;1246;1723;0000;CX;CPDS;1400;000;000;A;TEUTO BRAS;0000271446;50;000;000;1037006160020;28022025;7896112132080;+;N;S;90350910;  ;;S;N
0000296973;0000296973;PANTOPRAZOL 20MG 280CPDS REV.LIB.RETARD.;26062020;F;87982;000;000;3142;0000;0000;CX;CPDS;28000;000;000;A;PRATI-DONADUZZI;0000296973;50;000;000;1256802620098;31102022;7899547507935;+;S;S;90410360;  ;;S;N
0000271447;0000271447;PANTOPRAZOL 20MG 28CPDS REV.;07072020;V;2843;3930;000;1015;1404;0000;CX;CPDS;2800;000;000;A;TEUTO BRAS;0000271447;50;000;000;1037006160039;28022025;7896112132097;+;N;S;90350928;  ;;S;N
0000294768;0000294768;PANTOPRAZOL 20MG 28CPDS REV.LIB.RETARD.;26062020;V;1882;2802;000;0672;1001;0000;CX;CPDS;2800;000;000;A;PRATI-DONADUZZI;0000294768;50;000;000;1256802620020;31102022;7899547507867;+;N;S;90410327;  ;;S;N
0000285026;0000285026;PANTOPRAZOL 20MG 42CPDS REV.LIB.RETARD.;30062020;V;2970;4106;000;0707;0978;0000;CX;CPDS;4200;000;000;A;SANDOZ;0000285026;50;000;000;1004704560095;30072023;7897595632272;+;N;S;90367600;  ;;S;N
0000294769;0000294769;PANTOPRAZOL 20MG 56CPDS REV.LIB.RETARD.;26062020;V;6967;9631;000;1244;1720;0000;CX;CPDS;5600;000;000;A;PRATI-DONADUZZI;0000294769;50;000;000;1256802620047;31102022;7899547507881;+;N;S;90410335;  ;;S;N
0000271448;0000271448;PANTOPRAZOL 40MG 14CPDS REV.;07072020;V;2843;3930;000;2031;2807;0000;CX;CPDS;1400;000;000;A;TEUTO BRAS;0000271448;50;000;000;1037006160063;28022025;7896112170730;+;N;S;90350898;  ;;S;N
0000296974;0000296974;PANTOPRAZOL 40MG 280CPDS REV.LIB.RETARD.;26062020;F;155046;000;000;5537;0000;0000;CX;CPDS;28000;000;000;A;PRATI-DONADUZZI;0000296974;50;000;000;1256802620195;31102022;7899547508048;+;S;S;90410378;  ;;S;N
0000271449;0000271449;PANTOPRAZOL 40MG 28CPDS REV.;02022021;V;3504;4844;000;1251;1730;0000;CX;CPDS;2800;000;000;A;TEUTO BRAS;0000271449;50;000;000;1037006160071;28022025;7896112132073;+;N;S;90350901;  ;;S;N
0000294770;0000294770;PANTOPRAZOL 40MG 28CPDS REV.LIB.RETARD.;26062020;V;2934;4056;000;1048;1449;0000;CX;CPDS;2800;000;000;A;PRATI-DONADUZZI;0000294770;50;000;000;1256802620128;31102022;7899547507973;+;N;S;90410343;  ;;S;N
0000246308;0000246308;PANTOPRAZOL 40MG 42CPDS REV.LIB.RETARD.;07072020;V;7405;10237;000;1763;2437;0000;CX;CPDS;4200;000;000;A;NOVA QUIMICA GEN;0000246308;50;000;000;1356904610111;30062024;7895296238021;+;N;S;90294173;  ;;S;N
0000285029;0000285029;PANTOPRAZOL 40MG 42CPDS REV.LIB.RETARD.;30062020;V;5493;7594;000;1308;1808;0000;CX;CPDS;4200;000;000;A;SANDOZ;0000285029;50;000;000;1004704560109;30072023;7897595632289;+;N;S;90367677;  ;;S;N
0000294771;0000294771;PANTOPRAZOL 40MG 56CPDS REV.LIB.RETARD.;15102020;V;7000;9677;000;1250;1728;0000;CX;CPDS;5600;000;000;A;PRATI-DONADUZZI;0000294771;50;000;000;1256802620144;31102022;7899547507997;+;N;S;90410351;  ;;S;N
0000304859;0000304859;PANTOPRAZOL SODICO SESQUIHIDRATADO 40MG 14CPDS REV.LIB.RETARD.;30062020;V;1785;2468;000;1275;1763;0000;CX;CPDS;1400;000;000;A;VITAPAN;0000304859;50;000;000;1039201850029;31082023;7898049795772;+;N;S;90414306;  ;;S;N
0000304860;0000304860;PANTOPRAZOL SODICO SESQUIHIDRATADO 40MG 28CPDS REV.LIB.RETARD.;30062020;V;3572;4938;000;1276;1764;0000;CX;CPDS;2800;000;000;A;VITAPAN;0000304860;50;000;000;1039201850037;31082023;7898049795789;+;N;S;90414314;  ;;S;N
0000315227;0000315227;PANTOPRAZOL SODICO SESQUIHIDRATADO 40MG 490CPDS;30062020;V;93321;129011;000;1905;2633;0000;CX;CPDS;49000;000;000;A;VITAPAN;0000315227;50;000;000;1039201850045;31082020;7898049795796;+;N;S;90414322;  ;;S;N
0000280675;0000280675;PAPEL TERMO SENSIVEL P/REGISTRO IMAGENS ULTRASSOM 5UNID 110MMX18MT;09032021;F;16000;000;000;32000;0000;0000;CX;UN;500;000;000;A;DBI MEDICAL;0000280675;20;000;1500;80722800005;VIGENTE;; ;N;S;;MC;MP110HG;N;N
0000280674;0000280674;PAPEL TERMO SENSIVEL P/REGISTRO IMAGENS ULTRASSOM 5UNID 110MMX20MT;09032021;F;8001;000;000;16002;0000;0000;CX;UN;500;000;000;A;DBI MEDICAL;0000280674;20;000;1500;80722800005;VIGENTE;; ;N;S;;MC;MP110S;N;N
0000280676;0000280676;PAPEL TERMO SENSIVEL P/REGISTRO IMAGENS ULTRASSOM 5UNID 110MMX20MT;09032021;F;16000;000;000;32000;0000;0000;CX;UN;500;000;000;A;DBI MEDICAL;0000280676;20;000;1500;80722800005;VIGENTE;; ;N;S;;MC;MP110HD;N;N
0000314866;0000314866;PAPILOTOMO PRE-CORTE(ESTILETE)DESC.;02062020;F;320000;000;000;0000;0000;0000;ENV;UN;100;000;000;A;MEDI-GLOBE;0000314866;20;000;000;80073110111;27042030;; ;N;N;100900224;ME;GSP-15-25-005;N;N
0000314867;0000314867;PAPILOTOMO PRE-CORTE(ESTILETE)DESC.;02062020;F;320000;000;000;0000;0000;0000;ENV;UN;100;000;000;A;MEDI-GLOBE;0000314867;20;000;000;80073110111;27042030;; ;N;N;100900224;ME;GSP-15-25-010;N;N
0000314868;0000314868;PAPILOTOMO PRE-CORTE(ESTILETE)DESC.;02062020;F;320000;000;000;0000;0000;0000;ENV;UN;100;000;000;A;MEDI-GLOBE;0000314868;20;000;000;80073110111;27042030;; ;N;N;100900224;ME;GSP-15-25-015;N;N
0000314869;0000314869;PAPILOTOMO SISTEMA FIO CURTO DESC.;02062020;F;320000;000;000;0000;0000;0000;ENV;UN;100;000;000;A;MEDI-GLOBE;0000314869;20;000;000;80073110111;27042030;; ;N;N;100900224;ME;GSP-41-25-020;N;N
0000314870;0000314870;PAPILOTOMO SISTEMA FIO CURTO DESC.;02062020;F;320000;000;000;0000;0000;0000;ENV;UN;100;000;000;A;MEDI-GLOBE;0000314870;20;000;000;80073110111;27042030;; ;N;N;100900224;ME;GSP-41-25-020PS;N;N
0000314871;0000314871;PAPILOTOMO SISTEMA FIO CURTO DESC.;02062020;F;320000;000;000;0000;0000;0000;ENV;UN;100;000;000;A;MEDI-GLOBE;0000314871;20;000;000;80073110111;27042030;; ;N;N;100900224;ME;GSP-41-25-020PL;N;N
0000314872;0000314872;PAPILOTOMO SISTEMA FIO CURTO DESC.;02062020;F;320000;000;000;0000;0000;0000;ENV;UN;100;000;000;A;MEDI-GLOBE;0000314872;20;000;000;80073110111;27042030;; ;N;N;100900224;ME;GSP-41-25-025;N;N
0000314873;0000314873;PAPILOTOMO SISTEMA FIO CURTO DESC.;02062020;F;320000;000;000;0000;0000;0000;ENV;UN;100;000;000;A;MEDI-GLOBE;0000314873;20;000;000;80073110111;27042030;; ;N;N;100900224;ME;GSP-41-25-025PS;N;N
0000314874;0000314874;PAPILOTOMO SISTEMA FIO CURTO DESC.;02062020;F;320000;000;000;0000;0000;0000;ENV;UN;100;000;000;A;MEDI-GLOBE;0000314874;20;000;000;80073110111;27042030;; ;N;N;100900224;ME;GSP-41-25-025PL;N;N
0000314875;0000314875;PAPILOTOMO SISTEMA FIO CURTO DESC.;02062020;F;320000;000;000;0000;0000;0000;ENV;UN;100;000;000;A;MEDI-GLOBE;0000314875;20;000;000;80073110111;27042030;; ;N;N;100900224;ME;GSP-41-25-030;N;N
0000314876;0000314876;PAPILOTOMO SISTEMA FIO CURTO DESC.;02062020;F;320000;000;000;0000;0000;0000;ENV;UN;100;000;000;A;MEDI-GLOBE;0000314876;20;000;000;80073110111;27042030;; ;N;N;100900224;ME;GSP-41-25-030PS;N;N
0000314877;0000314877;PAPILOTOMO SISTEMA FIO CURTO DESC.;02062020;F;320000;000;000;0000;0000;0000;ENV;UN;100;000;000;A;MEDI-GLOBE;0000314877;20;000;000;80073110111;27042030;; ;N;N;100900224;ME;GSP-41-25-030PL;N;N
0000314878;0000314878;PAPILOTOMO SISTEMA FIO CURTO DESC.;02062020;F;320000;000;000;0000;0000;0000;ENV;UN;100;000;000;A;MEDI-GLOBE;0000314878;20;000;000;80073110111;27042030;; ;N;N;100900224;ME;GSP-42-25-020;N;N
0000314879;0000314879;PAPILOTOMO SISTEMA FIO CURTO DESC.;02062020;F;320000;000;000;0000;0000;0000;ENV;UN;100;000;000;A;MEDI-GLOBE;0000314879;20;000;000;80073110111;27042030;; ;N;N;100900224;ME;GSP-42-25-020PS;N;N
0000314880;0000314880;PAPILOTOMO SISTEMA FIO CURTO DESC.;02062020;F;320000;000;000;0000;0000;0000;ENV;UN;100;000;000;A;MEDI-GLOBE;0000314880;20;000;000;80073110111;27042030;; ;N;N;100900224;ME;GSP-42-25-020PL;N;N
0000314881;0000314881;PAPILOTOMO SISTEMA FIO CURTO DESC.;02062020;F;320000;000;000;0000;0000;0000;ENV;UN;100;000;000;A;MEDI-GLOBE;0000314881;20;000;000;80073110111;27042030;; ;N;N;100900224;ME;GSP-42-25-025;N;N
0000314882;0000314882;PAPILOTOMO SISTEMA FIO CURTO DESC.;02062020;F;320000;000;000;0000;0000;0000;ENV;UN;100;000;000;A;MEDI-GLOBE;0000314882;20;000;000;80073110111;27042030;; ;N;N;100900224;ME;GSP-42-25-025PS;N;N
0000314883;0000314883;PAPILOTOMO SISTEMA FIO CURTO DESC.;02062020;F;320000;000;000;0000;0000;0000;ENV;UN;100;000;000;A;MEDI-GLOBE;0000314883;20;000;000;80073110111;27042030;; ;N;N;100900224;ME;GSP-42-25-025PL;N;N
0000314884;0000314884;PAPILOTOMO SISTEMA FIO CURTO DESC.;02062020;F;320000;000;000;0000;0000;0000;ENV;UN;100;000;000;A;MEDI-GLOBE;0000314884;20;000;000;80073110111;27042030;; ;N;N;100900224;ME;GSP-42-25-030;N;N
0000314885;0000314885;PAPILOTOMO SISTEMA FIO CURTO DESC.;02062020;F;320000;000;000;0000;0000;0000;ENV;UN;100;000;000;A;MEDI-GLOBE;0000314885;20;000;000;80073110111;27042030;; ;N;N;100900224;ME;GSP-42-25-030PS;N;N
0000314886;0000314886;PAPILOTOMO SISTEMA FIO CURTO DESC.;02062020;F;320000;000;000;0000;0000;0000;ENV;UN;100;000;000;A;MEDI-GLOBE;0000314886;20;000;000;80073110111;27042030;; ;N;N;100900224;ME;GSP-42-25-030PL;N;N
0000269557;0000269557;PAQUETA 75MG 30CPDS REV.;30062020;V;6195;8564;000;6195;8564;0000;CX;CPDS;1000;000;000;A;SUPERA;0000269557;50;000;000;1037202340028;31012020;7899420501142;+;N;S;90329627;  ;;N;N
0000308611;0000308611;PARA 20MG/ML PO SUSP.ORAL 100ML;30062020;V;3608;4807;000;0361;0481;0000;FR;ML;10000;000;000;A;SUPERA;0000308611;50;000;000;1037202580029;31102020;7899420506611;-;N;S;90420977;  ;;N;N
0000308610;0000308610;PARA 20MG/ML PO SUSP.ORAL 45ML;30062020;V;1739;2317;000;0386;0515;0000;FR;ML;4500;000;000;A;SUPERA;0000308610;50;000;000;1037202580010;31102020;7899420506604;-;N;S;90420969;  ;;N;N
0000313407;0000313407;PARACETAMOL 200MG/ML SOL.ORAL.GTS.15ML;05012021;V;583;777;000;0389;0518;0000;FR;ML;1500;000;000;A;TEUTO BRAS;0000313407;50;000;000;1037007360015;31102029;7896112101512;-;N;S;90446429;  ;;S;N
0000301174;0000301174;PARACETAMOL 750MG 20CPDS REV.;26062020;V;937;1248;000;0469;0624;0000;CX;CPDS;2000;000;000;A;PRATI-DONADUZZI;0000301174;50;000;000;1256800500265;31072027;7899547531251;-;N;S;90411110;  ;;S;N
0000174503;0000174503;PARACETAMOL 750MG 50BLX4CPDS;07072020;V;7324;9758;000;0366;0488;0000;CX;CPDS;20000;000;000;A;TEUTO BRAS;0000174503;50;000;000;1037003880170;30092022;7896112184232;-;N;S;;  ;;S;N
0000313406;0000313406;PARACETAMOL 750MG BL.AL.PLAS.20CPDS;07072020;V;651;867;000;0326;0434;0000;CX;CPDS;2000;000;000;A;TEUTO BRAS;0000313406;50;000;000;1037007360031;31102029;7896112101567;-;N;S;90446224;  ;;S;N
0000240301;0000240301;PARACETAMOL+CAFEINA 500+65MG 20CPDS REV.;02032021;V;1991;2653;000;0996;1327;0000;CX;CPDS;2000;000;000;A;SANOFI MEDLEY;0000240301;50;000;000;1832601070016;31012021;7896422519939;-;N;S;90371623;  ;;S;N
0000310585;0000310585;PARACETAMOL+FOSFATO CODEINA 500+30MG 12CPDS;30062020;V;1862;2481;000;1552;2068;0000;CX;CPDS;1200;000;000;A;SUPERA;0000310585;50;000;000;1037202840020;31102023;7899420506918;-;N;S;90421000;  ;;S;N
0000320816;0000320816;PARACETAMOL+FOSFATO CODEINA 500+30MG 12CPDS;02032021;V;1261;1680;000;1051;1400;0000;CX;CPDS;1200;000;000;A;NEO QUIMICA;0000320816;50;000;000;1558405830059;30092029;7896714263137;-;N;S;;  ;;S;N
0000310586;0000310586;PARACETAMOL+FOSFATO CODEINA 500+30MG 24CPDS;30062020;V;3381;4505;000;1409;1877;0000;CX;CPDS;2400;000;000;A;SUPERA;0000310586;50;000;000;1037202840039;31102023;7899420506925;-;N;S;90421019;  ;;S;N
0000320817;0000320817;PARACETAMOL+FOSFATO CODEINA 500+30MG 24CPDS;02032021;V;2261;3012;000;0942;1255;0000;CX;CPDS;2400;000;000;A;NEO QUIMICA;0000320817;50;000;000;1558405830067;30062030;7896714263144;-;N;S;;  ;;S;N
0000310587;0000310587;PARACETAMOL+FOSFATO CODEINA 500+30MG 36CPDS;30062020;V;4426;5897;000;1229;1638;0000;CX;CPDS;3600;000;000;A;SUPERA;0000310587;50;000;000;1037202840047;31102023;7899420506932;-;N;S;90421027;  ;;S;N
0000244535;0000244535;PARATRAM 37,5+325MG 30CPDS;27062020;V;6992;9316;000;2331;3105;0000;CX;CPDS;3000;000;000;A;ZODIAC;0000244535;50;000;000;1221400710065;31052023;7892953001332;-;N;S;90287347;  ;;N;N
0000315367;0000315367;PATZ 5MG BL.AL.AL.20CPDS SUBL.;07072020;V;4924;6807;000;2462;3404;0000;CX;CPDS;2000;000;000;A;SIGMA PHARMA;0000315367;50;000;000;1356906430038;30092026;7894916515559;+;N;S;90472888;  ;;N;N
0000318434;0000318434;PATZ SL 5MG 60CPDS;05012021;V;11067;15299;000;1845;2550;0000;CX;CPDS;6000;000;000;A;SIGMA PHARMA;0000318434;50;000;000;1356906430161;30092026;7894916515979;+;N;S;90484452;  ;;N;N
0000300874;0000300874;PATZ SL 5MG BL.30CPDS SUBL.;07072020;V;7905;10928;000;2635;3643;0000;CX;CPDS;3000;000;000;A;SIGMA PHARMA;0000300874;50;000;000;1356906430062;30092026;7894916512992;+;N;S;;  ;;N;N
0000244682;0000244682;PEDIACEL SUSP.INJ.1FA 0,5ML;30062020;V;11989;16574;000;0000;0000;0000;CX;FA;100;000;000;A;SANOFI MEDLEY;0000244682;50;000;000;1832603920017;30042028;7891058021290;+;N;N;90475887;  ;;N;N
0000320027;0000320027;PELICULA ADESIVA CARILEX;22122020;F;108218;000;000;0000;0000;0000;CX;UN;100;000;000;A;VIDE BULA;0000320027;20;000;000;80311980001;VIGENTE;; ;N;N;100902170;ME;S1001-8300;N;N
0000317849;0000317849;PEMETREXEDE DISSODICO 100MG PO LIOF.SOL.INJ.10ML;01102020;F;81221;000;000;0000;0000;0000;FA;ML;1000;000;000;A;SUN FARMACEUTICA;0000317849;50;000;000;1468200760017;31032029;7898272940659;+;S;N;90487699;  ;;S;N
0000317850;0000317850;PEMETREXEDE DISSODICO 500MG PO LIOF.SOL.INJ.50ML;01102020;F;406108;000;000;0000;0000;0000;FA;ML;5000;000;000;A;SUN FARMACEUTICA;0000317850;50;000;000;1468200760025;31032029;7898272940642;+;S;N;90487702;  ;;S;N
0000314946;0000314946;PENTAXIM PO LIOF.INJ.1DOSE 1FA+SUSP.INJ.1SER.PREENC.0,5ML;30062020;V;11828;16352;000;0000;0000;0000;SER;ML;050;000;000;A;SANOFI MEDLEY;0000314946;50;000;000;1832603910021;31072024;7891058022884;+;N;N;90472560;  ;;N;N
0000320639;0000320639;PENTAXIM PO LIOF.INJ.1DOSE 1FA+SUSP.INJ.1SER.PREENC.0,5ML+2AG.;17022021;V;11828;16352;000;0000;0000;0000;SER;ML;050;000;000;A;SANOFI MEDLEY;0000320639;50;000;000;1832603910038;31072029;7891058999551;+;N;N;90487753;  ;;N;N
0000249071;0000249071;PEPTOVIT 40MG 28CPDS REV.;30062020;V;5795;8011;000;2070;2861;0000;CX;CPDS;2800;000;000;A;VITAPAN;0000249071;50;000;000;1039201190037;30062021;7898049794652;+;N;S;90324226;  ;;N;N
0000302260;0000302260;PERIDAL 1MG/ML SUSP.ORAL 100ML+SER.DOS.;19062020;V;3128;4167;000;0313;0417;0000;FR;ML;10000;000;000;A;MANTECORP FARMASA;0000302260;50;000;000;1781708840058;30112027;7896714274676;-;N;S;90496639;  ;;N;N
0000240034;0000240034;PERJETA 420MG SOL.INJ.FA 14ML;03072020;F;1141463;000;000;0000;0000;0000;FA;ML;1400;000;000;A;ROCHE;0000240034;50;000;000;1010006570014;31052023;7896226506401;+;S;N;90294432;  ;;N;N
0000314067;0000314067;PERLID 1MG 30CPDS REV.;26062020;V;2247;3106;000;0749;1035;0000;CX;CPDS;3000;000;000;A;PRATI-DONADUZZI;0000314067;50;000;000;1256802910037;31082029;7899547532777;+;N;S;90476255;  ;;N;N
0000313275;0000313275;PERLID 1MG/ML SOL.ORAL 30ML+SER.DOS.;26062020;V;3395;4693;000;0000;0000;0000;FR;ML;3000;000;000;A;PRATI-DONADUZZI;0000313275;50;000;000;1256802920032;31082029;7899547533132;+;N;N;90476336;  ;;N;N
0000314068;0000314068;PERLID 2MG 30CPDS REV.;26062020;V;2247;3108;000;0749;1036;0000;CX;CPDS;3000;000;000;A;PRATI-DONADUZZI;0000314068;50;000;000;1256802910150;31082029;7899547532890;+;N;S;90476271;  ;;N;N
0000314069;0000314069;PERLID 3MG 30CPDS REV.;26062020;V;2247;3106;000;0749;1035;0000;CX;CPDS;3000;000;000;A;PRATI-DONADUZZI;0000314069;50;000;000;1256802910274;31082029;7899547533019;+;N;S;90476298;  ;;N;N
0000241554;0000241554;PERMETRINA 10MG/G LOCAO 50FRX60ML(EMB.HOSP.);26062020;F;72172;000;000;14434;0000;0000;CX;FR;5000;000;000;A;PRATI-DONADUZZI;0000241554;50;000;000;1256802400020;31032023;7899547515039;+;S;S;90275071;  ;;S;N
0000241552;0000241552;PERMETRINA 10MG/G LOCAO 60ML;26062020;V;1441;1920;000;0000;0000;0000;FR;ML;6000;000;000;A;PRATI-DONADUZZI;0000241552;50;000;000;1256802400012;31032023;7899547515022;+;N;N;90275063;  ;;S;N
0000310053;0000310053;PERMUTADOR CALOR/HUMIDADE PROVOX LUNA HME 30UNID.;14072020;F;390568;000;000;130189;0000;0000;CX;UN;3000;000;000;A;ATOS MEDICAL BRASIL;0000310053;20;000;000;80911510031;VIGENTE;; ;N;S;100888496;ME;8013;N;N
0000311367;0000311367;PHARMATON 50+ 30CAPS;17022021;F;6211;000;000;2070;0000;0000;CX;CAPS;3000;000;000;A;SANOFI MEDLEY;0000311367;50;000;000;6193109680013;28022022;7891058021696; ;N;S;;  ;;N;S
0000311368;0000311368;PHARMATON 50+ 60CAPS;17022021;F;11137;000;000;1856;0000;0000;CX;CAPS;6000;000;000;A;SANOFI MEDLEY;0000311368;50;000;000;6193109680013;28022022;7891058022181; ;N;S;;  ;;N;S
0000311369;0000311369;PHARMATON 50+ 90CAPS;17022021;F;15762;000;000;1751;0000;0000;CX;CAPS;9000;000;000;A;SANOFI MEDLEY;0000311369;50;000;000;6193109680013;28022022;7891058022174; ;N;S;;  ;;N;S
0000320645;0000320645;PHARMATON COMPLEX 100CAPS;17022021;F;13271;000;000;1327;0000;0000;CX;CAPS;10000;000;000;A;SANOFI MEDLEY;0000320645;50;000;000;671980010;30072019;7891058021719; ;N;S;;  ;;N;S
0000320646;0000320646;PHARMATON COMPLEX 30CAPS;17022021;F;4689;000;000;1563;0000;0000;CX;CAPS;3000;000;000;A;SANOFI MEDLEY;0000320646;50;000;000;671980010;30072019;7891058021726; ;N;S;;  ;;N;S
0000318445;0000318445;PHARMATON COMPLEX 60+30CAPS GEL;17022021;F;10835;000;000;1204;0000;0000;CX;CAPS;9000;000;000;A;SANOFI MEDLEY;0000318445;50;000;000;ISENTO;;7891058000288; ;N;S;;  ;;N;N
0000320644;0000320644;PHARMATON COMPLEX 60CAPS;17022021;F;8480;000;000;1413;0000;0000;CX;CAPS;6000;000;000;A;SANOFI MEDLEY;0000320644;50;000;000;671980010;30072019;7891058021702; ;N;S;;  ;;N;S
0000311362;0000311362;PHARMATON ENERGY 100CPDS;17022021;F;15762;000;000;1576;0000;0000;CX;CPDS;10000;000;000;A;SANOFI MEDLEY;0000311362;50;000;000;ISENTO;;7891058022648; ;N;S;;  ;;N;S
0000309380;0000309380;PHARMATON ENERGY 30CPDS;17022021;F;6211;000;000;2070;0000;0000;CX;CPDS;3000;000;000;A;SANOFI MEDLEY;0000309380;50;000;000;ISENTO;;7891058022624; ;N;S;;  ;;N;S
0000309382;0000309382;PHARMATON ENERGY 60CPDS;17022021;F;11137;000;000;1856;0000;0000;CX;CPDS;6000;000;000;A;SANOFI MEDLEY;0000309382;50;000;000;ISENTO;;7891058022631; ;N;S;;  ;;N;S
0000309383;0000309383;PHARMATON MULHER 30CAPS;01082019;F;5955;000;000;1985;0000;0000;CX;CAPS;3000;000;000;A;SANOFI MEDLEY;0000309383;50;000;000;ISENTO;;7891058022693; ;N;S;;  ;;N;S
0000309384;0000309384;PHARMATON MULHER 60CAPS;01082019;F;10719;000;000;1787;0000;0000;CX;CAPS;6000;000;000;A;SANOFI MEDLEY;0000309384;50;000;000;ISENTO;;7891058022686; ;N;S;;  ;;N;S
0000309385;0000309385;PHARMATON VITAWIN 1 10ML;17022021;F;1003;000;000;0000;0000;0000;FR;ML;1000;000;000;A;SANOFI MEDLEY;0000309385;50;000;000;ISENTO;;7891058021498; ;N;N;;  ;;N;S
0000315164;0000315164;PHARMATON VITAWIN 150ML;17022021;F;3736;000;000;0000;0000;0000;FR;ML;15000;000;000;A;SANOFI MEDLEY;0000315164;50;000;000;ISENTO;;7891058999629; ;N;N;;  ;;N;S
0000309386;0000309386;PHARMATON VITAWIN 2 30ML;17022021;F;2463;000;000;0000;0000;0000;FR;ML;3000;000;000;A;SANOFI MEDLEY;0000309386;50;000;000;ISENTO;;7891058016609; ;N;N;;  ;;N;S
0000309387;0000309387;PHARMATON VITAWIN 3 150ML;17022021;F;3614;000;000;0000;0000;0000;FR;ML;15000;000;000;A;SANOFI MEDLEY;0000309387;50;000;000;ISENTO;;7891058016616; ;N;N;;  ;;N;S
0000308625;0000308625;PIDEZOT 10MG 20CPDS REV;30062020;V;3367;4655;000;1684;2328;0000;CX;CPDS;2000;000;000;A;SANDOZ;0000308625;50;000;000;1004706100024;30062023;7897595635235;+;N;S;90403100;  ;;N;N
0000308626;0000308626;PIDEZOT 10MG 30CPDS REV;30062020;V;5050;6981;000;1683;2327;0000;CX;CPDS;3000;000;000;A;SANDOZ;0000308626;50;000;000;1004706100032;30062023;7897595635242;+;N;S;90403118;  ;;N;N
0000319685;0000319685;PINCA BIOPSIA TECH BITE OVAL 1,8MMX120CM;10122020;F;110000;000;000;0000;0000;0000;ENV;UN;100;000;000;A;PROMEDON SAO PAULO;0000319685;20;000;800;10306840182;VIGENTE;; ;N;N;100912745;ME;EBF33-11018120;N;N
0000319686;0000319686;PINCA BIOPSIA TECH BITE OVAL 1,8MMX180CM;10122020;F;110000;000;000;0000;0000;0000;ENV;UN;100;000;000;A;PROMEDON SAO PAULO;0000319686;20;000;800;10306840182;VIGENTE;; ;N;N;100912745;ME;EBF33-11018180;N;N
0000319688;0000319688;PINCA BIOPSIA TECH BITE OVAL 1,8MMX230CM;10122020;F;110000;000;000;0000;0000;0000;ENV;UN;100;000;000;A;PROMEDON SAO PAULO;0000319688;20;000;800;10306840182;VIGENTE;; ;N;N;100912745;ME;EBF33-11018230;N;N
0000319690;0000319690;PINCA BIOPSIA TECH BITE OVAL 2,3MMX180CM;10122020;F;110000;000;000;0000;0000;0000;ENV;UN;100;000;000;A;PROMEDON SAO PAULO;0000319690;20;000;800;10306840182;VIGENTE;; ;N;N;100912745;ME;EBF33-11023180;N;N
0000319691;0000319691;PINCA BIOPSIA TECH BITE OVAL 2,3MMX230CM;10122020;F;110000;000;000;0000;0000;0000;ENV;UN;100;000;000;A;PROMEDON SAO PAULO;0000319691;20;000;800;10306840182;VIGENTE;; ;N;N;100912745;ME;EBF33-11023230;N;N
0000319693;0000319693;PINCA BIOPSIA TECH BITE OVAL C/ESPICULA 2,3MMX230CM;10122020;F;110000;000;000;0000;0000;0000;ENV;UN;100;000;000;A;PROMEDON SAO PAULO;0000319693;20;000;800;10306840182;VIGENTE;; ;N;N;100912745;ME;EBF33-11123230;N;N
0000319694;0000319694;PINCA BIOPSIA TECH BITE SERRILHADA 1,8MMX120CM;10122020;F;110000;000;000;0000;0000;0000;ENV;UN;100;000;000;A;PROMEDON SAO PAULO;0000319694;20;000;800;10306840182;VIGENTE;; ;N;N;100912745;ME;EBF43-11018120;N;N
0000319695;0000319695;PINCA BIOPSIA TECH BITE SERRILHADA 1,8MMX180CM;10122020;F;110000;000;000;0000;0000;0000;ENV;UN;100;000;000;A;PROMEDON SAO PAULO;0000319695;20;000;800;10306840182;VIGENTE;; ;N;N;100912745;ME;EBF43-11018180;N;N
0000319696;0000319696;PINCA BIOPSIA TECH BITE SERRILHADA 1,8MMX230CM;10122020;F;110000;000;000;0000;0000;0000;ENV;UN;100;000;000;A;PROMEDON SAO PAULO;0000319696;20;000;800;10306840182;VIGENTE;; ;N;N;100912745;ME;EBF43-11018230;N;N
0000319698;0000319698;PINCA BIOPSIA TECH BITE SERRILHADA 2,3MMX180CM;10122020;F;110000;000;000;0000;0000;0000;ENV;UN;100;000;000;A;PROMEDON SAO PAULO;0000319698;20;000;800;10306840182;VIGENTE;; ;N;N;100912745;ME;EBF43-11023180;N;N
0000319700;0000319700;PINCA BIOPSIA TECH BITE SERRILHADA 2,3MMX230CM;10122020;F;110000;000;000;0000;0000;0000;ENV;UN;100;000;000;A;PROMEDON SAO PAULO;0000319700;20;000;800;10306840182;VIGENTE;; ;N;N;100912745;ME;EBF43-11023230;N;N
0000319702;0000319702;PINCA BIOPSIA TECH BITE SERRILHADA C/ESPICULA 2,3MMX230CM;10122020;F;110000;000;000;0000;0000;0000;ENV;UN;100;000;000;A;PROMEDON SAO PAULO;0000319702;20;000;800;10306840182;VIGENTE;; ;N;N;100912745;ME;EBF43-11123230;N;N
0000319754;0000319754;PINCA BIOPSIA TRUE BITE LARGE CAPACITY 2,4MMX180CM;10122020;F;110000;000;000;0000;0000;0000;ENV;UN;100;000;000;A;PROMEDON SAO PAULO;0000319754;20;000;800;10306840182;VIGENTE;; ;N;N;100912745;ME;LCNBF63-10024180;N;N
0000319755;0000319755;PINCA BIOPSIA TRUE BITE LARGE CAPACITY 2,4MMX230CM;10122020;F;110000;000;000;0000;0000;0000;ENV;UN;100;000;000;A;PROMEDON SAO PAULO;0000319755;20;000;800;10306840182;VIGENTE;; ;N;N;100912745;ME;LCNBF63-10024230;N;N
0000316645;0000316645;PINCA ULTRASSONICA 5,5MMX36CM;18082020;F;460000;000;000;0000;0000;0000;CX;UN;100;000;000;A;E-MED;0000316645;20;000;000;80475510240;17022020;; ;N;N;100887333;ME;PUE360;N;N
0000301433;0000301433;PIOGLIT 30MG 15CPDS;09062020;V;1895;2620;000;1263;1747;0000;CX;CPDS;1500;000;000;A;TORRENT;0000301433;50;000;000;1052500470055;31032021;8902220109674;+;N;S;90241053;  ;;N;N
0000314725;0000314725;PLACA ELETROCIRURGICA BLUEPAD ADU.BI-PARTIDA;09032021;F;23000;000;000;0000;0000;0000;ENV;UN;100;000;000;A;DBI MEDICAL;0000314725;20;000;800;80722800013;02092029;; ;N;N;;MC;A20;N;N
0000314727;0000314727;PLACA ELETROCIRURGICA BLUEPAD ADU.INTEIRA;09032021;F;23000;000;000;0000;0000;0000;ENV;UN;100;000;000;A;DBI MEDICAL;0000314727;20;000;800;80722800013;02092029;; ;N;N;;MC;A10;N;N
0000314730;0000314730;PLACA ELETROCIRURGICA BLUEPAD ANEL PROTETOR ADU./PED.BI-PARTIDA;09032021;F;29000;000;000;0000;0000;0000;ENV;UN;100;000;000;A;DBI MEDICAL;0000314730;20;000;800;80722800013;02092029;; ;N;N;;MC;AP20;N;N
0000314732;0000314732;PLACA ELETROCIRURGICA BLUEPAD ANEL PROTETOR ADU./PED.INTEIRA;09032021;F;29000;000;000;0000;0000;0000;ENV;UN;100;000;000;A;DBI MEDICAL;0000314732;20;000;800;80722800013;02092029;; ;N;N;;MC;AP10;N;N
0000314735;0000314735;PLACA ELETROCIRURGICA BLUEPAD PED.BI-PARTIDA;09032021;F;25000;000;000;0000;0000;0000;ENV;UN;100;000;000;A;DBI MEDICAL;0000314735;20;000;800;80722800013;02092029;; ;N;N;;MC;P20;N;N
0000314736;0000314736;PLACA ELETROCIRURGICA BLUEPAD PED.INTEIRA;09032021;F;25000;000;000;0000;0000;0000;ENV;UN;100;000;000;A;DBI MEDICAL;0000314736;20;000;800;80722800013;02092029;; ;N;N;;MC;P10;N;N
0000319861;0000319861;PLUTO 100MG 60CPDS REV.;16122020;V;576894;797522;000;96149;132920;0000;CX;CPDS;6000;000;000;A;SUN FARMACEUTICA;0000319861;50;000;000;1468200970011;30092030;7898272945876;+;N;S;90499620;  ;;N;N
0000319862;0000319862;PLUTO 100MG BL.AL.AL.DESSEC.60CPDS.REV;16122020;V;576894;797522;000;96149;132920;0000;CX;CPDS;6000;000;000;A;SUN FARMACEUTICA;0000319862;50;000;000;1468200970021;30092030;7898272945883;+;N;S;90499590;  ;;N;N
0000319863;0000319863;PLUTO 400MG 30CPDS REV.;16122020;V;1192689;1648823;000;397563;549608;0000;CX;CPDS;3000;000;000;A;SUN FARMACEUTICA;0000319863;50;000;000;1468200970038;30092030;7898272945890;+;N;S;90499603;  ;;N;N
0000319864;0000319864;PLUTO 400MG BL.AL.AL.DESSEC.30CPDS.REV;16122020;V;1192689;1648823;000;397563;549608;0000;CX;CPDS;3000;000;000;A;SUN FARMACEUTICA;0000319864;50;000;000;1468200970046;30092030;7898272945906;+;N;S;90499611;  ;;N;N
0000316805;0000316805;PO GELATINOSO ABSORVIVEL HEMOSTATICO 1G SURGISPON POWDER 6ENV.;25082020;F;980000;000;000;1633333;0000;0000;CX;ENV;600;000;000;A;DANIALEX CIRURGICO;0000316805;20;000;000;80320680091;25052030;; ;N;S;100536069;ME;SSP-01;N;N
0000262127;0000262127;POLARYN 0,4MG/ML SOL.100ML+CP.MED.;07072020;V;927;1235;000;0000;0000;0000;FR;ML;10000;000;000;A;TEUTO BRAS;0000262127;50;000;000;1037002000231;31052022;7896112127727;-;N;N;90339215;  ;;N;N
0000307517;0000307517;POLIVITAMINAS ADU.12NUTRIENTES 1AMP.;03072020;F;5155;000;000;0000;0000;0000;AMP;AMP;100;000;000;A;SOLUS SOLUCOES;0000307517;50;000;000;ISENTO;;; ;S;N;;  ;;N;N
0000307518;0000307518;POLIVITAMINAS ADU.13NUTRIENTES 1AMP.;03072020;F;9406;000;000;0000;0000;0000;AMP;AMP;100;000;000;A;SOLUS SOLUCOES;0000307518;50;000;000;ISENTO;;; ;S;N;;  ;;N;N
0000307516;0000307516;POLIVITAMINAS ADU.8NUTRIENTES 1AMP.;03072020;F;1835;000;000;0000;0000;0000;AMP;AMP;100;000;000;A;SOLUS SOLUCOES;0000307516;50;000;000;ISENTO;;; ;S;N;;  ;;N;N
0000286265;0000286265;PRALUENT 150MG 1,0ML SOL.INJ.+1SER.PREENC.;30062020;V;102963;137178;000;0000;0000;0000;SER;ML;100;000;000;A;SANOFI MEDLEY;0000286265;50;000;000;1832603390107;31082026;7891058020460;-;N;N;90458702;  ;;N;N
0000283322;0000283322;PRALUENT 75MG/ML SOL.INJ.2SER.PREENCH.1,0ML+2CAN.APLICL.;30062020;V;215335;286893;000;1076675;1434465;0000;CX;SER;200;000;000;A;SANOFI MEDLEY;0000283322;50;000;000;1832603390050;31082026;7891058020415;-;N;S;90458680;  ;;N;N
0000245009;0000245009;PRATIPRAZOL 20MG 60CAPS GEL.DURA MICROG.;26062020;V;4519;6247;000;0753;1041;0000;CX;CAPS;6000;000;000;A;PRATI-DONADUZZI;0000245009;50;000;000;1256800840198;30062023;7899547520842;+;N;S;90321383;  ;;N;N
0000282009;0000282009;PREBICTAL 100MG 14CAPS GEL.DURA;27062020;V;5657;7821;000;4041;5586;0000;CX;CAPS;1400;000;000;A;ZODIAC;0000282009;50;000;000;1221400960010;31082021;7892953002209;+;N;S;90368568;  ;;N;N
0000282010;0000282010;PREBICTAL 100MG 28CAPS GEL.DURA;27062020;V;11314;15641;000;4041;5586;0000;CX;CAPS;2800;000;000;A;ZODIAC;0000282010;50;000;000;1221400960029;31082021;7892953002216;+;N;S;90368576;  ;;N;N
0000253402;0000253402;PREBICTAL 50MG 14CAPS GEL.DURA;27062020;V;2829;3911;000;2021;2794;0000;CX;CAPS;1400;000;000;A;ZODIAC;0000253402;50;000;000;1221400920019;31102024;7892953001899;+;N;S;90324579;  ;;N;N
0000253403;0000253403;PREBICTAL 50MG 28CAPS GEL.DURA;27062020;V;5657;7821;000;2020;2793;0000;CX;CAPS;2800;000;000;A;ZODIAC;0000253403;50;000;000;1221400920027;31102024;7892953001905;+;N;S;90324587;  ;;N;N
0000316463;0000316463;PRECEDEX 100MCG/ML SOL.INJ.25FA 2ML;07082020;F;434415;000;000;173766;0000;0000;CX;FA;2500;000;000;A;WYETH;0000316463;50;000;000;1211003720024;30112026;7891045164320;+;S;S;90490550;  ;;N;N
0000314070;0000314070;PREDNISOLONA 20MG 100CPDS;26062020;F;14399;000;000;1440;0000;0000;CX;CPDS;10000;000;000;A;PRATI-DONADUZZI;0000314070;50;000;000;1256802680041;31082028;7899547528008;+;S;S;90411013;  ;;S;N
0000301175;0000301175;PREDNISOLONA 20MG 10CPDS;26062020;V;1214;1678;000;1214;1678;0000;CX;CPDS;1000;000;000;A;PRATI-DONADUZZI;0000301175;50;000;000;1256802680015;31082028;7899547527971;+;N;S;90410980;  ;;S;N
0000256228;0000256228;PREDNISONA 20MG 120CPDS(EMB.FRAC);26062020;F;6618;000;000;0552;0000;0000;CX;CPDS;12000;000;000;A;PRATI-DONADUZZI;0000256228;50;000;000;1256801600107;30092023;7899547521740;+;N;S;90321502;  ;;S;N
0000256129;0000256129;PREDNISONA 20MG 20CPDS;30062020;V;1972;2726;000;0986;1363;0000;CX;CPDS;2000;000;000;A;VITAPAN;0000256129;50;000;000;1039201760054;31082024;7898049796069;+;N;S;90324390;  ;;S;N
0000256229;0000256229;PREDNISONA 5MG 120CPDS(EMB.FRAC);26062020;F;3007;000;000;0251;0000;0000;CX;CPDS;12000;000;000;A;PRATI-DONADUZZI;0000256229;50;000;000;1256801600085;30092023;7899547521726;+;N;S;90321499;  ;;S;N
0000256131;0000256131;PREDNISONA 5MG 20CPDS;30062020;V;860;1189;000;0430;0595;0000;CX;CPDS;2000;000;000;A;VITAPAN;0000256131;50;000;000;1039201760021;31082024;7898049796038;+;N;S;90324366;  ;;S;N
0000299565;0000299565;PREGABALINA 150MG 28CAPS DURA;07082020;V;11262;15569;000;4022;5560;0000;CX;CAPS;2800;000;000;A;RANBAXY;0000299565;50;000;000;1235202510051;31012023;7897076919595;+;N;S;90412265;  ;;S;N
0000300888;0000300888;PREGABALINA 150MG 30CAPS GEL.DURA;01092020;V;10509;14528;000;3503;4843;0000;CX;CAPS;3000;000;000;A;SANOFI MEDLEY;0000300888;50;000;000;1832602600108;31072020;7896422501330;+;N;S;90332164;  ;;S;N
0000317092;0000317092;PREGABALINA 150MG 30CAPS GEL.DURA;01092020;V;9990;13811;000;3330;4604;0000;CX;CAPS;3000;000;000;A;TEUTO BRAS;0000317092;50;000;000;1037005890122;31122027;7896112172208;+;N;S;90490720;  ;;S;N
0000299564;0000299564;PREGABALINA 75MG 28CAPS DURA;07082020;V;7344;10153;000;2623;3626;0000;CX;CAPS;2800;000;000;A;RANBAXY;0000299564;50;000;000;1235202510027;31012023;7897076919533;+;N;S;90412230;  ;;S;N
0000242019;0000242019;PREGABALINA 75MG 28CAPS GEL.DURA;07072020;V;7346;10155;000;0000;0000;0000;CX;CAPS;2800;000;000;A;TEUTO BRAS;0000242019;50;000;000;1037005890041;31122022;7896112172123;+;N;N;90259289;  ;;S;N
0000275910;0000275910;PREGABALINA 75MG 30CAPS GEL.DURA;01092020;V;7085;9795;000;2362;3265;0000;CX;CAPS;3000;000;000;A;SANOFI MEDLEY;0000275910;50;000;000;1832602600035;31072020;7896422501187;+;N;S;90332156;  ;;S;N
0000317091;0000317091;PREGABALINA 75MG 30CAPS GEL.DURA;01092020;V;6655;9200;000;2218;3067;0000;CX;CAPS;3000;000;000;A;TEUTO BRAS;0000317091;50;000;000;1037005890051;31122027;7896112172130;+;N;S;90488180;  ;;S;N
0000316462;0000316462;PREVENAR 13 5SER.PREENC.0,5ML+10AG.;07082020;V;173130;239342;000;346260;478684;0000;CX;SER;500;000;000;A;WYETH;0000316462;50;000;000;1211004680026;30042025;6251613000565;+;N;S;90476026;  ;;N;N
0000304699;0000304699;PROCTFIS H POM.20G+10APLIC.;30062020;F;3244;000;000;0000;0000;0000;BG;GRS;2000;000;000;A;UNIAO QUIMICA;0000304699;50;000;000;ISENTO;;7896006212584;-;N;N;;  ;;N;N
0000302259;0000302259;PROFENID 20MG/ML SOL.ORAL BG GTS.20ML;30062020;V;2328;3218;000;1164;1609;0000;FR;ML;2000;000;000;A;SANOFI MEDLEY;0000302259;50;000;000;1832603600136;31082026;7896070601895;+;N;S;90466330;  ;;N;N
0000241885;0000241885;PROFENID PROTECT 200+20MG 10CAPS GEL.DURA MICROGRAN.;30062020;V;4312;5745;000;4312;5745;0000;CX;CAPS;1000;000;000;A;SANOFI MEDLEY;0000241885;50;000;000;1832603610018;30062027;7891058011499;-;N;S;90445961;  ;;N;N
0000293224;0000293224;PROFERGAN 20MG/G CRM.BG.REV.EPOXIFENOLICO OURO 30G;07072020;V;1214;1617;000;0405;0539;0000;BG;GRS;3000;000;000;A;TEUTO BRAS;0000293224;50;000;000;1037003210167;30062021;7896112180616;-;N;S;90404203;  ;;N;N
0000266915;0000266915;PROLEPTOL 150MG 30CAPS GEL.DURA;19062020;V;9706;13418;000;3235;4473;0000;CX;CAPS;3000;000;000;A;SANOFI MEDLEY;0000266915;50;000;000;1832600880103;31052025;7896422501569;+;N;S;90346475;  ;;N;N
0000266914;0000266914;PROLEPTOL 75MG 30CAPS GEL.DURA;19062020;V;5588;7725;000;1863;2575;0000;CX;CAPS;3000;000;000;A;SANOFI MEDLEY;0000266914;50;000;000;1832600880030;31052025;7896422501439;+;N;S;90346467;  ;;N;N
0000259531;0000259531;PROLOPA DR 250MG 30CPDS;03072020;V;7089;9800;000;2363;3267;0000;CX;CPDS;3000;000;000;A;ROCHE;0000259531;50;000;000;1010000640177;31082021;7896226506463;+;N;S;90321774;  ;;N;N
0000269558;0000269558;PROMIM 10MG/G CRM.30G+20APILC.;30062020;V;5394;7457;000;1798;2486;0000;BG;GRS;3000;000;000;A;SUPERA;0000269558;50;000;000;1037202570015;30102020;7899420501791;+;N;S;90345215;  ;;N;N
0000244798;0000244798;PROPIONATO CLOBETASOL 0,5MG/G SOL.CAP.50G;26062020;V;2576;3561;000;0515;0712;0000;FR;GR;5000;000;000;A;PRATI-DONADUZZI;0000244798;50;000;000;1256802410034;31072023;7899547520408;+;N;S;90275080;  ;;S;N
0000263811;0000263811;PROPRATEC 40MG 3BLX10CPDS;07072020;V;247;341;000;0082;0114;0000;CX;CPDS;3000;000;000;A;TEUTO BRAS;0000263811;50;000;000;1037006430028;30082020;7896112167419;+;N;S;90312538;  ;;N;N
0000263813;0000263813;PROPRATEC 80MG 3BLX10CPDS;07072020;V;399;552;000;0133;0184;0000;CX;CPDS;3000;000;000;A;TEUTO BRAS;0000263813;50;000;000;1037006430087;30082020;7896112122258;+;N;S;90312546;  ;;N;N
0000284085;0000284085;PROS 2MG BL.30CPDS;30062020;V;2307;3189;000;0769;1063;0000;CX;CPDS;3000;000;000;A;SUPERA;0000284085;50;000;000;1037202720041;31052021;7899420508080;+;N;S;90366115;  ;;N;N
0000269560;0000269560;PROS HP 2+5MG 30CAPS GEL.;30062020;V;9243;12315;000;3081;4105;0000;CX;CAPS;3000;000;000;A;SUPERA;0000269560;50;000;000;1037202350031;31012020;7899420503597;-;N;S;90329600;  ;;N;N
0000310539;0000310539;PROS HP 2+5MG 60CAPS GEL.DURA;30062020;V;11275;15022;000;1879;2504;0000;CX;CAPS;6000;000;000;A;SUPERA;0000310539;50;000;000;1037202350041;31012020;7899420502668;-;N;S;90431456;  ;;N;N
0000295084;0000295084;PROTESE PORP SISTEMA AJUSTAVEL 2,00-5,60MM CENTERED;19012021;F;1677000;000;000;0000;0000;0000;   ;UN;100;000;000;A;OTOLOGICA BRASIL;0000295084;20;000;000;81363880009;06012030;; ;N;N;100097545;PT;655;N;N
0000295082;0000295082;PROTESE PORP SISTEMA AJUSTAVEL 2,00-5,60MM OFFSET;19012021;F;1677000;000;000;0000;0000;0000;   ;UN;100;000;000;A;OTOLOGICA BRASIL;0000295082;20;000;000;81363880009;06012030;; ;N;N;100097529;PT;650;N;N
0000295075;0000295075;PROTESE PORP TITANIO 0,5MM FRISBEE;19012021;F;1677000;000;000;0000;0000;0000;   ;UN;100;000;000;A;OTOLOGICA BRASIL;0000295075;20;000;000;81363880010;06012030;; ;N;N;100097456;PT;750-050;N;N
0000295076;0000295076;PROTESE PORP TITANIO 1,0MM FRISBEE;19012021;F;1677000;000;000;0000;0000;0000;   ;UN;100;000;000;A;OTOLOGICA BRASIL;0000295076;20;000;000;81363880010;06012030;; ;N;N;100097359;PT;750-100;N;N
0000295077;0000295077;PROTESE PORP TITANIO 1,50MM FRISBEE;19012021;F;1677000;000;000;0000;0000;0000;   ;UN;100;000;000;A;OTOLOGICA BRASIL;0000295077;20;000;000;81363880010;06012030;; ;N;N;100097200;PT;750-150;N;N
0000295080;0000295080;PROTESE PORP TITANIO K-HELIX FOOTPLATE 1,40X0,6MM(TIPO SAPATA);19012021;F;1677000;000;000;0000;0000;0000;   ;UN;100;000;000;A;OTOLOGICA BRASIL;0000295080;20;000;000;81363880010;06012030;; ;N;N;100097332;PT;636-060;N;N
0000295079;0000295079;PROTESE PORP TITANIO KRAUS K-HELIX 2,75X0,6MM(TIPO PISTAO);19012021;F;1885000;000;000;0000;0000;0000;   ;UN;100;000;000;A;OTOLOGICA BRASIL;0000295079;20;000;000;81363880010;06012030;; ;N;N;100097294;PT;757-300;N;N
0000295078;0000295078;PROTESE PORP TITANIO KRAUS K-HELIX 2,75X1,45MM(TIPO COROA);19012021;F;1885000;000;000;0000;0000;0000;   ;UN;100;000;000;A;OTOLOGICA BRASIL;0000295078;20;000;000;81363880010;06012030;; ;N;N;100097278;PT;756-300;N;N
0000295039;0000295039;PROTESE RECONSTRUCAO OSSICULAR PLATINA C/TITANIO 0,5X3,75MM(TIPO PISTAO);19012021;F;845000;000;000;0000;0000;0000;   ;UN;100;000;000;A;OTOLOGICA BRASIL;0000295039;20;000;000;81363880008;23122029;; ;N;N;100096905;PT;418-375;N;N
0000295040;0000295040;PROTESE RECONSTRUCAO OSSICULAR PLATINA C/TITANIO 0,5X4,00MM(TIPO PISTAO);19012021;F;845000;000;000;0000;0000;0000;   ;UN;100;000;000;A;OTOLOGICA BRASIL;0000295040;20;000;000;81363880008;23122029;; ;N;N;100096913;PT;418-400;N;N
0000295041;0000295041;PROTESE RECONSTRUCAO OSSICULAR PLATINA C/TITANIO 0,5X4,25MM(TIPO PISTAO);19012021;F;845000;000;000;0000;0000;0000;   ;UN;100;000;000;A;OTOLOGICA BRASIL;0000295041;20;000;000;81363880008;23122029;; ;N;N;100096921;PT;418-425;N;N
0000295042;0000295042;PROTESE RECONSTRUCAO OSSICULAR PLATINA C/TITANIO 0,5X4,50MM(TIPO PISTAO);19012021;F;845000;000;000;0000;0000;0000;   ;UN;100;000;000;A;OTOLOGICA BRASIL;0000295042;20;000;000;81363880008;23122029;; ;N;N;100096891;PT;418-450;N;N
0000295043;0000295043;PROTESE RECONSTRUCAO OSSICULAR PLATINA C/TITANIO 0,5X4,75MM(TIPO PISTAO);19012021;F;845000;000;000;0000;0000;0000;   ;UN;100;000;000;A;OTOLOGICA BRASIL;0000295043;20;000;000;81363880008;23122029;; ;N;N;100096930;PT;418-475;N;N
0000295066;0000295066;PROTESE RECONSTRUCAO OSSICULAR TEFLON 0,4X6,00MM(TIPO PISTAO);19012021;F;375700;000;000;0000;0000;0000;   ;UN;100;000;000;A;OTOLOGICA BRASIL;0000295066;20;000;000;81363880007;23122029;; ;N;N;100096760;PT;401-600;N;N
0000295067;0000295067;PROTESE RECONSTRUCAO OSSICULAR TEFLON 0,6X6,00MM(TIPO PISTAO);19012021;F;375700;000;000;0000;0000;0000;   ;UN;100;000;000;A;OTOLOGICA BRASIL;0000295067;20;000;000;81363880007;23122029;; ;N;N;100096875;PT;402-600;N;N
0000295068;0000295068;PROTESE RECONSTRUCAO OSSICULAR TEFLON 0,8X6,00MM(TIPO PISTAO);19012021;F;375700;000;000;0000;0000;0000;   ;UN;100;000;000;A;OTOLOGICA BRASIL;0000295068;20;000;000;81363880007;23122029;; ;N;N;100096867;PT;403-600;N;N
0000295044;0000295044;PROTESE RECONSTRUCAO OSSICULAR TITANIO 0,4X3,50MM(TIPO PISTAO);19012021;F;845000;000;000;0000;0000;0000;   ;UN;100;000;000;A;OTOLOGICA BRASIL;0000295044;20;000;000;81363880010;06012030;; ;N;N;100097286;PT;460-350;N;N
0000295045;0000295045;PROTESE RECONSTRUCAO OSSICULAR TITANIO 0,4X3,75MM(TIPO PISTAO);19012021;F;845000;000;000;0000;0000;0000;   ;UN;100;000;000;A;OTOLOGICA BRASIL;0000295045;20;000;000;81363880010;06012030;; ;N;N;100097189;PT;460-375;N;N
0000295046;0000295046;PROTESE RECONSTRUCAO OSSICULAR TITANIO 0,4X4,00MM(TIPO PISTAO);19012021;F;845000;000;000;0000;0000;0000;   ;UN;100;000;000;A;OTOLOGICA BRASIL;0000295046;20;000;000;81363880010;06012030;; ;N;N;100097227;PT;460-400;N;N
0000295047;0000295047;PROTESE RECONSTRUCAO OSSICULAR TITANIO 0,4X4,25MM(TIPO PISTAO);19012021;F;845000;000;000;0000;0000;0000;   ;UN;100;000;000;A;OTOLOGICA BRASIL;0000295047;20;000;000;81363880010;06012030;; ;N;N;100097219;PT;460-425;N;N
0000295048;0000295048;PROTESE RECONSTRUCAO OSSICULAR TITANIO 0,4X4,50MM(TIPO PISTAO);19012021;F;845000;000;000;0000;0000;0000;   ;UN;100;000;000;A;OTOLOGICA BRASIL;0000295048;20;000;000;81363880010;06012030;; ;N;N;100097367;PT;460-450;N;N
0000295049;0000295049;PROTESE RECONSTRUCAO OSSICULAR TITANIO 0,4X4,75MM(TIPO PISTAO);19012021;F;845000;000;000;0000;0000;0000;   ;UN;100;000;000;A;OTOLOGICA BRASIL;0000295049;20;000;000;81363880010;06012030;; ;N;N;100097375;PT;460-475;N;N
0000295050;0000295050;PROTESE RECONSTRUCAO OSSICULAR TITANIO 0,4X5,00MM(TIPO PISTAO);19012021;F;845000;000;000;0000;0000;0000;   ;UN;100;000;000;A;OTOLOGICA BRASIL;0000295050;20;000;000;81363880010;06012030;; ;N;N;100097448;PT;460-500;N;N
0000295051;0000295051;PROTESE RECONSTRUCAO OSSICULAR TITANIO 0,4X5,25MM(TIPO PISTAO);19012021;F;845000;000;000;0000;0000;0000;   ;UN;100;000;000;A;OTOLOGICA BRASIL;0000295051;20;000;000;81363880010;06012030;; ;N;N;100097405;PT;460-525;N;N
0000295052;0000295052;PROTESE RECONSTRUCAO OSSICULAR TITANIO 0,4X5,50MM(TIPO PISTAO);19012021;F;845000;000;000;0000;0000;0000;   ;UN;100;000;000;A;OTOLOGICA BRASIL;0000295052;20;000;000;81363880010;06012030;; ;N;N;100097308;PT;460-550;N;N
0000295053;0000295053;PROTESE RECONSTRUCAO OSSICULAR TITANIO 0,5X4,00MM(TIPO PISTAO);19012021;F;845000;000;000;0000;0000;0000;   ;UN;100;000;000;A;OTOLOGICA BRASIL;0000295053;20;000;000;81363880010;06012030;; ;N;N;100097324;PT;413-400;N;N
0000295054;0000295054;PROTESE RECONSTRUCAO OSSICULAR TITANIO 0,5X4,25MM(TIPO PISTAO);19012021;F;845000;000;000;0000;0000;0000;   ;UN;100;000;000;A;OTOLOGICA BRASIL;0000295054;20;000;000;81363880010;06012030;; ;N;N;100097413;PT;413-425;N;N
0000295055;0000295055;PROTESE RECONSTRUCAO OSSICULAR TITANIO 0,5X4,50MM(TIPO PISTAO);19012021;F;845000;000;000;0000;0000;0000;   ;UN;100;000;000;A;OTOLOGICA BRASIL;0000295055;20;000;000;81363880010;06012030;; ;N;N;100097260;PT;413-450;N;N
0000295056;0000295056;PROTESE RECONSTRUCAO OSSICULAR TITANIO 0,5X4,75MM(TIPO PISTAO);19012021;F;845000;000;000;0000;0000;0000;   ;UN;100;000;000;A;OTOLOGICA BRASIL;0000295056;20;000;000;81363880010;06012030;; ;N;N;100097391;PT;413-475;N;N
0000295057;0000295057;PROTESE RECONSTRUCAO OSSICULAR TITANIO 0,6X3,50MM(TIPO PISTAO);19012021;F;845000;000;000;0000;0000;0000;   ;UN;100;000;000;A;OTOLOGICA BRASIL;0000295057;20;000;000;81363880010;06012030;; ;N;N;100097170;PT;461-350;N;N
0000295058;0000295058;PROTESE RECONSTRUCAO OSSICULAR TITANIO 0,6X3,75MM(TIPO PISTAO);19012021;F;845000;000;000;0000;0000;0000;   ;UN;100;000;000;A;OTOLOGICA BRASIL;0000295058;20;000;000;81363880010;06012030;; ;N;N;100097421;PT;461-375;N;N
0000295059;0000295059;PROTESE RECONSTRUCAO OSSICULAR TITANIO 0,6X4,00MM(TIPO PISTAO);19012021;F;845000;000;000;0000;0000;0000;   ;UN;100;000;000;A;OTOLOGICA BRASIL;0000295059;20;000;000;81363880010;06012030;; ;N;N;100097243;PT;461-400;N;N
0000295060;0000295060;PROTESE RECONSTRUCAO OSSICULAR TITANIO 0,6X4,25MM(TIPO PISTAO);19012021;F;845000;000;000;0000;0000;0000;   ;UN;100;000;000;A;OTOLOGICA BRASIL;0000295060;20;000;000;81363880010;06012030;; ;N;N;100097340;PT;461-425;N;N
0000295061;0000295061;PROTESE RECONSTRUCAO OSSICULAR TITANIO 0,6X4,50MM(TIPO PISTAO);19012021;F;845000;000;000;0000;0000;0000;   ;UN;100;000;000;A;OTOLOGICA BRASIL;0000295061;20;000;000;81363880010;06012030;; ;N;N;100097197;PT;461-450;N;N
0000295062;0000295062;PROTESE RECONSTRUCAO OSSICULAR TITANIO 0,6X4,75MM(TIPO PISTAO);19012021;F;845000;000;000;0000;0000;0000;   ;UN;100;000;000;A;OTOLOGICA BRASIL;0000295062;20;000;000;81363880010;06012030;; ;N;N;100097251;PT;461-475;N;N
0000295063;0000295063;PROTESE RECONSTRUCAO OSSICULAR TITANIO 0,6X5,00MM(TIPO PISTAO);19012021;F;845000;000;000;0000;0000;0000;   ;UN;100;000;000;A;OTOLOGICA BRASIL;0000295063;20;000;000;81363880010;06012030;; ;N;N;100097316;PT;461-500;N;N
0000295064;0000295064;PROTESE RECONSTRUCAO OSSICULAR TITANIO 0,6X5,25MM(TIPO PISTAO);19012021;F;845000;000;000;0000;0000;0000;   ;UN;100;000;000;A;OTOLOGICA BRASIL;0000295064;20;000;000;81363880010;06012030;; ;N;N;100097383;PT;461-525;N;N
0000295065;0000295065;PROTESE RECONSTRUCAO OSSICULAR TITANIO 0,6X5,50MM(TIPO PISTAO);19012021;F;845000;000;000;0000;0000;0000;   ;UN;100;000;000;A;OTOLOGICA BRASIL;0000295065;20;000;000;81363880010;06012030;; ;N;N;100097235;PT;461-550;N;N
0000318480;0000318480;PROTESE TITANIO 1,40X0,8MM (TIPO SAPATA);19012021;F;1677000;000;000;0000;0000;0000;   ;UN;100;000;000;A;OTOLOGICA BRASIL;0000318480;20;000;000;81363880010;06012030;; ;N;N;100097430;PT;636-080;N;N
0000295087;0000295087;PROTESE TORP SISTEMA AJUSTAVEL 3,00-7,00MM C/SAPATA INTEGRADA;19012021;F;2197000;000;000;0000;0000;0000;   ;UN;100;000;000;A;OTOLOGICA BRASIL;0000295087;20;000;000;81363880009;06012030;; ;N;N;100097553;PT;604;N;N
0000295083;0000295083;PROTESE TORP SISTEMA AJUSTAVEL 3,00-7,00MM CENTERED;19012021;F;1377000;000;000;0000;0000;0000;   ;UN;100;000;000;A;OTOLOGICA BRASIL;0000295083;20;000;000;81363880009;06012030;; ;N;N;100097561;PT;605;N;N
0000295081;0000295081;PROTESE TORP SISTEMA AJUSTAVEL 3,00X7,00MM OFFSET;19012021;F;1677000;000;000;0000;0000;0000;   ;UN;100;000;000;A;OTOLOGICA BRASIL;0000295081;20;000;000;81363880009;06012030;; ;N;N;100097537;PT;600;N;N
0000310056;0000310056;PROTETOR TRAQUEOSTOMIA P/BANHO LUNA;14072020;F;115860;000;000;0000;0000;0000;CX;UN;100;000;000;A;ATOS MEDICAL BRASIL;0000310056;20;000;000;80911510031;VIGENTE;; ;N;N;100888496;MC;8016;N;N
0000269666;0000269666;PROTHROMPLEX 600UI PO LIOF.INJ.FA+FA DIL.20ML+CONJ.REC.INFUS.;03072020;F;176366;000;000;0000;0000;0000;CX;FA;100;000;000;A;SHIRE FARMACEUTICA;0000269666;50;000;000;1697900110021;31032027;7898924769294;+;S;N;90430336;  ;;N;N
0000274672;0000274672;PROZEN 20MG 30CAPS GEL.DURA;07072020;V;1930;2668;000;0643;0889;0000;CX;CAPS;3000;000;000;A;TEUTO BRAS;0000274672;50;000;000;1037006570032;30112020;7896112145332;+;N;S;90350820;  ;;N;N
0000314849;0000314849;PULMED 0,8MG/ML XPE.120ML+COPO;02062020;V;1238;1649;000;0103;0137;0000;FR;ML;12000;000;000;A;SANOFI MEDLEY;0000314849;50;000;000;1832604540013;30042030;7896422527262;-;N;S;90480783;  ;;N;N
0000314848;0000314848;PULMED 1,6MG/ML XPE.120ML+COPO;02062020;V;1593;2122;000;0133;0177;0000;FR;ML;12000;000;000;A;SANOFI MEDLEY;0000314848;50;000;000;1832604540031;30042030;7896422527255;-;N;S;90480791;  ;;N;N
0000309680;0000309680;PULVERIZADOR ADESIVO MEDICO 200ML P/SISTEMA PREPARACAO ENXERTOS MEEK MICROGRAFT;12032021;F;93204;000;000;0000;0000;0000;CX;FR;100;000;000;P;EFE;0000309680;20;000;800;10243869015;VIGENTE;; ;N;N;;ME;2.9190;N;N
0000253735;0000253735;PURAN T4 12,5MCG 30CPDS;30062020;V;209;289;000;0070;0096;0000;CX;CPDS;3000;000;000;A;SANOFI MEDLEY;0000253735;50;000;000;1832603530227;30062028;7891058003555;+;N;S;90461576;  ;;N;N
0000253738;0000253738;PURAN T4 300MCG 30CPDS;30062020;V;5028;6951;000;1676;2317;0000;CX;CPDS;3000;000;000;A;SANOFI MEDLEY;0000253738;50;000;000;1832603530251;30062028;7891058003586;+;N;S;90461673;  ;;N;N
0000253736;0000253736;PURAN T4 37,5MCG 30CPDS;30062020;V;629;870;000;0210;0290;0000;CX;CPDS;3000;000;000;A;SANOFI MEDLEY;0000253736;50;000;000;1832603530235;30062028;7891058003562;+;N;S;90461584;  ;;N;N
0000253737;0000253737;PURAN T4 62,5MCG 30CPDS;30062020;V;1049;1450;000;0350;0483;0000;CX;CPDS;3000;000;000;A;SANOFI MEDLEY;0000253737;50;000;000;1832603530243;30062028;7891058003579;+;N;S;90461665;  ;;N;N
0000305288;0000305288;PYLORIPAC 30+500+500MG 14BL 2CAPS LIB.RETARD.+2CPDS REV.+4CAPS;05012021;V;23655;32702;000;16896;23359;0000;CX;BL;1400;000;000;A;SANOFI MEDLEY;0000305288;50;000;000;1832600580029;31032024;7896422519489;+;N;S;;  ;;N;N
0000310827;0000310827;QUATRIN 0,5+1+10+10MG/G CRM.DERM.20G;30062020;V;2341;3119;000;0000;0000;0000;BG;GR;2000;000;000;A;UNIAO QUIMICA;0000310827;50;000;000;1049714080010;31082022;7896006214694;-;N;N;90387201;  ;;N;N
0000281903;0000281903;QUEROPAX 100MG 10CPDS REV.;07072020;V;8111;11213;000;8111;11213;0000;CX;CPDS;1000;000;000;A;SIGMA PHARMA;0000281903;50;000;000;1356907090060;31032022;7894916512268;+;N;S;90437624;  ;;N;N
0000240312;0000240312;QUEROPAX 300MG 30CPDS REV.;07072020;V;52574;72680;000;17525;24227;0000;CX;CPDS;3000;000;000;A;SIGMA PHARMA;0000240312;50;000;000;1356906320186;30042021;7894916509145;+;N;S;;  ;;N;N
0000257127;0000257127;RABEPRAZOL SODICO 10MG 14CPDS REV.LIB.RETARD.;30062020;V;4290;5931;000;3064;4236;0000;CX;CPDS;1400;000;000;A;SANDOZ;0000257127;50;000;000;1004705230013;30062023;7897595620415;+;N;S;90252322;  ;;S;N
0000257130;0000257130;RABEPRAZOL SODICO 20MG 14CPDS REV.LIB.RETARD.;30062020;V;7845;10845;000;5604;7746;0000;CX;CPDS;1400;000;000;A;SANDOZ;0000257130;50;000;000;1004705230048;30062023;7897595620446;+;N;S;90252330;  ;;S;N
0000257136;0000257136;RABEPRAZOL SODICO 20MG 28CPDS REV.LIB.RETARD.;30062020;V;15599;21565;000;5571;7702;0000;CX;CPDS;2800;000;000;A;SANDOZ;0000257136;50;000;000;1004705230056;30062023;7897595620453;+;N;S;90252349;  ;;S;N
0000261678;0000261678;RAMIPRIL 2,5MG 60CPDS;19062020;V;7829;10823;000;1305;1804;0000;CX;CPDS;6000;000;000;A;SANOFI MEDLEY;0000261678;50;000;000;1832604350052;01102028;7891058002411;+;N;S;90488270;  ;;S;N
0000312871;0000312871;RARIJA 250MG 120CPDS REV.;19062020;V;1080647;1439755;000;90054;119980;0000;CX;CPDS;12000;000;000;A;TEVA;0000312871;50;000;000;1557300490217;31032029;7898587901260;-;N;S;90434315;  ;;N;N
0000297270;0000297270;RAZAPINA ODT 30MG 14CPDS ORODISPERSIVEL;25062019;V;4107;5678;000;2934;4056;0000;CX;CPDS;1400;000;000;A;SANDOZ;0000297270;50;000;000;1004704640250;28022024;7897595619563;+;N;S;90252179;  ;;N;N
0000297271;0000297271;RAZAPINA ODT 30MG 28CPDS ORODISPERSIVEL;30062020;V;9017;12465;000;3220;4452;0000;CX;CPDS;2800;000;000;A;SANDOZ;0000297271;50;000;000;1004704640277;28022024;7897595619587;+;N;S;90252187;  ;;N;N
0000297272;0000297272;RAZAPINA ODT 45MG 28CPDS ORODISPERSIVEL;30062020;V;12671;17517;000;4525;6256;0000;CX;CPDS;2800;000;000;A;SANDOZ;0000297272;50;000;000;1004704640341;28022024;7897595619655;+;N;S;90252195;  ;;N;N
0000286468;0000286468;REFORGAN 250MG 30CPDS REV.;30062020;V;5760;7674;000;1920;2558;0000;CX;CPDS;3000;000;000;A;ZYDUS NIKKHO;0000286468;50;000;000;1565100390023;30062024;7897460401415;-;N;S;90387619;  ;;N;N
0000318910;0000318910;REFORGAN 500MG 30CPDS REV.;04112020;V;6321;8495;000;2107;2832;0000;CX;CPDS;3000;000;000;A;ZYDUS NIKKHO;0000318910;50;000;000;ISENTO;;7897460401651; ;N;S;;  ;;N;N
0000244519;0000244519;REMERON 15MG 6CPDS;30062020;V;1926;2663;000;3210;4438;0000;CX;CPDS;600;000;000;A;SCHERING PLOUGH;0000244519;50;000;000;1017100770134;31122020;7897572005853;+;N;S;90254589;  ;;N;N
0000244520;0000244520;REMERON 30MG 6CPDS;30062020;V;3849;5321;000;6415;8868;0000;CX;CPDS;600;000;000;A;SCHERING PLOUGH;0000244520;50;000;000;1017100770150;31122020;7897572005860;+;N;S;90254597;  ;;N;N
0006260210;0006260210;REMOVEX REMOCAO CURATIVO 1000ML;07042020;F;8232;000;000;0082;0000;0000;FR;ML;100000;000;000;A;RIOQUIMICA;0006260210;50;000;000;NOTIFICACAO;19112023;7897780200088; ;N;S;;  ;;N;N
0006260211;0006260211;REMOVEX REMOCAO CURATIVO 100ML;07042020;F;1436;000;000;0144;0000;0000;FR;ML;10000;000;000;A;RIOQUIMICA;0006260211;50;000;000;NOTIFICACAO;19112023;7897780200019; ;N;S;;  ;;N;N
0000119655;0000119655;REMOVEX REMOCAO CURATIVO 500ML;07042020;F;4452;000;000;0089;0000;0000;FR;ML;50000;000;000;A;RIOQUIMICA;0000119655;50;000;000;NOTIFICACAO;19112023;7897780207544; ;N;S;;  ;;N;N
0000319757;0000319757;REPAROSONO 260MG 30CPDS REV.;11122020;V;2620;3491;000;0873;1164;0000;CX;CPDS;3000;000;000;A;VITAPAN;0000319757;50;000;000;1039201990025;30062030;7898049797646;-;N;S;90501527;  ;;N;N
0000315280;0000315280;REPLAGAL 1MG/ML SOL.INJ.FA 3,5ML;03072020;V;602684;833175;000;0000;0000;0000;CX;FA;100;000;000;A;SHIRE FARMACEUTICA;0000315280;50;000;000;1697900020012;31072029;7898924769027;+;N;N;90202392;  ;;N;N
0000272258;0000272258;RESERVATORIO 100CC;14062016;F;27660;000;000;0000;0000;0000;CX;UN;100;000;000;A;TOTAL MEDICAL BRASIL;0000272258;20;000;000;81158510013;VIGENTE;7898626110752; ;N;N;100889190;MC;3005.19.100;N;N
0000272260;0000272260;RESERVATORIO 200CC;14062016;F;27660;000;000;0000;0000;0000;CX;UN;100;000;000;A;TOTAL MEDICAL BRASIL;0000272260;20;000;000;81158510013;VIGENTE;7898626110769; ;N;N;100889190;MC;3005.19.200;N;N
0000318223;0000318223;RESERVATORIO C/AGENTE GELIFICANTE 300ML RENASYS TOUCH;20102020;F;282960;000;000;0000;0000;0000;CX;UN;100;000;000;A;SMITH & NEPHEW;0000318223;20;000;800;80804050287;VIGENTE;; ;N;N;100904513;MC;66801273;N;N
0000318224;0000318224;RESERVATORIO C/AGENTE GELIFICANTE 800ML RENASYS TOUCH;20102020;F;405000;000;000;0000;0000;0000;CX;UN;100;000;000;A;SMITH & NEPHEW;0000318224;20;000;800;80804050287;VIGENTE;; ;N;N;100904513;MC;66801274;N;N
0000320029;0000320029;RESERVATORIO CARILEX 1000ML;22122020;F;362879;000;000;0000;0000;0000;CX;UN;100;000;000;A;VIDE BULA;0000320029;20;000;000;80311980001;VIGENTE;; ;N;N;100902170;ME;S1001-6040;N;N
0000320030;0000320030;RESERVATORIO CARILEX 300ML;22122020;F;203961;000;000;0000;0000;0000;CX;UN;100;000;000;A;VIDE BULA;0000320030;20;000;000;80311980001;VIGENTE;; ;N;N;100902170;ME;S1001-6060;N;N
0000320028;0000320028;RESERVATORIO CARILEX 500ML;22122020;F;205920;000;000;0000;0000;0000;CX;UN;100;000;000;A;VIDE BULA;0000320028;20;000;000;80311980001;VIGENTE;; ;N;N;100902170;ME;S1001-6020;N;N
0000320031;0000320031;RESERVATORIO VT ONE CARILEX 150ML;22122020;F;171871;000;000;0000;0000;0000;CX;UN;100;000;000;A;VIDE BULA;0000320031;20;000;000;80311980001;VIGENTE;; ;N;N;100902170;ME;S1004-6010;N;N
0000309791;0000309791;RESTITUE 40MG 30CPDS REV.LIB.RETARD.;07072020;V;4198;5593;000;1399;1864;0000;CX;CPDS;3000;000;000;A;SIGMA PHARMA;0000309791;50;000;000;1023512960059;30062024;7894916512923;-;N;S;90450850;  ;;N;N
0000309792;0000309792;RESTITUE 40MG 60CPDS REV.LIB.RETARD.;07072020;V;7050;9393;000;1175;1566;0000;CX;CPDS;6000;000;000;A;SIGMA PHARMA;0000309792;50;000;000;1023512960075;30062024;7894916514637;-;N;S;90450876;  ;;N;N
0000309793;0000309793;RESTITUE 40MG 7CPDS REV.LIB.RETARD.;07072020;V;1475;1965;000;2107;2807;0000;CX;CPDS;700;000;000;A;SIGMA PHARMA;0000309793;50;000;000;1023512960016;30062024;7894916514644;-;N;S;90450710;  ;;N;N
0000315288;0000315288;REVESTIVE 5MG PO.LIOF.SOL.INJ.28FA+28SER.PREENC.;03072020;V;9810609;13070756;000;3503789;4668127;0000;CX;FA;2800;000;000;A;SHIRE FARMACEUTICA;0000315288;50;000;000;1697900190015;30112028;7898924769188;-;N;S;90430344;  ;;N;N
0000270227;0000270227;RIALCOOL 70% ANTI-SEPTICO SACHE 120UNID.;11112020;F;26000;000;000;2167;0000;0000;CX;SACH;12000;000;000;A;RIOQUIMICA;0000270227;50;000;000;NOTIFICACAO;20112023;7897780210223; ;N;S;;  ;;N;N
0000309381;0000309381;RIFAMICINA SV SODICA 10MG/ML SOL.TOP.20ML;19062020;V;1499;2072;000;0000;0000;0000;FR;ML;2000;000;000;A;SANOFI MEDLEY;0000309381;50;000;000;1832603020016;31032024;7896422520980;+;N;N;90452950;  ;;S;N
0000179155;0000179155;RINOSORO JET 0,9% SPR.100ML;01052020;V;2756;3672;000;0000;0000;0000;FR;ML;10000;000;000;A;MANTECORP FARMASA;0000179155;50;000;000;NOTIFICACAO;;7897322709376;-;N;N;;  ;;N;N
0000320788;0000320788;RINOSORO JET XT SPRAY NASAL INF.100ML;02032021;V;3545;4723;000;0000;0000;0000;CX;FR;100;000;000;A;MANTECORP FARMASA;0000320788;50;000;000;ISENTO;;7896094920033;-;N;N;;  ;;N;N
0000315258;0000315258;RIO HANDS SCRUB 1250ML REFIL;30062020;F;160000;000;000;0000;0000;0000;CX;UN;100;000;000;A;RIOQUIMICA;0000315258;50;000;000;NOTIFICACAO;;7897780220123; ;N;N;;  ;;N;N
0000271608;0000271608;RIOCARE GEL ARNICA 160G;07042020;F;2184;000;000;0000;0000;0000;BG;GR;16000;000;000;A;RIOQUIMICA;0000271608;50;000;000;NOTIFICACAO;29102023;7897780213729; ;N;N;;  ;;N;N
0000311247;0000311247;RIODEINE TOPICO SPRAY 100ML;07042020;F;686;000;000;0069;0000;0000;FR;ML;10000;000;000;A;RIOQUIMICA;0000311247;50;000;000;NOTIFICACAO;;; ;N;S;;  ;;N;N
0000311248;0000311248;RIOGEL ANTI-SEPTICO STANDARD 850G;07042020;F;3990;000;000;0047;0000;0000;FR;GRS;85000;000;000;A;RIOQUIMICA;0000311248;50;000;000;NOTIFICACAO;;; ;N;S;;  ;;N;N
0000242487;0000242487;RIOHEX 1% SOL.AQUOSA TOPICA 30ML;07042020;F;484;000;000;0161;0000;0000;FR;ML;3000;000;000;A;RIOQUIMICA;0000242487;50;000;000;NOTIFICACAO;10032021;7897780211541; ;N;S;;  ;;N;N
0000266537;0000266537;RIOHEX 2% 1000ML REF.STANDARD;07042020;F;9266;000;000;0000;0000;0000;FR;ML;100000;000;000;A;RIOQUIMICA;0000266537;50;000;000;NOTIFICACAO;11032021;7897780214801; ;N;N;;  ;;N;N
0000242489;0000242489;RIOHEX 2% ESPUMA 1000ML REFIL STANDARD;07042020;F;13478;000;000;0135;0000;0000;FR;ML;100000;000;000;A;RIOQUIMICA;0000242489;50;000;000;NOTIFICACAO;11032021;7897780213477; ;N;S;;  ;;N;N
0000294690;0000294690;RIOHEX 2% SOL.ALCOOLICA 1000ML ALM.;11112020;F;8000;000;000;0080;0000;0000;FR;ML;100000;000;000;A;RIOQUIMICA;0000294690;50;000;000;NOTIFICACAO;31052022;7897780218182; ;N;S;;  ;;N;N
0000294689;0000294689;RIOHEX 2% SOL.ALCOOLICA 100ML ALM.TWIST OFF.;11112020;F;1300;000;000;0130;0000;0000;FR;ML;10000;000;000;A;RIOQUIMICA;0000294689;50;000;000;NOTIFICACAO;31052022;7897780218175; ;N;S;;  ;;N;N
0000294688;0000294688;RIOHEX 2% SOL.ALCOOLICA 30ML ALM.TWIST OFF.;11112020;F;1100;000;000;0367;0000;0000;FR;ML;3000;000;000;A;RIOQUIMICA;0000294688;50;000;000;NOTIFICACAO;31052022;7897780218168; ;N;S;;  ;;N;N
0000311233;0000311233;RIOHEX 2% SOL.ALCOOLICA COLOR.1000ML ALM.;11112020;F;8500;000;000;0085;0000;0000;FR;ML;100000;000;000;A;RIOQUIMICA;0000311233;50;000;000;NOTIFICACAO;;7897780219523; ;N;S;;  ;;N;N
0000311237;0000311237;RIOHEX 2% SOL.ALCOOLICA COLOR.100ML ALM.TWIST OFF.;11112020;F;1500;000;000;0150;0000;0000;FR;ML;10000;000;000;A;RIOQUIMICA;0000311237;50;000;000;NOTIFICACAO;;7897780219516; ;N;S;;  ;;N;N
0000311242;0000311242;RIOHEX 2% SOL.ALCOOLICA COLOR.30ML ALM.TWIST OFF.;11112020;F;1200;000;000;0400;0000;0000;FR;ML;3000;000;000;A;RIOQUIMICA;0000311242;50;000;000;NOTIFICACAO;;7897780219844; ;N;S;;  ;;N;N
0000294687;0000294687;RIOHEX 2% SOL.AQUOSA 1000ML;11112020;F;6000;000;000;0060;0000;0000;FR;ML;100000;000;000;A;RIOQUIMICA;0000294687;50;000;000;NOTIFICACAO;23062022;7897780218212; ;N;S;;  ;;N;N
0000294686;0000294686;RIOHEX 2% SOL.AQUOSA 100ML ALM.TWIST OFF.;11112020;F;900;000;000;0090;0000;0000;FR;ML;10000;000;000;A;RIOQUIMICA;0000294686;50;000;000;NOTIFICACAO;23062022;7897780218205; ;N;S;;  ;;N;N
0000294685;0000294685;RIOHEX 2% SOL.AQUOSA 30ML ALM.TWIST OFF.;11112020;F;850;000;000;0283;0000;0000;FR;ML;3000;000;000;A;RIOQUIMICA;0000294685;50;000;000;NOTIFICACAO;23062022;7897780218199; ;N;S;;  ;;N;N
0000318651;0000318651;RIOHEX 2% SOL.SACHE 1ML 120UNID.;29102020;F;8500;000;000;0708;0000;0000;CX;UN;12000;000;000;A;RIOQUIMICA;0000318651;50;000;000;NOTIFICACAO;05082030;7897780220635; ;N;S;;  ;;N;N
0000298764;0000298764;RISEDROSS 150MG 1CPD REV.;07072020;V;10926;15105;000;0000;0000;0000;CX;CPD;100;000;000;A;SIGMA PHARMA;0000298764;50;000;000;1023512480081;28022023;7894916512565;+;N;N;90419154;  ;;N;N
0000308633;0000308633;RISPALUM 1MG 10CPDS REV.;30062020;V;926;1280;000;0926;1280;0000;CX;CPDS;1000;000;000;A;SANDOZ;0000308633;50;000;000;1004705190119;30092022;7897595630865;+;N;S;90403274;  ;;N;N
0000308619;0000308619;RISPALUM 1MG 30CPDS REV.;30062020;V;2420;3346;000;0807;1115;0000;CX;CPDS;3000;000;000;A;SANDOZ;0000308619;50;000;000;1004705190089;30092022;7897595630889;+;N;S;;  ;;N;N
0000308634;0000308634;RISPALUM 2MG 10CPDS REV.;30062020;V;926;1280;000;0926;1280;0000;CX;CPDS;1000;000;000;A;SANDOZ;0000308634;50;000;000;1004705190127;30092022;7897595630902;+;N;S;90403282;  ;;N;N
0000308620;0000308620;RISPALUM 2MG 30CPDS REV.;30062020;V;2420;3346;000;0807;1115;0000;CX;CPDS;3000;000;000;A;SANDOZ;0000308620;50;000;000;1004705190097;30092022;7897595630926;+;N;S;;  ;;N;N
0000308636;0000308636;RISPALUM 2MG 60CPDS REV.;30062020;V;4285;5924;000;0714;0987;0000;CX;CPDS;6000;000;000;A;SANDOZ;0000308636;50;000;000;1004705190135;30092022;7897595630933;+;N;S;90403304;  ;;N;N
0000308635;0000308635;RISPALUM 3MG 10CPDS REV.;30062020;V;926;1280;000;0926;1280;0000;CX;CPDS;1000;000;000;A;SANDOZ;0000308635;50;000;000;1004705190143;30092022;7897595630940;+;N;S;90403290;  ;;N;N
0000308621;0000308621;RISPALUM 3MG 30CPDS REV.;30062020;V;2420;3346;000;0807;1115;0000;CX;CPDS;3000;000;000;A;SANDOZ;0000308621;50;000;000;1004705190100;30092022;7897595630964;+;N;S;;  ;;N;N
0000308637;0000308637;RISPALUM 3MG 60CPDS REV.;30062020;V;4285;5924;000;0714;0987;0000;CX;CPDS;6000;000;000;A;SANDOZ;0000308637;50;000;000;1004705190151;30092022;7897595630971;+;N;S;90403312;  ;;N;N
0000271450;0000271450;RISPEDRIDONA 1MG 30CPDS REV.;02022021;V;2788;3854;000;0929;1285;0000;CX;CPDS;3000;000;000;A;TEUTO BRAS;0000271450;50;000;000;1037006190035;31032025;7896112171355;+;N;S;90351029;  ;;S;N
0000271451;0000271451;RISPEDRIDONA 2MG 30CPDS REV.;07072020;V;2935;4057;000;0978;1352;0000;CX;CPDS;3000;000;000;A;TEUTO BRAS;0000271451;50;000;000;1037006190078;31032025;7896112171416;+;N;S;90351037;  ;;S;N
0000271452;0000271452;RISPEDRIDONA 3MG 30CPDS REV.;07072020;V;2935;4057;000;0978;1352;0000;CX;CPDS;3000;000;000;A;TEUTO BRAS;0000271452;50;000;000;1037006190116;31032025;7896112171478;+;N;S;;  ;;S;N
0000314071;0000314071;RISPERIDONA 1MG 300CPDS REV.;26062020;F;83904;000;000;2797;0000;0000;CX;CPDS;30000;000;000;A;PRATI-DONADUZZI;0000314071;50;000;000;1256802690071;30092028;7899547530094;+;S;S;90411587;  ;;S;N
0000276497;0000276497;RISPERIDONA 1MG 30CPDS;07082020;V;4082;5643;000;1361;1881;0000;CX;CPDS;3000;000;000;A;RANBAXY;0000276497;50;000;000;1235202100074;31052024;7897076909299;+;N;S;90355253;  ;;S;N
0000277145;0000277145;RISPERIDONA 1MG 30CPDS REV.;30062020;V;4199;5805;000;1400;1935;0000;CX;CPDS;3000;000;000;A;SANDOZ;0000277145;50;000;000;1004704490038;30062024;7897595611413;+;N;S;90310420;  ;;S;N
0000277454;0000277454;RISPERIDONA 1MG 30CPDS REV.;30062020;V;3074;4249;000;1025;1416;0000;CX;CPDS;3000;000;000;A;UNIAO QUIMICA;0000277454;50;000;000;1049714120055;30112027;7896006215912;+;N;S;90413997;  ;;S;N
0000295559;0000295559;RISPERIDONA 1MG 30CPDS REV.;19062020;V;4059;5611;000;1353;1870;0000;CX;CPDS;3000;000;000;A;SANOFI MEDLEY;0000295559;50;000;000;1832602840028;30032022;7896422504188;+;N;S;90391810;  ;;S;N
0000304012;0000304012;RISPERIDONA 1MG 30CPDS REV.;26062020;V;2852;3943;000;0951;1314;0000;CX;CPDS;3000;000;000;A;PRATI-DONADUZZI;0000304012;50;000;000;1256802690053;30092028;7899547530070;+;N;S;90411560;  ;;S;N
0000241559;0000241559;RISPERIDONA 1MG/ML SOL.ORAL 100FR 30ML+100SER.DOSAD.(EMB.HOSP.);26062020;F;804875;000;000;80488;0000;0000;CX;FR;10000;000;000;A;PRATI-DONADUZZI;0000241559;50;000;000;1256802320078;30042022;7899547503685;+;S;S;90237781;  ;;S;N
0000241557;0000241557;RISPERIDONA 1MG/ML SOL.ORAL 30ML+SER.DOSAD.;26062020;V;3840;5309;000;1280;1770;0000;FR;ML;3000;000;000;A;PRATI-DONADUZZI;0000241557;50;000;000;1256802320035;30042022;7899547503647;+;N;S;90237749;  ;;S;N
0000314072;0000314072;RISPERIDONA 2MG 300CPDS REV.;26062020;F;173868;000;000;5796;0000;0000;CX;CPDS;30000;000;000;A;PRATI-DONADUZZI;0000314072;50;000;000;1256802690193;30092028;7899547530216;+;S;S;90411706;  ;;S;N
0000276499;0000276499;RISPERIDONA 2MG 30CPDS;07082020;V;4082;5643;000;1361;1881;0000;CX;CPDS;3000;000;000;A;RANBAXY;0000276499;50;000;000;1235202100031;31052024;7897076910592;+;N;S;90355261;  ;;S;N
0000277146;0000277146;RISPERIDONA 2MG 30CPDS REV.;30062020;V;4199;5805;000;1400;1935;0000;CX;CPDS;3000;000;000;A;SANDOZ;0000277146;50;000;000;1004704490070;30062024;7897595611437;+;N;S;90310438;  ;;S;N
0000277455;0000277455;RISPERIDONA 2MG 30CPDS REV.;30062020;V;3430;4742;000;1143;1581;0000;CX;CPDS;3000;000;000;A;UNIAO QUIMICA;0000277455;50;000;000;1049714120071;30112027;7896006215929;+;N;S;90414004;  ;;S;N
0000295560;0000295560;RISPERIDONA 2MG 30CPDS REV.;19062020;V;4059;5611;000;1353;1870;0000;CX;CPDS;3000;000;000;A;SANOFI MEDLEY;0000295560;50;000;000;1832602840052;30032022;7896422504072;+;N;S;90391829;  ;;S;N
0000304013;0000304013;RISPERIDONA 2MG 30CPDS REV.;26062020;V;2962;4095;000;0987;1365;0000;CX;CPDS;3000;000;000;A;PRATI-DONADUZZI;0000304013;50;000;000;1256802690177;30092028;7899547530193;+;N;S;90411684;  ;;S;N
0000277148;0000277148;RISPERIDONA 2MG 60CPDS REV.;30062020;V;7877;10889;000;1313;1815;0000;CX;CPDS;6000;000;000;A;SANDOZ;0000277148;50;000;000;1004704490089;30062024;7897595611444;+;N;S;90310454;  ;;S;N
0000308656;0000308656;RISPERIDONA 3MG 300CPDS REV.;26062020;F;259156;000;000;8639;0000;0000;CX;CPDS;30000;000;000;A;PRATI-DONADUZZI;0000308656;50;000;000;1256802690312;30092028;7899547530339;+;S;S;90411820;  ;;S;N
0000276500;0000276500;RISPERIDONA 3MG 30CPDS;07082020;V;4082;5643;000;1361;1881;0000;CX;CPDS;3000;000;000;A;RANBAXY;0000276500;50;000;000;1235202100112;31052024;7897076910967;+;N;S;90355270;  ;;S;N
0000277147;0000277147;RISPERIDONA 3MG 30CPDS REV.;30062020;V;3379;4671;000;1126;1557;0000;CX;CPDS;3000;000;000;A;SANDOZ;0000277147;50;000;000;1004704490119;30062024;7897595611468;+;N;S;90310446;  ;;S;N
0000295561;0000295561;RISPERIDONA 3MG 30CPDS REV.;19062020;V;14416;19929;000;4805;6643;0000;CX;CPDS;3000;000;000;A;SANOFI MEDLEY;0000295561;50;000;000;1832602840087;30032022;7896422504089;+;N;S;90391837;  ;;S;N
0000304015;0000304015;RISPERIDONA 3MG 30CPDS REV.;26062020;V;3018;4172;000;1006;1391;0000;CX;CPDS;3000;000;000;A;PRATI-DONADUZZI;0000304015;50;000;000;1256802690290;30092028;7899547530315;+;N;S;90411803;  ;;S;N
0000313523;0000313523;RISPERIDONA 3MG 30CPDS REV.;30062020;V;3772;5215;000;1257;1738;0000;CX;CPDS;3000;000;000;A;UNIAO QUIMICA;0000313523;50;000;000;1049714120098;30112027;7896006215974;+;N;S;90414012;  ;;S;N
0000304235;0000304235;ROCK LP 0,375MG 10CPDS LIB.PROLONG.;07072020;V;2465;3408;000;2465;3408;0000;CX;CPDS;1000;000;000;A;SUN FARMACEUTICA;0000304235;50;000;000;1468200650017;31082023;7898272945098;+;N;S;90413598;  ;;N;N
0000304236;0000304236;ROCK LP 0,375MG 30CPDS LIB.PROLONG.;07072020;V;7395;10223;000;2465;3408;0000;CX;CPDS;3000;000;000;A;SUN FARMACEUTICA;0000304236;50;000;000;1468200650025;31082023;7898272945111;+;N;S;90413601;  ;;N;N
0000304237;0000304237;ROCK LP 0,750MG 30CPDS LIB.PROLONG.;07072020;V;13979;19325;000;4660;6442;0000;CX;CPDS;3000;000;000;A;SUN FARMACEUTICA;0000304237;50;000;000;1468200650051;31082023;7898272945128;+;N;S;90413610;  ;;N;N
0000304238;0000304238;ROCK LP 1,50MG 30CPDS LIB.PROLONG.;07072020;V;30585;42282;000;10195;14094;0000;CX;CPDS;3000;000;000;A;SUN FARMACEUTICA;0000304238;50;000;000;1468200650084;31082023;7898272945135;+;N;S;90413628;  ;;N;N
0000313399;0000313399;ROSUCOR 10MG 100CPDS REV.;09062020;V;8490;11737;000;0849;1174;0000;CX;CPDS;10000;000;000;A;TORRENT;0000313399;50;000;000;1052500430045;31052025;8902220108578;+;N;S;90453603;  ;;N;N
0000269377;0000269377;ROSUCOR 10MG 60CPDS REV.;05042019;V;6339;8763;000;1057;1461;0000;CX;CPDS;6000;000;000;A;TORRENT;0000269377;50;000;000;1052500430037;31052025;8902220109582;+;N;S;90323556;  ;;N;N
0000313400;0000313400;ROSUCOR 20MG 100CPDS REV.;09062020;V;13890;19202;000;1389;1920;0000;CX;CPDS;10000;000;000;A;TORRENT;0000313400;50;000;000;1052500430096;31052025;8902220108585;+;N;S;90453611;  ;;N;N
0000312038;0000312038;ROSUCOR 20MG 10CPDS REV.;09062020;V;2129;2944;000;2129;2944;0000;CX;CPDS;1000;000;000;A;TORRENT;0000312038;50;000;000;1052500430061;31052025;8902220109537;+;N;S;90451716;  ;;N;N
0000256144;0000256144;ROSUCOR 20MG 60CPDS REV.;05042019;V;10950;15137;000;1825;2523;0000;CX;CPDS;6000;000;000;A;TORRENT;0000256144;50;000;000;1052500430088;31052025;8902220109599;+;N;S;90323564;  ;;N;N
0000308627;0000308627;ROSULIB 10MG 60CPDS;30062020;V;5860;8101;000;0977;1350;0000;CX;CPDS;6000;000;000;A;SANDOZ;0000308627;50;000;000;1004705610037;30092020;7897595636645;+;N;S;90403126;  ;;N;N
0000308628;0000308628;ROSULIB 20MG 10CPDS;30062020;V;1656;2289;000;1656;2289;0000;CX;CPDS;1000;000;000;A;SANDOZ;0000308628;50;000;000;1004705610045;30092020;7897595636652;+;N;S;90403134;  ;;N;N
0000308629;0000308629;ROSULIB 60MG 10CPDS;30062020;V;8980;12414;000;1497;2069;0000;CX;CPDS;6000;000;000;A;SANDOZ;0000308629;50;000;000;1004705610061;30092020;7897595636676;+;N;S;90403142;  ;;N;N
0000294332;0000294332;ROSUVASTATINA CALCICA 10MG 30CPDS REV.;07072020;V;4139;5722;000;1380;1907;0000;CX;CPDS;3000;000;000;A;RANBAXY;0000294332;50;000;000;1235202320015;31052020;7897076917744;+;N;S;90322045;  ;;S;N
0000319248;0000319248;ROSUVASTATINA CALCICA 10MG 30CPDS REV.;02022021;V;4200;5806;000;1400;1935;0000;CX;CPDS;3000;000;000;A;TEUTO BRAS;0000319248;50;000;000;1037007400025;31012030;7896112104360;+;N;S;90476395;  ;;S;N
0000297274;0000297274;ROSUVASTATINA CALCICA 10MG 60CPDS REV.;30062020;V;12372;17104;000;2062;2851;0000;CX;CPDS;6000;000;000;A;SANDOZ;0000297274;50;000;000;1004704990030;30062021;7897595620620;+;N;S;90402910;  ;;S;N
0000294338;0000294338;ROSUVASTATINA CALCICA 20MG 30CPDS REV.;01092020;V;7251;10024;000;2417;3341;0000;CX;CPDS;3000;000;000;A;RANBAXY;0000294338;50;000;000;1235202320058;31052020;7897076917782;+;N;S;90322053;  ;;S;N
0000319249;0000319249;ROSUVASTATINA CALCICA 20MG 30CPDS REV.;01122020;V;6173;8534;000;2058;2845;0000;CX;CPDS;3000;000;000;A;TEUTO BRAS;0000319249;50;000;000;1037007400068;31012030;7896112104407;+;N;S;90476409;  ;;S;N
0000297275;0000297275;ROSUVASTATINA CALCICA 20MG 60CPDS REV.;30062020;V;21313;29464;000;3552;4911;0000;CX;CPDS;6000;000;000;A;SANDOZ;0000297275;50;000;000;1004704990065;30062021;7897595620644;+;N;S;90402928;  ;;S;N
0000307287;0000307287;ROSUVASTATINA CALCICA 5MG 30CPDS REV.;30062020;V;4117;5692;000;1372;1897;0000;CX;CPDS;3000;000;000;A;SANDOZ;0000307287;50;000;000;1004704990081;30062021;7897595634504;+;N;S;90403010;  ;;S;N
0000321025;0000321025;ROUPA INTIMA TENA PANTS CONFORT GRD./EG.24UNID.;09032021;F;6963;000;000;2901;0000;0000;PCT;UN;2400;000;000;I;TENA;0000321025;20;000;000;ISENTO;;; ;N;S;;MC;11400515;N;N
0000321027;0000321027;ROUPA INTIMA TENA PANTS CONFORT HL GRD./EG.16UNID.;09032021;F;4785;000;000;2991;0000;0000;PCT;UN;1600;000;000;I;TENA;0000321027;20;000;000;ISENTO;;; ;N;S;;MC;11700252;N;N
0000321028;0000321028;ROUPA INTIMA TENA PANTS CONFORT HL GRD./EG.8UNID.;09032021;F;2519;000;000;3149;0000;0000;PCT;UN;800;000;000;I;TENA;0000321028;20;000;000;ISENTO;;; ;N;S;;MC;11700253;N;N
0000321029;0000321029;ROUPA INTIMA TENA PANTS CONFORT HL PEQ./MED.16UNID.;09032021;F;4785;000;000;2991;0000;0000;PCT;UN;1600;000;000;I;TENA;0000321029;20;000;000;ISENTO;;; ;N;S;;MC;11700251;N;N
0000321030;0000321030;ROUPA INTIMA TENA PANTS CONFORT HL PEQ./MED.8UNID.;09032021;F;2519;000;000;3149;0000;0000;PCT;UN;800;000;000;I;TENA;0000321030;20;000;000;ISENTO;;; ;N;S;;MC;11700254;N;N
0000321026;0000321026;ROUPA INTIMA TENA PANTS CONFORT PEQ./MED.24UNID.;09032021;F;6963;000;000;2901;0000;0000;PCT;UN;2400;000;000;I;TENA;0000321026;20;000;000;ISENTO;;; ;N;S;;MC;11400514;N;N
0000320998;0000320998;ROUPA INTIMA TENA PANTS DISC BLACK GRD./EG.8UNID.;09032021;F;2519;000;000;3149;0000;0000;PCT;UN;800;000;000;I;TENA;0000320998;20;000;000;ISENTO;;; ;N;S;;MC;11400417;N;N
0000320997;0000320997;ROUPA INTIMA TENA PANTS DISC BLACK PEQ./MED.8UNID.;09032021;F;2519;000;000;3149;0000;0000;PCT;UN;800;000;000;I;TENA;0000320997;20;000;000;ISENTO;;; ;N;S;;MC;11400416;N;N
0000320996;0000320996;ROUPA INTIMA TENA PANTS DISC NUDE GRD./EG.8UNID.;09032021;F;2519;000;000;3149;0000;0000;PCT;UN;800;000;000;I;TENA;0000320996;20;000;000;ISENTO;;; ;N;S;;MC;11400415;N;N
0000320995;0000320995;ROUPA INTIMA TENA PANTS DISC NUDE PEQ./MED.8UNID.;09032021;F;2519;000;000;3149;0000;0000;PCT;UN;800;000;000;I;TENA;0000320995;20;000;000;ISENTO;;; ;N;S;;MC;11400414;N;N
0000321004;0000321004;ROUPA INTIMA TENA PANTS MEN GRD./EG.8UNID.;09032021;F;2571;000;000;3214;0000;0000;PCT;UN;800;000;000;I;TENA;0000321004;20;000;000;ISENTO;;; ;N;S;;MC;11400411;N;N
0000321003;0000321003;ROUPA INTIMA TENA PANTS MEN PEQ./MED.8UNID.;09032021;F;2571;000;000;3214;0000;0000;PCT;UN;800;000;000;I;TENA;0000321003;20;000;000;ISENTO;;; ;N;S;;MC;11400410;N;N
0000321002;0000321002;ROUPA INTIMA TENA PANTS NOTURNA GRD./EG.7UNID.;09032021;F;2645;000;000;3779;0000;0000;PCT;UN;700;000;000;I;TENA;0000321002;20;000;000;ISENTO;;; ;N;S;;MC;11400413;N;N
0000321001;0000321001;ROUPA INTIMA TENA PANTS NOTURNA PEQ./MED.7UNID.;09032021;F;2645;000;000;3779;0000;0000;PCT;UN;700;000;000;I;TENA;0000321001;20;000;000;ISENTO;;; ;N;S;;MC;11400412;N;N
0000321031;0000321031;ROUPA INTIMA TENA PANTS ULTRA GRD./EG.L18P15 H 18UNID.;09032021;F;5997;000;000;3332;0000;0000;PCT;UN;1800;000;000;I;TENA;0000321031;20;000;000;ISENTO;;; ;N;S;;MC;1147272263;N;N
0000321032;0000321032;ROUPA INTIMA TENA PANTS ULTRA GRD./EG.L8UP7X HL 18UNID.;09032021;F;2938;000;000;1632;0000;0000;PCT;UN;1800;000;000;I;TENA;0000321032;20;000;000;ISENTO;;; ;N;S;;MC;1147271976;N;N
0000321033;0000321033;ROUPA INTIMA TENA PANTS ULTRA PEQ./MED.L18P15 HL 18UNID.;09032021;F;5997;000;000;3332;0000;0000;PCT;UN;1800;000;000;I;TENA;0000321033;20;000;000;ISENTO;;; ;N;S;;MC;1147272256;N;N
0000321034;0000321034;ROUPA INTIMA TENA PANTS ULTRA PEQ./MED.L8UP7 HL 18UNID.;09032021;F;2938;000;000;1632;0000;0000;PCT;UN;1800;000;000;I;TENA;0000321034;20;000;000;ISENTO;;; ;N;S;;MC;1147271969;N;N
0000313502;0000313502;ROZEREM 8MG 10CPDS REV.;07072020;V;2481;3305;000;2481;3305;0000;CX;CPDS;1000;000;000;A;TAKEDA;0000313502;50;000;000;1063902750015;31052027;7896641810756;-;N;S;90372808;  ;;N;N
0000313503;0000313503;ROZEREM 8MG 20CPDS REV.;07072020;V;4964;6614;000;2482;3307;0000;CX;CPDS;2000;000;000;A;TAKEDA;0000313503;50;000;000;1063902750023;31052027;7896641810763;-;N;S;90372816;  ;;N;N
0000313504;0000313504;ROZEREM 8MG 30CPDS REV.;07072020;V;7443;9916;000;2481;3305;0000;CX;CPDS;3000;000;000;A;TAKEDA;0000313504;50;000;000;1063902750031;31052027;7896641810770;-;N;S;90372824;  ;;N;N
0000244800;0000244800;RUBROMICIN 25ML/ML SUSP.ORAL 50FRX60ML+50COP.(EMB.HOSP.);26062020;F;33782;000;000;6756;0000;0000;CX;FR;5000;000;000;A;PRATI-DONADUZZI;0000244800;50;000;000;1256800890357;31082023;7899547506440;+;S;S;90294882;  ;;N;N
0000244799;0000244799;RUBROMICIN 50ML/ML SUSP.ORAL 50FRX60ML+50COP.(EMB.HOSP.);26062020;F;22020;000;000;4404;0000;0000;CX;FR;5000;000;000;A;PRATI-DONADUZZI;0000244799;50;000;000;1256800890438;31082023;7899547506525;+;S;S;90294890;  ;;N;N
0000315383;0000315383;RUSOVAS 10MG 10CPDS REV.;07072020;V;1624;2245;000;1624;2245;0000;CX;CPDS;1000;000;000;A;SIGMA PHARMA;0000315383;50;000;000;1356906830011;31102026;7894916514194;+;N;S;90444256;  ;;N;N
0000242106;0000242106;RUSOVAS 10MG 60CPDS REV.;07072020;V;6215;8592;000;1036;1432;0000;CX;CPDS;6000;000;000;A;SIGMA PHARMA;0000242106;50;000;000;1356906830044;31102026;7894916509718;+;N;S;90412907;  ;;N;N
0000274937;0000274937;RUSOVAS 20MG 10CPDS REV.;07072020;V;2838;3923;000;2838;3923;0000;CX;CPDS;1000;000;000;A;SIGMA PHARMA;0000274937;50;000;000;1356906280079;31102026;7894916512039;+;N;S;;  ;;N;N
0000241582;0000241582;RUSOVAS 5MG 10CPDS REV.;07072020;V;1359;1879;000;1359;1879;0000;CX;CPDS;1000;000;000;A;SIGMA PHARMA;0000241582;50;000;000;1356906830133;31102026;7894916509749;+;N;S;90444230;  ;;N;N
0000241094;0000241094;RUSOVAS 5MG 60CPDS REV.;07072020;V;5709;7892;000;0952;1315;0000;CX;CPDS;6000;000;000;A;SIGMA PHARMA;0000241094;50;000;000;1356906830151;31102026;7894916509206;+;N;S;90412893;  ;;N;N
0000318145;0000318145;RUXIENCE 10MG/ML SOL.DIL.INFUS.IV 10ML;02022021;F;107196;000;000;0000;0000;0000;FA;ML;1000;000;000;A;WYETH;0000318145;50;000;000;1211004780012;31052030;7891045033152;+;S;N;90488407;  ;;N;N
0000318146;0000318146;RUXIENCE 10MG/ML SOL.DIL.INFUS.IV 50ML;02022021;F;535983;000;000;0000;0000;0000;FA;ML;5000;000;000;A;WYETH;0000318146;50;000;000;1211004780020;31052030;7891045033169;+;S;N;90488415;  ;;N;N
0000280852;0000280852;SAL ANDREWS 176,50MG PO EFERV.2ENV.5G;02032021;V;127;169;000;0635;0845;0000;CX;ENV;200;000;000;A;GLAXOSMITH;0000280852;50;000;000;1010701280088;31102024;7896015527686;-;N;S;90369270;  ;;N;N
0000133713;0000133713;SAL FRUTA ENO 2ENV 5G;02032021;V;251;334;000;1255;1670;0000;CX;ENV;200;000;000;A;GLAXOSMITH;0000133713;50;000;000;1010700560257;SOB PROTOCOLO;7896015511159;-;N;S;;  ;;N;N
0000151411;0000151411;SAL FRUTA ENO ABAC.2ENV 5G;02032021;V;251;334;000;1255;1670;0000;CX;ENV;200;000;000;A;GLAXOSMITH;0000151411;50;000;000;1010700560710;SOB PROTOCOLO;7896015521646;-;N;S;90089804;  ;;N;N
0000133715;0000133715;SAL FRUTA ENO GUAR.2ENV 5G;02032021;V;251;334;000;1255;1670;0000;CX;ENV;200;000;000;A;GLAXOSMITH;0000133715;50;000;000;1010700560486;SOB PROTOCOLO;7896015516970;-;N;S;90286464;  ;;N;N
0000133714;0000133714;SAL FRUTA ENO LAR.2ENV 5G;02032021;V;251;334;000;1255;1670;0000;CX;ENV;200;000;000;A;GLAXOSMITH;0000133714;50;000;000;1010700560321;SOB PROTOCOLO;7896015511166;-;N;S;;  ;;N;N
0000133716;0000133716;SAL FRUTA ENO LIM.2ENV 5G;02032021;V;251;334;000;1255;1670;0000;CX;ENV;200;000;000;A;GLAXOSMITH;0000133716;50;000;000;1010700560397;SOB PROTOCOLO;7896015518479;-;N;S;90089812;  ;;N;N
0000285414;0000285414;SAPATILHA PROPE(PAR);09032021;A;130;000;000;0000;0000;0000;   ;UN;100;000;000;S;SKY DESCARTAVEIS;0000285414;20;000;000;80251280005;VIGENTE;; ;N;N;78343372;MC;03007;N;N
0000301884;0000301884;SAYANA 160MG/ML SUSP.INJ.SER.PREENC.0,65ML+AG.;07082020;V;3399;4699;000;0000;0000;0000;CX;SER;100;000;000;A;WYETH;0000301884;50;000;000;1211004390052;28022023;7891045032292;+;N;N;90406737;  ;;N;N
0000251214;0000251214;SEASONIQUE 0,15+0,03+0,01MG 91CPDS;19062020;V;3254;4335;000;0000;0000;0000;CX;CPDS;9100;000;000;A;TEVA;0000251214;50;000;000;1557300280018;30042024;7898919603763;-;N;N;90325648;  ;;N;N
0000244718;0000244718;SECDAZOL 1000MG 2CPDS REV.;30062020;V;1950;2598;000;9750;12990;0000;CX;CPDS;200;000;000;A;VITAPAN;0000244718;50;000;000;1039201070201;31122020;7898049794218;-;N;S;90294971;  ;;N;N
0000244719;0000244719;SECDAZOL 1000MG 500CPDS REV.;30062020;F;178389;000;000;3568;0000;0000;CX;CPDS;50000;000;000;A;VITAPAN;0000244719;50;000;000;1039201070228;31122020;7898049794232;-;N;S;90294980;  ;;N;N
0000257159;0000257159;SECNIDAZOL 1000MG 2CPDS;30062020;V;1507;2008;000;7535;10040;0000;CX;CPDS;200;000;000;A;SANDOZ;0000257159;50;000;000;1004705590011;31082020;7897595631510;-;N;S;90310322;  ;;S;N
0000304861;0000304861;SECNIDAZOL 1000MG 2CPDS REV.;30062020;V;1385;1845;000;6925;9225;0000;CX;CPDS;200;000;000;A;VITAPAN;0000304861;50;000;000;1039201860016;31082023;7898049795529;-;N;S;90414357;  ;;S;N
0000257160;0000257160;SECNIDAZOL 1000MG 4CPDS;30062020;V;2393;3188;000;5983;7970;0000;CX;CPDS;400;000;000;A;SANDOZ;0000257160;50;000;000;1004705590028;31082020;7897595631527;-;N;S;90310330;  ;;S;N
0000319758;0000319758;SECNIDAZOL 1000MG BL.AL.PLAS.TRANS.2CPDS REV.;11122020;V;1385;1845;000;6925;9225;0000;CX;CPDS;200;000;000;A;VITAPAN;0000319758;50;000;000;1039201940011;30112029;7898049797851;-;N;S;90476603;  ;;S;N
0000319759;0000319759;SECNIDAZOL 1000MG BL.AL.PLAS.TRANS.4CPDS REV.;11122020;V;2353;3135;000;5883;7838;0000;CX;CPDS;400;000;000;A;VITAPAN;0000319759;50;000;000;1039201940028;30112029;7898049797868;-;N;S;90476611;  ;;S;N
0000319760;0000319760;SECNIDAZOL 1000MG BL.AL.PLAS.TRANS.500CPDS REV.;11122020;F;116527;000;000;2331;0000;0000;CX;CPDS;50000;000;000;A;VITAPAN;0000319760;50;000;000;1039201940036;30112029;7898049797837;-;S;S;90476620;  ;;S;N
0000296957;0000296957;SELENIO 0,6MCG/ML PED.;03072020;F;505;000;000;0000;0000;0000;CX;AMP;100;000;000;A;SOLUS SOLUCOES;0000296957;50;000;000;ISENTO;;; ;N;N;;  ;;N;N
0000296958;0000296958;SELENIO 60MCG/ML ADU.;03072020;F;2525;000;000;0000;0000;0000;CX;AMP;100;000;000;A;SOLUS SOLUCOES;0000296958;50;000;000;ISENTO;;; ;N;N;;  ;;N;N
0000318689;0000318689;SELETIV 50MG/ML SOL.INJ.2 SER.PREENC.5ML+2AG.ATIVA;01112020;F;741292;000;000;0000;0000;0000;CX;SER;200;000;000;A;EUROFARMA;0000318689;50;000;000;1004311000027;30062029;7891317005610;+;S;N;90497325;  ;;N;N
0000269561;0000269561;SENES 10MG 10CPDS;30062020;V;2391;3305;000;2391;3305;0000;CX;CPDS;1000;000;000;A;SUPERA;0000269561;50;000;000;1037202540191;30092020;7899420505560;+;N;S;90345347;  ;;N;N
0000269562;0000269562;SENES 10MG 30CPDS;30062020;V;6645;9186;000;2215;3062;0000;CX;CPDS;3000;000;000;A;SUPERA;0000269562;50;000;000;1037202540213;30092020;7899420501647;+;N;S;90345355;  ;;N;N
0000269563;0000269563;SENES 5MG 10CPDS;30062020;V;2391;3305;000;2391;3305;0000;CX;CPDS;1000;000;000;A;SUPERA;0000269563;50;000;000;1037202540078;30092020;7899420505546;+;N;S;90345320;  ;;N;N
0000269564;0000269564;SENES 5MG 30CPDS;30062020;V;6645;9186;000;2215;3062;0000;CX;CPDS;3000;000;000;A;SUPERA;0000269564;50;000;000;1037202540094;30092020;7899420501579;+;N;S;90345339;  ;;N;N
0000319493;0000319493;SENSOR ACESSORIO CONOX SENSOR ED4;01122020;F;74250;000;000;0000;0000;0000;CX;UN;100;000;000;A;FRESENIUS KABI;0000319493;20;000;000;80145110256;VIGENTE;; ;N;N;100913920;MC;BRLZ029061;N;N
0000321041;0000321041;SENSOR ANI V1 MDOLORIS;10032021;F;65600;000;000;0000;0000;0000;   ;UN;100;000;000;I;CNPH;0000321041;20;000;000;81504799001;VIGENTE;; ;N;N;;MC;;N;N
0000317215;0000317215;SENSOR EEG SEDLINE RD ADU.DESC.;02092020;F;113098;000;000;0000;0000;0000;PCT;UN;100;000;000;A;MASIMO;0000317215;20;000;200;80047300748;VIGENTE;; ;N;N;100883656;MC;4248;N;N
0000317216;0000317216;SENSOR EEG SEDLINE RD PED.DESC.;02092020;F;121788;000;000;0000;0000;0000;PCT;UN;100;000;000;A;MASIMO;0000317216;20;000;200;80047300748;VIGENTE;; ;N;N;100883656;MC;4329;N;N
0000256136;0000256136;SERENATA 100MG 30CPDS REV.;09062020;V;9560;13216;000;3187;4405;0000;CX;CPDS;3000;000;000;A;TORRENT;0000256136;50;000;000;1052500060086;31052022;8902220113251;+;N;S;90323599;  ;;N;N
0000289811;0000289811;SERENATA 100MG 60CPDS REV.;09062020;V;15025;20771;000;2504;3462;0000;CX;CPDS;6000;000;000;A;TORRENT;0000289811;50;000;000;1052500060116;31052022;8903855076072;+;N;S;90361687;  ;;N;N
0000289810;0000289810;SERENATA 50MG 60CPDS REV.;09062020;V;9030;12483;000;1505;2081;0000;CX;CPDS;6000;000;000;A;TORRENT;0000289810;50;000;000;1052500060108;31052022;8903855076058;+;N;S;90361733;  ;;N;N
0000306022;0000306022;SERINGA P/GASOMETRIA PROVENT 1ML LUER SLIP;07032019;F;694;000;000;0000;0000;0000;   ;UN;100;000;000;A;BRC LOGISTICA;0000306022;20;000;000;80228990059;VIGENTE;; ;N;N;100901247;MC;;N;N
0000306023;0000306023;SERINGA P/GASOMETRIA PROVENT 3ML LUER SLIP C/AG.;07032019;F;568;000;000;0000;0000;0000;   ;UN;100;000;000;A;BRC LOGISTICA;0000306023;20;000;000;80228990059;VIGENTE;; ;N;N;100901247;MC;;N;N
0000269312;0000269312;SETH 150MG 30CPDS REV.LIB.PROLONG.;30062020;V;6199;8570;000;2066;2857;0000;CX;CPDS;3000;000;000;A;UNIAO QUIMICA;0000269312;50;000;000;1049713920041;31122020;7896006206958;+;N;S;90343760;  ;;N;N
0000269313;0000269313;SETH 150MG 60CPDS REV.LIB.PROLONG.;30062020;V;9917;13710;000;1653;2285;0000;CX;CPDS;6000;000;000;A;UNIAO QUIMICA;0000269313;50;000;000;1049713920058;31122020;7896006206965;+;N;S;90343778;  ;;N;N
0000311387;0000311387;SEVOFLURANO 1ML/ML SOL.INAL.100ML;30062020;F;45370;000;000;4537;0000;0000;FR;ML;10000;000;000;A;UNIAO QUIMICA;0000311387;50;000;000;1049714140031;30112022;7896006210887;+;S;S;90451821;  ;;S;N
0000304697;0000304697;SEVOFLURANO 1ML/ML SOL.INAL.250ML;30062020;F;113423;000;000;4537;0000;0000;FR;ML;25000;000;000;A;UNIAO QUIMICA;0000304697;50;000;000;1049714140013;30112022;7896006209980;+;S;S;90414209;  ;;S;N
0000286469;0000286469;SILIMALON 100+70MG 30DRGS;30062020;V;4678;6233;000;1559;2078;0000;CX;DRGS;3000;000;000;A;ZYDUS NIKKHO;0000286469;50;000;000;1565100440020;31082027;7897460401422;-;N;S;90387600;  ;;N;N
0000315198;0000315198;SILIMALON 140 140+100MG 20CPDS REV.;30062020;V;5301;7063;000;2651;3532;0000;CX;CPDS;2000;000;000;A;ZYDUS NIKKHO;0000315198;50;000;000;1565100770039;31082029;7897460401736;-;N;S;90456041;  ;;N;N
0000311693;0000311693;SILIMALON 140 140+100MG 30CPDS REV.;30062020;V;7485;9972;000;2495;3324;0000;CX;CPDS;3000;000;000;A;ZYDUS NIKKHO;0000311693;50;000;000;1565100770047;31082029;7897460401743;-;N;S;90456050;  ;;N;N
0000318911;0000318911;SILIMALON 140 140+100MG 60CPDS REV.;04112020;V;11552;15391;000;1925;2565;0000;CX;CPDS;6000;000;000;A;ZYDUS NIKKHO;0000318911;50;000;000;1565100770055;31082029;7897460401750;-;N;S;90503430;  ;;N;N
0000289652;0000289652;SIMCAPS 30CAPS;29042020;F;13600;000;000;4533;0000;0000;PT;CAPS;3000;000;000;A;VITAFOR;0000289652;50;000;000;6542600200019;30112022;7898949730491; ;N;S;;  ;;N;S
0000284261;0000284261;SIMETICONA 125MG 10CAPS;30062020;F;1149;000;000;1149;0000;0000;CX;CAPS;1000;000;000;A;UNIAO QUIMICA;0000284261;50;000;000;NOTIFICACAO;;7896006214441;-;N;S;;  ;;N;N
0000315047;0000315047;SIMETICONA 125MG 10CAPS MOLE;01092020;V;1540;2052;000;1540;2052;0000;BL;CAPS;1000;000;000;A;SANOFI MEDLEY;0000315047;50;000;000;1832602140026;25022021;7896422508742;-;N;S;90368908;  ;;S;N
0000284262;0000284262;SIMETICONA 125MG 90CAPS;30062020;F;12231;000;000;1359;0000;0000;CX;CAPS;9000;000;000;A;UNIAO QUIMICA;0000284262;50;000;000;NOTIFICACAO;;7896006214472;-;N;S;;  ;;N;N
0000315048;0000315048;SIMETICONA 125MG 90CAPS GEL.MOLE(EMB.HOSP.);19062020;V;14600;19452;000;1622;2161;0000;BL;CAPS;9000;000;000;A;SANOFI MEDLEY;0000315048;50;000;000;1832602140050;22022021;7896422509008;-;N;S;90368916;  ;;S;N
0000314854;0000314854;SIMETICONA 40MG 20CPDS;02032021;F;924;000;000;0462;0000;0000;CX;CPDS;2000;000;000;A;SANOFI MEDLEY;0000314854;50;000;000;NOTIFICACAO;;7896422522823;-;N;S;;  ;;S;N
0000315049;0000315049;SIMETICONA 75MG/ML 15ML EMULSAO ORAL;01092020;V;1256;1673;000;0837;1115;0000;FR;ML;1500;000;000;A;SANOFI MEDLEY;0000315049;50;000;000;1832600920024;22022021;7896422505673;-;N;S;90368932;  ;;S;N
0000289651;0000289651;SIMFORT 10SACH.2G;29042020;F;43200;000;000;43200;0000;0000;CX;SACH;1000;000;000;A;VITAFOR;0000289651;50;000;000;6542600060012;SOB PROTOCOLO;7898919865062; ;N;S;;  ;;N;S
0000289650;0000289650;SIMFORT 30SACH.2G;29042020;F;48900;000;000;16300;0000;0000;CX;SACH;3000;000;000;A;VITAFOR;0000289650;50;000;000;6542600060012;SOB PROTOCOLO;7898919865079; ;N;S;;  ;;N;S
0000312662;0000312662;SINUSEC SPRAY NASAL 30ML;07072020;F;3146;000;000;0000;0000;0000;CX;FR;100;000;000;A;BIOLAB SANUS;0000312662;20;000;000;80522910011;VIGENTE;7896112402053;-;N;N;100887570;MC;;N;N
0000308974;0000308974;SINVALIP 10MG BL.AL.PLAS.OPC.30CPDS REV.;07072020;V;1438;1988;000;0479;0663;0000;CX;CPDS;3000;000;000;A;SIGMA PHARMA;0000308974;50;000;000;1023512550187;31032023;;+;N;S;90447700;  ;;N;N
0000308978;0000308978;SINVALIP 20MG BL.AL.PLAS.OPC.30CPDS REV.;07072020;V;3054;4222;000;1018;1407;0000;CX;CPDS;3000;000;000;A;SIGMA PHARMA;0000308978;50;000;000;1023512550081;31032023;;+;N;S;90447549;  ;;N;N
0000308980;0000308980;SINVALIP 40MG BL.AL.PLAS.OPC.30CPDS REV.;07072020;V;6399;8846;000;2133;2949;0000;CX;CPDS;3000;000;000;A;SIGMA PHARMA;0000308980;50;000;000;1023512550136;31032023;;+;N;S;90447557;  ;;N;N
0000271764;0000271764;SINVASTATINA 20MG 150CPDS REV.;30062020;F;25885;000;000;1726;0000;0000;CX;CPDS;15000;000;000;A;SANDOZ;0000271764;50;000;000;1004704720327;31122024;7897595631121;+;S;S;90310489;  ;;S;N
0000313447;0000313447;SISTEMA AGULHA FINA BIOPSIA P/ULTRASSONOGRAFIA ENDOSCOPICA;10032020;F;1170000;000;000;0000;0000;0000;ENV;UN;100;000;000;A;MEDI-GLOBE;0000313447;20;000;000;80073110107;VIGENTE;; ;N;N;100883699;ME;GUB-45-18-022;N;N
0000313448;0000313448;SISTEMA AGULHA FINA BIOPSIA P/ULTRASSONOGRAFIA ENDOSCOPICA;10032020;F;1170000;000;000;0000;0000;0000;ENV;UN;100;000;000;A;MEDI-GLOBE;0000313448;20;000;000;80073110107;VIGENTE;; ;N;N;100883699;ME;GUB-46-18-022;N;N
0000313449;0000313449;SISTEMA AGULHA FINA BIOPSIA P/ULTRASSONOGRAFIA ENDOSCOPICA;10032020;F;1170000;000;000;0000;0000;0000;ENV;UN;100;000;000;A;MEDI-GLOBE;0000313449;20;000;000;80073110109;VIGENTE;; ;N;N;100883710;ME;GUB-42-18-022;N;N
0000316464;0000316464;SISTEMA CONTENCAO P/VENTILACAO/OXIGENOTERAPIA BHIO SUPPLY;11082020;F;82000;000;000;0000;0000;0000;PCT;UN;100;000;000;A;BHIO SUPPLY;0000316464;20;000;000;80381210113;VIGENTE;; ;N;N;100902332;ME;0MCC1AA0;N;N
0000318670;0000318670;SISTEMA DRENAGEM MEDIASTINAL/PLEURAL HQ 1000ML;30102020;F;3607;000;000;0000;0000;0000;PCT;UN;100;000;000;A;HEALTH QUALITY;0000318670;20;000;000;80166330075;VIGENTE;; ;N;N;100895395;MC;265004;N;N
0000318672;0000318672;SISTEMA DRENAGEM MEDIASTINAL/PLEURAL HQ 120ML;30102020;F;2349;000;000;0000;0000;0000;PCT;UN;100;000;000;A;HEALTH QUALITY;0000318672;20;000;000;80166330075;VIGENTE;; ;N;N;100895395;MC;265001;N;N
0000318671;0000318671;SISTEMA DRENAGEM MEDIASTINAL/PLEURAL HQ 2000ML;30102020;F;4893;000;000;0000;0000;0000;PCT;UN;100;000;000;A;HEALTH QUALITY;0000318671;20;000;000;80166330075;VIGENTE;; ;N;N;100895395;MC;265005;N;N
0000318673;0000318673;SISTEMA DRENAGEM MEDIASTINAL/PLEURAL HQ 250ML;30102020;F;2643;000;000;0000;0000;0000;PCT;UN;100;000;000;A;HEALTH QUALITY;0000318673;20;000;000;80166330075;VIGENTE;; ;N;N;100895395;MC;265002;N;N
0000318669;0000318669;SISTEMA DRENAGEM MEDIASTINAL/PLEURAL HQ 500ML;30102020;F;2757;000;000;0000;0000;0000;PCT;UN;100;000;000;A;HEALTH QUALITY;0000318669;20;000;000;80166330075;VIGENTE;; ;N;N;100895395;MC;265003;N;N
0000317567;0000317567;SISTEMA DRENAGEM TORACICA ALTITUDE 2500ML C/CONTROLE ASPIRACAO A SECO;17092020;F;387500;000;000;0000;0000;0000;CX;UN;100;000;000;A;CARDINAL HEALTH MS;0000317567;20;000;000;81356112375;VIGENTE;; ;N;N;100889670;ME;8888571370;N;N
0000317566;0000317566;SISTEMA DRENAGEM TORACICA AQUASEAL 2300ML C/CAMARA DUPLA;17092020;F;367500;000;000;0000;0000;0000;CX;UN;100;000;000;A;CARDINAL HEALTH MS;0000317566;20;000;000;81356112379;VIGENTE;; ;N;N;100889700;ME;8888571406;N;N
0000317565;0000317565;SISTEMA DRENAGEM TORACICA AQUASEAL 2300ML C/CAMARA UNICA;17092020;F;367500;000;000;0000;0000;0000;CX;UN;100;000;000;A;CARDINAL HEALTH MS;0000317565;20;000;000;81356112379;VIGENTE;; ;N;N;100889700;ME;8888571299;N;N
0000151782;0000151782;SISTEMA DRENAGEM TORACICA THORAMETRIX;09092015;F;297000;000;000;0000;0000;0000;BDJ;UN;100;000;000;A;EPTCA;0000151782;20;000;000;10332209001;VIGENTE;; ;N;N;100911897;ME;;N;N
0000316340;0000316340;SISTEMA ENTREGA OCCLUDER 180°;30072020;F;850000;000;000;0000;0000;0000;PCT;UN;100;000;000;A;HOMACC;0000316340;20;000;000;80102512387;03022030;; ;N;N;100884024;ME;;N;N
0000316339;0000316339;SISTEMA ENTREGA OCCLUDER 45°;30072020;F;850000;000;000;0000;0000;0000;PCT;UN;100;000;000;A;HOMACC;0000316339;20;000;000;80102512387;03022030;; ;N;N;100884024;ME;;N;N
0000314963;0000314963;SISTEMA EVACUACAO FUMACA LAPAROSCOPICA SEECLEAR MAX;14072020;F;62000;000;000;0000;0000;0000;CX;SIST;100;000;000;A;BMR MEDICAL;0000314963;20;000;000;80299880175;VIGENTE;; ;N;N;100902103;MC;SC062500;N;N
0000314964;0000314964;SISTEMA EVACUACAO FUMACA LAPAROSCOPICA SEECLEAR XCL;14072020;F;62000;000;000;0000;0000;0000;CX;SIST;100;000;000;A;BMR MEDICAL;0000314964;20;000;000;80299880175;VIGENTE;; ;N;N;100902103;MC;SC082500;N;N
0000316823;0000316823;SISTEMA FECHADO ASPIRACAO ENDOTRAQUEAL 10FR;26082020;F;89000;000;000;0000;0000;0000;ENV;UN;100;000;000;A;DBI MEDICAL;0000316823;20;000;000;80722800018;VIGENTE;; ;N;N;100916155;MC;MC-07210;N;N
0000316831;0000316831;SISTEMA FECHADO ASPIRACAO ENDOTRAQUEAL 10FR;26082020;F;89000;000;000;0000;0000;0000;ENV;UN;100;000;000;A;DBI MEDICAL;0000316831;20;000;000;80722800018;VIGENTE;; ;N;N;100916155;MC;MC-07250;N;N
0000316824;0000316824;SISTEMA FECHADO ASPIRACAO ENDOTRAQUEAL 12FR;26082020;F;89000;000;000;0000;0000;0000;ENV;UN;100;000;000;A;DBI MEDICAL;0000316824;20;000;000;80722800018;VIGENTE;; ;N;N;100916155;MC;MC-07211;N;N
0000316832;0000316832;SISTEMA FECHADO ASPIRACAO ENDOTRAQUEAL 12FR;26082020;F;89000;000;000;0000;0000;0000;ENV;UN;100;000;000;A;DBI MEDICAL;0000316832;20;000;000;80722800018;VIGENTE;; ;N;N;100916155;MC;MC-07251;N;N
0000316825;0000316825;SISTEMA FECHADO ASPIRACAO ENDOTRAQUEAL 14FR;26082020;F;89000;000;000;0000;0000;0000;ENV;UN;100;000;000;A;DBI MEDICAL;0000316825;20;000;000;80722800018;VIGENTE;; ;N;N;100916155;MC;MC-07212;N;N
0000316833;0000316833;SISTEMA FECHADO ASPIRACAO ENDOTRAQUEAL 14FR;26082020;F;89000;000;000;0000;0000;0000;ENV;UN;100;000;000;A;DBI MEDICAL;0000316833;20;000;000;80722800018;VIGENTE;; ;N;N;100916155;MC;MC-07252;N;N
0000316826;0000316826;SISTEMA FECHADO ASPIRACAO ENDOTRAQUEAL 16FR;26082020;F;89000;000;000;0000;0000;0000;ENV;UN;100;000;000;A;DBI MEDICAL;0000316826;20;000;000;80722800018;VIGENTE;; ;N;N;100916155;MC;MC-07213;N;N
0000316834;0000316834;SISTEMA FECHADO ASPIRACAO ENDOTRAQUEAL 16FR;26082020;F;89000;000;000;0000;0000;0000;ENV;UN;100;000;000;A;DBI MEDICAL;0000316834;20;000;000;80722800018;VIGENTE;; ;N;N;100916155;MC;MC-07253;N;N
0000321095;0000321095;SISTEMA FECHADO ASPIRACAO ENDOTRAQUEAL ASPIRE-MED 05FR;10032021;F;90750;000;000;0000;0000;0000;PGC;SIST;100;000;000;I;PROMEDICA;0000321095;20;000;000;81194860011;VIGENTE;; ;N;N;100917399;ME;511301;N;N
0000321096;0000321096;SISTEMA FECHADO ASPIRACAO ENDOTRAQUEAL ASPIRE-MED 06FR;10032021;F;90750;000;000;0000;0000;0000;PGC;SIST;100;000;000;I;PROMEDICA;0000321096;20;000;000;81194860011;VIGENTE;; ;N;N;100917399;ME;511302;N;N
0000321097;0000321097;SISTEMA FECHADO ASPIRACAO ENDOTRAQUEAL ASPIRE-MED 07FR;10032021;F;90750;000;000;0000;0000;0000;PGC;SIST;100;000;000;I;PROMEDICA;0000321097;20;000;000;81194860011;VIGENTE;; ;N;N;100917399;ME;511303;N;N
0000321098;0000321098;SISTEMA FECHADO ASPIRACAO ENDOTRAQUEAL ASPIRE-MED 08FR;10032021;F;90750;000;000;0000;0000;0000;PGC;SIST;100;000;000;I;PROMEDICA;0000321098;20;000;000;81194860011;VIGENTE;; ;N;N;100917399;ME;511304;N;N
0000321099;0000321099;SISTEMA FECHADO ASPIRACAO ENDOTRAQUEAL ASPIRE-MED 10FR;10032021;F;90750;000;000;0000;0000;0000;PGC;SIST;100;000;000;I;PROMEDICA;0000321099;20;000;000;81194860011;VIGENTE;; ;N;N;100917399;ME;511305;N;N
0000321100;0000321100;SISTEMA FECHADO ASPIRACAO ENDOTRAQUEAL ASPIRE-MED 12FR;10032021;F;90750;000;000;0000;0000;0000;PGC;SIST;100;000;000;I;PROMEDICA;0000321100;20;000;000;81194860011;VIGENTE;; ;N;N;100917399;ME;511306;N;N
0000321101;0000321101;SISTEMA FECHADO ASPIRACAO ENDOTRAQUEAL ASPIRE-MED 14FR;10032021;F;90750;000;000;0000;0000;0000;PGC;SIST;100;000;000;I;PROMEDICA;0000321101;20;000;000;81194860011;VIGENTE;; ;N;N;100917399;ME;511307;N;N
0000321102;0000321102;SISTEMA FECHADO ASPIRACAO ENDOTRAQUEAL ASPIRE-MED 16FR;10032021;F;90750;000;000;0000;0000;0000;PGC;SIST;100;000;000;I;PROMEDICA;0000321102;20;000;000;81194860011;VIGENTE;; ;N;N;100917399;ME;511308;N;N
0000316827;0000316827;SISTEMA FECHADO ASPIRACAO TRAQUEAL 10FR;26082020;F;89000;000;000;0000;0000;0000;ENV;UN;100;000;000;A;DBI MEDICAL;0000316827;20;000;000;80722800018;VIGENTE;; ;N;N;100916155;MC;MC-07200;N;N
0000316828;0000316828;SISTEMA FECHADO ASPIRACAO TRAQUEAL 12FR;26082020;F;89000;000;000;0000;0000;0000;ENV;UN;100;000;000;A;DBI MEDICAL;0000316828;20;000;000;80722800018;VIGENTE;; ;N;N;100916155;MC;MC-07201;N;N
0000316829;0000316829;SISTEMA FECHADO ASPIRACAO TRAQUEAL 14FR;26082020;F;89000;000;000;0000;0000;0000;ENV;UN;100;000;000;A;DBI MEDICAL;0000316829;20;000;000;80722800018;VIGENTE;; ;N;N;100916155;MC;MC07212;N;N
0000316830;0000316830;SISTEMA FECHADO ASPIRACAO TRAQUEAL 16FR;26082020;F;89000;000;000;0000;0000;0000;ENV;UN;100;000;000;A;DBI MEDICAL;0000316830;20;000;000;80722800018;VIGENTE;; ;N;N;100916155;MC;MC-07203;N;N
0000321103;0000321103;SISTEMA FECHADO ASPIRACAO TRAQUEAL ASPIRE-MED 10FR;10032021;F;90750;000;000;0000;0000;0000;PGC;SIST;100;000;000;I;PROMEDICA;0000321103;20;000;000;81194860011;VIGENTE;; ;N;N;100917399;ME;511309;N;N
0000321104;0000321104;SISTEMA FECHADO ASPIRACAO TRAQUEAL ASPIRE-MED 12FR;10032021;F;90750;000;000;0000;0000;0000;PGC;SIST;100;000;000;I;PROMEDICA;0000321104;20;000;000;81194860011;VIGENTE;; ;N;N;100917399;ME;511310;N;N
0000321105;0000321105;SISTEMA FECHADO ASPIRACAO TRAQUEAL ASPIRE-MED 14FR;10032021;F;90750;000;000;0000;0000;0000;PGC;SIST;100;000;000;I;PROMEDICA;0000321105;20;000;000;81194860011;VIGENTE;; ;N;N;100917399;ME;511311;N;N
0000321106;0000321106;SISTEMA FECHADO ASPIRACAO TRAQUEAL ASPIRE-MED 16FR;10032021;F;90750;000;000;0000;0000;0000;PGC;SIST;100;000;000;I;PROMEDICA;0000321106;20;000;000;81194860011;VIGENTE;; ;N;N;100917399;ME;511312;N;N
0000318668;0000318668;SISTEMA P/ASPIRACAO SECRECAO 1000ML 0,75X3,00ML EST.;30102020;F;3726;000;000;0000;0000;0000;PCT;UN;100;000;000;A;HEALTH QUALITY;0000318668;20;000;000;80166330076;VIGENTE;; ;N;N;100900860;MC;264014;N;N
0000318665;0000318665;SISTEMA P/ASPIRACAO SECRECAO 120ML C/EXTENSAO 20CM EST.;30102020;F;1002;000;000;0000;0000;0000;PCT;UN;100;000;000;A;HEALTH QUALITY;0000318665;20;000;000;80166330076;VIGENTE;; ;N;N;100900860;MC;264007;N;N
0000318656;0000318656;SISTEMA P/ASPIRACAO SECRECAO 500ML 1,50X0,50ML EST.;30102020;F;2061;000;000;0000;0000;0000;PCT;UN;100;000;000;A;HEALTH QUALITY;0000318656;20;000;000;80166330076;VIGENTE;; ;N;N;100900860;MC;264013;N;N
0000318659;0000318659;SISTEMA P/ASPIRACAO SECRECAO HQ 1000 ML EST.;30102020;F;3381;000;000;0000;0000;0000;PCT;UN;100;000;000;A;HEALTH QUALITY;0000318659;20;000;000;80166330076;VIGENTE;; ;N;N;100900860;MC;264010;N;N
0000318661;0000318661;SISTEMA P/ASPIRACAO SECRECAO HQ 2000ML EST.;30102020;F;5289;000;000;0000;0000;0000;PCT;UN;100;000;000;A;HEALTH QUALITY;0000318661;20;000;000;80166330076;VIGENTE;; ;N;N;100900860;MC;264011;N;N
0000318663;0000318663;SISTEMA P/ASPIRACAO SECRECAO HQ 250 ML EST.;30102020;F;1887;000;000;0000;0000;0000;PCT;UN;100;000;000;A;HEALTH QUALITY;0000318663;20;000;000;80166330076;VIGENTE;; ;N;N;100900860;MC;264008;N;N
0000318658;0000318658;SISTEMA P/ASPIRACAO SECRECAO HQ 500 ML EST.;30102020;F;2622;000;000;0000;0000;0000;PCT;UN;100;000;000;A;HEALTH QUALITY;0000318658;20;000;000;80166330076;VIGENTE;; ;N;N;100900860;MC;264009;N;N
0000309679;0000309679;SISTEMA P/PREPARACAO ENXERTOS MEEK MICROGRAFT;12032021;F;25441992;000;000;0000;0000;0000;EST;SIST;100;000;000;P;EFE;0000309679;20;000;800;10243869015;VIGENTE;; ;N;N;;BD;3.HD;N;N
0000320586;0000320586;SISTEMA PREVENCAO EMBOLIA CAROTIDA CGUARD 06X20MM;09022021;F;2500000;000;000;0000;0000;0000;CX;UN;100;000;000;A;TECMEDIC;0000320586;20;000;000;80351240042;20072030;; ;N;N;100819583;PT;CRX0620;N;N
0000320587;0000320587;SISTEMA PREVENCAO EMBOLIA CAROTIDA CGUARD 06X30MM;09022021;F;2500000;000;000;0000;0000;0000;CX;UN;100;000;000;A;TECMEDIC;0000320587;20;000;000;80351240042;20072030;; ;N;N;100819400;PT;CRX0630;N;N
0000320588;0000320588;SISTEMA PREVENCAO EMBOLIA CAROTIDA CGUARD 06X40MM;09022021;F;2500000;000;000;0000;0000;0000;CX;UN;100;000;000;A;TECMEDIC;0000320588;20;000;000;80351240042;20072030;; ;N;N;100819559;PT;CRX0640;N;N
0000320589;0000320589;SISTEMA PREVENCAO EMBOLIA CAROTIDA CGUARD 06X60MM;09022021;F;2500000;000;000;0000;0000;0000;CX;UN;100;000;000;A;TECMEDIC;0000320589;20;000;000;80351240042;20072030;; ;N;N;100819419;PT;CRX0660;N;N
0000320590;0000320590;SISTEMA PREVENCAO EMBOLIA CAROTIDA CGUARD 07X20MM;09022021;F;2500000;000;000;0000;0000;0000;CX;UN;100;000;000;A;TECMEDIC;0000320590;20;000;000;80351240042;20072030;; ;N;N;100819443;PT;CRX0720;N;N
0000320591;0000320591;SISTEMA PREVENCAO EMBOLIA CAROTIDA CGUARD 07X30MM;09022021;F;2500000;000;000;0000;0000;0000;CX;UN;100;000;000;A;TECMEDIC;0000320591;20;000;000;80351240042;20072030;; ;N;N;100819575;PT;CRX0730;N;N
0000320592;0000320592;SISTEMA PREVENCAO EMBOLIA CAROTIDA CGUARD 07X40MM;09022021;F;2500000;000;000;0000;0000;0000;CX;UN;100;000;000;A;TECMEDIC;0000320592;20;000;000;80351240042;20072030;; ;N;N;100819451;PT;CRX0740;N;N
0000320593;0000320593;SISTEMA PREVENCAO EMBOLIA CAROTIDA CGUARD 07X60MM;09022021;F;2500000;000;000;0000;0000;0000;CX;UN;100;000;000;A;TECMEDIC;0000320593;20;000;000;80351240042;20072030;; ;N;N;100819435;PT;CRX0760;N;N
0000320594;0000320594;SISTEMA PREVENCAO EMBOLIA CAROTIDA CGUARD 08X20MM;09022021;F;2500000;000;000;0000;0000;0000;CX;UN;100;000;000;A;TECMEDIC;0000320594;20;000;000;80351240042;20072030;; ;N;N;100819427;PT;CRX0820;N;N
0000320595;0000320595;SISTEMA PREVENCAO EMBOLIA CAROTIDA CGUARD 08X30MM;09022021;F;2500000;000;000;0000;0000;0000;CX;UN;100;000;000;A;TECMEDIC;0000320595;20;000;000;80351240042;20072030;; ;N;N;100819478;PT;CRX0830;N;N
0000320596;0000320596;SISTEMA PREVENCAO EMBOLIA CAROTIDA CGUARD 08X40MM;09022021;F;2500000;000;000;0000;0000;0000;CX;UN;100;000;000;A;TECMEDIC;0000320596;20;000;000;80351240042;20072030;; ;N;N;100819524;PT;CRX0840;N;N
0000320597;0000320597;SISTEMA PREVENCAO EMBOLIA CAROTIDA CGUARD 08X60MM;09022021;F;2500000;000;000;0000;0000;0000;CX;UN;100;000;000;A;TECMEDIC;0000320597;20;000;000;80351240042;20072030;; ;N;N;100819486;PT;CRX0860;N;N
0000320598;0000320598;SISTEMA PREVENCAO EMBOLIA CAROTIDA CGUARD 09X20MM;09022021;F;2500000;000;000;0000;0000;0000;CX;UN;100;000;000;A;TECMEDIC;0000320598;20;000;000;80351240042;20072030;; ;N;N;100819494;PT;CRX0920;N;N
0000320599;0000320599;SISTEMA PREVENCAO EMBOLIA CAROTIDA CGUARD 09X30MM;09022021;F;2500000;000;000;0000;0000;0000;CX;UN;100;000;000;A;TECMEDIC;0000320599;20;000;000;80351240042;20072030;; ;N;N;100819460;PT;CRX0930;N;N
0000320600;0000320600;SISTEMA PREVENCAO EMBOLIA CAROTIDA CGUARD 09X40MM;09022021;F;2500000;000;000;0000;0000;0000;CX;UN;100;000;000;A;TECMEDIC;0000320600;20;000;000;80351240042;20072030;; ;N;N;100819397;PT;CRX0940;N;N
0000320601;0000320601;SISTEMA PREVENCAO EMBOLIA CAROTIDA CGUARD 09X60MM;09022021;F;2500000;000;000;0000;0000;0000;CX;UN;100;000;000;A;TECMEDIC;0000320601;20;000;000;80351240042;20072030;; ;N;N;100819540;PT;CRX0960;N;N
0000320602;0000320602;SISTEMA PREVENCAO EMBOLIA CAROTIDA CGUARD 10X20MM;09022021;F;2500000;000;000;0000;0000;0000;CX;UN;100;000;000;A;TECMEDIC;0000320602;20;000;000;80351240042;20072030;; ;N;N;100819508;PT;CRX1020;N;N
0000320603;0000320603;SISTEMA PREVENCAO EMBOLIA CAROTIDA CGUARD 10X30MM;09022021;F;2500000;000;000;0000;0000;0000;CX;UN;100;000;000;A;TECMEDIC;0000320603;20;000;000;80351240042;20072030;; ;N;N;100819516;PT;CRX1030;N;N
0000320604;0000320604;SISTEMA PREVENCAO EMBOLIA CAROTIDA CGUARD 10X40MM;09022021;F;2500000;000;000;0000;0000;0000;CX;UN;100;000;000;A;TECMEDIC;0000320604;20;000;000;80351240042;20072030;; ;N;N;100819532;PT;CRX1040;N;N
0000320605;0000320605;SISTEMA PREVENCAO EMBOLIA CAROTIDA CGUARD 10X60MM;09022021;F;2500000;000;000;0000;0000;0000;CX;UN;100;000;000;A;TECMEDIC;0000320605;20;000;000;80351240042;20072030;; ;N;N;100819567;PT;CRX1060;N;N
0000317274;0000317274;SISTEMA TP.RUBEN REUT.;09092020;F;450000;000;000;0000;0000;0000;SC;SIST;100;000;000;A;KELP MED;0000317274;20;000;000;81395830011;VIGENTE;; ;N;N;100889859;ME;KVR0232;N;N
0000300851;0000300851;SOLIQUA 100U/ML+0,033MG/ML SOL.INJ.1CARP.3ML+1CAN.APLIC;30062020;V;13906;18527;000;0000;0000;0000;CAR;ML;300;000;000;A;SANOFI MEDLEY;0000300851;50;000;000;1832603930047;31072022;7891058020965;-;N;N;90444582;  ;;N;N
0000300848;0000300848;SOLIQUA 100U/ML+0,05MG/ML SOL.INJ.1CARP.3ML+1CAN.APLIC.;30062020;V;13906;18527;000;0000;0000;0000;CAR;ML;300;000;000;A;SANOFI MEDLEY;0000300848;50;000;000;1832603930012;31072022;7891058020958;-;N;N;90444566;  ;;N;N
0000315339;0000315339;SOLUCAO ARGININA 2,5% LISINA 2,5% BOL.1LT;07072020;F;138000;000;000;0000;0000;0000;BOL;LT;100;000;000;A;LIFE;0000315339;20;000;000;ISENTO;;;#;S;N;;  ;;N;N
0000284045;0000284045;SOLUCAO ELETROL. ALTA VIGIL.SODIO 0,66% A 0,85% SODIO 113 A 145 MEQ/L BOL./1LT.;07072020;F;13700;000;000;0000;0000;0000;BOL;LT;100;000;000;A;LIFE;0000284045;20;000;000;ISENTO;;;#;S;N;;  ;;N;N
0000243277;0000243277;SOLUCAO ELETROL.CLOR.SODIO 0,61% SODIO 105 MEQ/L MAGNESIO 1,5 MEQ/L S/GLICOSE C/POTASSIO 5LTS;07072020;F;54600;000;000;0000;0000;0000;BOL;LTS;500;000;000;A;LIFE;0000243277;20;000;000;ISENTO;;;#;N;N;;  ;;N;N
0000243278;0000243278;SOLUCAO ELETROL.CLOR.SODIO 0,61% SODIO 105 MEQ/L MAGNESIO 1,5 MEQ/L S/GLICOSE/POTASSIO 5LTS;07072020;F;53800;000;000;0000;0000;0000;BOL;LTS;500;000;000;A;LIFE;0000243278;20;000;000;ISENTO;;;#;N;N;;  ;;N;N
0000243279;0000243279;SOLUCAO ELETROL.CLOR.SODIO 0,82% SODIO 140 MEQ/L MAGNESIO 1,5 MEQ/L CITRATO TRISSOD.0,5% 5LTS;07072020;F;73700;000;000;0000;0000;0000;BOL;LTS;500;000;000;A;LIFE;0000243279;20;000;000;ISENTO;;;#;S;N;;  ;;N;N
0000279807;0000279807;SOLUCAO ELETROL.NACL 0,61%/NA 105/K 2/CA 1,5/BIC.35/MG 0-1,8 MEQ/L/P 0-1,1MMOL/L BOL/5LTS;07072020;F;73500;000;000;0000;0000;0000;BOL;LT;100;000;000;A;LIFE;0000279807;20;000;000;ISENTO;;;#;S;N;;  ;;N;N
0000252718;0000252718;SOLUCAO ELETROL.REPOSITORA CALCIO 130MEQ/L P/PUSH BOLSA 70ML;07072020;F;20700;000;000;0000;0000;0000;BOL;ML;7000;000;000;A;LIFE;0000252718;20;000;000;ISENTO;;;#;S;N;;  ;;N;N
0000248907;0000248907;SOLUCAO ELETROL.REPOSITORA CALCIO 184MEQ/L P/DIALISE 500ML;07072020;F;37500;000;000;0000;0000;0000;BOL;ML;50000;000;000;A;LIFE;0000248907;20;000;000;ISENTO;;;#;N;N;;  ;;N;N
0000248908;0000248908;SOLUCAO ELETROL.REPOSITORA CALCIO 3,38% P/DIALISE 250ML;07072020;F;37200;000;000;0000;0000;0000;BOL;ML;25000;000;000;A;LIFE;0000248908;20;000;000;ISENTO;;;#;N;N;;  ;;N;N
0000243280;0000243280;SOLUCAO ELETROL.REPOSITORA CALCIO 92 MEQ/L P/DIALISE 1LT.;07072020;F;41000;000;000;0000;0000;0000;BOL;LTS;100;000;000;A;LIFE;0000243280;20;000;000;ISENTO;;;#;S;N;;  ;;N;N
0000256434;0000256434;SOLUCAO ELETROL.REPOSITORA SODIO MAGNESIO POTASSIO BOL.500ML;07072020;F;23300;000;000;0000;0000;0000;BOL;ML;50000;000;000;A;LIFE;0000256434;20;000;000;ISENTO;;;#;S;N;;  ;;N;N
0000256192;0000256192;SOLUCAO ELETROLITICA REPOSITORA CALCIO 0,51MEQ/ML P/DIALISE BOLSA 160ML;07072020;F;40700;000;000;0000;0000;0000;BOL;ML;16000;000;000;A;LIFE;0000256192;20;000;000;ISENTO;;;+;S;N;;  ;;N;N
0000315337;0000315337;SOLUCAO ELETROLITICA REPOSITORA CALCIO 680MMOL/L CS 50 CLB P/DIALISE BOL.50ML;07072020;F;41900;000;000;0000;0000;0000;BOL;ML;5000;000;000;A;LIFE;0000315337;20;000;000;ISENTO;;;#;S;N;;  ;;N;N
0000315336;0000315336;SOLUCAO ELETROLITICA REPOSITORA CALCIO 680MMOL/L CS 50 P/DIALISE BOL.50ML;07072020;F;39800;000;000;0000;0000;0000;BOL;ML;5000;000;000;A;LIFE;0000315336;20;000;000;ISENTO;;;#;S;N;;  ;;N;N
0000284303;0000284303;SOLUCAO ENEMA GLICERINA 120MG/ML SOL.RET.24FR 500ML;07072020;F;8496;000;000;3540;0000;0000;CX;FR;2400;000;000;A;SANOBIOL;0000284303;50;000;000;1013900230026;30112027;7898153650097;-;S;S;90311892;  ;;N;N
0000284302;0000284302;SOLUCAO ENEMA GLICERINA 120MG/ML SOL.RET.40FR 250ML;07072020;F;7081;000;000;1770;0000;0000;CX;FR;4000;000;000;A;SANOBIOL;0000284302;50;000;000;1013900230018;30112027;7898153650080;-;S;S;90311884;  ;;N;N
0000315341;0000315341;SOLUCAO ENEMA GLICERINA 120MG/ML SOL.RET.40FR 250ML+40APLIC.;07072020;F;7081;000;000;1770;0000;0000;CX;FR;4000;000;000;A;SANOBIOL;0000315341;50;000;000;1013900230034;30112027;7898153653265;-;S;S;90471687;  ;;N;N
0000321117;0000321117;SOLUCAO FISIOLOGICA 9G/L SOL.INJ.IV 20FR SIST.FECH.500ML;12032021;F;10822;000;000;5411;0000;0000;CX;FR;2000;000;000;I;CRISTALIA;0000321117;50;000;000;1029805400080;31072028;7896676436600;+;S;S;;  ;;N;N
0000321116;0000321116;SOLUCAO FISIOLOGICA 9G/L SOL.INJ.IV 40FR SIST.FECH.250ML;12032021;F;18028;000;000;4507;0000;0000;CX;FR;4000;000;000;I;CRISTALIA;0000321116;50;000;000;1029805400072;31072028;7896676436594;+;S;S;;  ;;N;N
0000321115;0000321115;SOLUCAO FISIOLOGICA 9G/L SOL.INJ.IV 80BOL.SIST.FECH.100ML;12032021;F;46968;000;000;5871;0000;0000;CX;BOL;8000;000;000;I;CRISTALIA;0000321115;50;000;000;1029805400013;31072028;7896676436624;+;S;S;;  ;;N;N
0000321118;0000321118;SOLUCAO MANITOL 20% 200MG/ML SOL.INJ.IV 40FR SIST.FECH.250ML;12032021;F;41112;000;000;10278;0000;0000;CX;FR;4000;000;000;I;CRISTALIA;0000321118;50;000;000;1029805340037;30042027;7896676436495;+;S;S;90499433;  ;;N;N
0000318036;0000318036;SOLUCAO OFTALMOLOGICA AZUL PLUS BRILHANTE P/RETINA 1ML 5UNID.;07102020;F;70000;000;000;140000;0000;0000;FR;UN;500;000;000;A;VISION LINE;0000318036;20;000;000;80420209005;VIGENTE;; ;N;S;100887112;MC;OCUBLUE;N;N
0000318037;0000318037;SOLUCAO OFTALMOLOGICO AZUL TRIPANO 1ML 5UNID.;07102020;F;27000;000;000;54000;0000;0000;FR;UN;500;000;000;A;VISION LINE;0000318037;20;000;000;80420209006;VIGENTE;; ;N;S;100887120;MC;AUROBLUE;N;N
0000315338;0000315338;SOLUCAO P/REPOSICAO BICARBONATO 140 MEQ/L POTASSIO 0-4 MEQ/L BOL.3LTS;07072020;F;51600;000;000;0000;0000;0000;BOL;LTS;300;000;000;A;LIFE;0000315338;20;000;000;ISENTO;;;#;S;N;;  ;;N;N
0000313377;0000313377;SOLUCAO P/USO OFTALMOLOGICO ETACOAT 2,4% SER.2,3ML;01092020;F;12000;000;000;0000;0000;0000;CX;UN;100;000;000;A;ADAPT;0000313377;20;000;000;81110980009;02122029;; ;N;N;100889085;MC;;N;N
0000274938;0000274938;SOMALGIN CARDIO 100+30+15MG 60CPDS REV.;07072020;V;2853;3801;000;0476;0634;0000;CX;CPDS;6000;000;000;A;SIGMA PHARMA;0000274938;50;000;000;1356906470341;28022023;7894916512022;-;N;S;90343441;  ;;N;N
0000309378;0000309378;SOMALGIN CARDIO 81+24,3+12,15MG 60CPDS REV.DUPLA;07072020;V;1843;2455;000;0307;0409;0000;CX;CPDS;6000;000;000;A;SIGMA PHARMA;0000309378;50;000;000;1356906470315;28022023;7894916512107;-;N;S;90434110;  ;;N;N
0000317540;0000317540;SONDA ALIMENTACAO P/GASTROSTOMIA ENFIT KANGAROO 12FR BALAO 5ML;17092020;F;145200;000;000;0000;0000;0000;CX;UN;100;000;000;A;CARDINAL HEALTH MS;0000317540;20;000;000;81356112373;VIGENTE;; ;N;N;100889662;ME;8884715122E;N;N
0000317541;0000317541;SONDA ALIMENTACAO P/GASTROSTOMIA ENFIT KANGAROO 14FR BALAO 5ML;17092020;F;145200;000;000;0000;0000;0000;CX;UN;100;000;000;A;CARDINAL HEALTH MS;0000317541;20;000;000;81356112373;VIGENTE;; ;N;N;100889662;ME;8884715148E;N;N
0000317542;0000317542;SONDA ALIMENTACAO P/GASTROSTOMIA ENFIT KANGAROO 16FR BALAO 20ML;17092020;F;145200;000;000;0000;0000;0000;CX;UN;100;000;000;A;CARDINAL HEALTH MS;0000317542;20;000;000;81356112373;VIGENTE;; ;N;N;100889662;ME;8884720163E;N;N
0000317543;0000317543;SONDA ALIMENTACAO P/GASTROSTOMIA ENFIT KANGAROO 18FR BALAO 20ML;17092020;F;145200;000;000;0000;0000;0000;CX;UN;100;000;000;A;CARDINAL HEALTH MS;0000317543;20;000;000;81356112373;VIGENTE;; ;N;N;100889662;ME;8884720189E;N;N
0000317544;0000317544;SONDA ALIMENTACAO P/GASTROSTOMIA ENFIT KANGAROO 20FR BALAO 20ML;17092020;F;145200;000;000;0000;0000;0000;CX;UN;100;000;000;A;CARDINAL HEALTH MS;0000317544;20;000;000;81356112373;VIGENTE;; ;N;N;100889662;ME;8884720205E;N;N
0000317545;0000317545;SONDA ALIMENTACAO P/GASTROSTOMIA ENFIT KANGAROO 22FR BALAO 20ML;17092020;F;145200;000;000;0000;0000;0000;CX;UN;100;000;000;A;CARDINAL HEALTH MS;0000317545;20;000;000;81356112373;VIGENTE;; ;N;N;100889662;ME;8884720221E;N;N
0000317546;0000317546;SONDA ALIMENTACAO P/GASTROSTOMIA ENFIT KANGAROO 24FR BALAO 20ML;17092020;F;145200;000;000;0000;0000;0000;CX;UN;100;000;000;A;CARDINAL HEALTH MS;0000317546;20;000;000;81356112373;VIGENTE;; ;N;N;100889662;ME;8884720247E;N;N
0000319187;0000319187;SONDA ASPIRACAO SIST.FECHADO 06FR 72HRS.BECARE;20112020;F;90655;000;000;0000;0000;0000;BL;UN;100;000;000;A;BECARE;0000319187;20;000;000;80808480058;VIGENTE;; ;N;N;100904726;MC;;N;N
0000319188;0000319188;SONDA ASPIRACAO SIST.FECHADO 08FR 72HRS.BECARE;20112020;F;90655;000;000;0000;0000;0000;BL;UN;100;000;000;A;BECARE;0000319188;20;000;000;80808480058;VIGENTE;; ;N;N;100904726;MC;;N;N
0000319189;0000319189;SONDA ASPIRACAO SIST.FECHADO 10FR C/MDI 72HRS.BECARE;20112020;F;90655;000;000;0000;0000;0000;BL;UN;100;000;000;A;BECARE;0000319189;20;000;000;80808480058;VIGENTE;; ;N;N;100904726;MC;;N;N
0000319190;0000319190;SONDA ASPIRACAO SIST.FECHADO 12FR C/MDI 72HRS.BECARE;20112020;F;90655;000;000;0000;0000;0000;BL;UN;100;000;000;A;BECARE;0000319190;20;000;000;80808480058;VIGENTE;; ;N;N;100904726;MC;;N;N
0000319191;0000319191;SONDA ASPIRACAO SIST.FECHADO 14FR C/MDI 72HRS.BECARE;20112020;F;90655;000;000;0000;0000;0000;BL;UN;100;000;000;A;BECARE;0000319191;20;000;000;80808480058;VIGENTE;; ;N;N;100904726;MC;;N;N
0000319192;0000319192;SONDA ASPIRACAO SIST.FECHADO 16FR C/MDI 72HRS.BECARE;20112020;F;90655;000;000;0000;0000;0000;BL;UN;100;000;000;A;BECARE;0000319192;20;000;000;80808480058;VIGENTE;; ;N;N;100904726;MC;;N;N
0000319485;0000319485;SONDA ASPIRACAO SIST.FECHADO C/GRADUACAO 08FRX60CM;01122020;F;76513;000;000;0000;0000;0000;PGC;UN;100;000;000;A;ALKO;0000319485;20;000;000;80137019002;VIGENTE;; ;N;N;100913903;MC;02023008;N;N
0000319486;0000319486;SONDA ASPIRACAO SIST.FECHADO C/GRADUACAO 10FRX60CM;01122020;F;76513;000;000;0000;0000;0000;PGC;UN;100;000;000;A;ALKO;0000319486;20;000;000;80137019002;VIGENTE;; ;N;N;100913903;MC;02023010;N;N
0000319487;0000319487;SONDA ASPIRACAO SIST.FECHADO C/GRADUACAO 12FRX60CM 957;01122020;F;76513;000;000;0000;0000;0000;PGC;UN;100;000;000;A;ALKO;0000319487;20;000;000;80137019002;VIGENTE;; ;N;N;100913903;MC;02023012;N;N
0000319488;0000319488;SONDA ASPIRACAO SIST.FECHADO C/GRADUACAO 14FRX60CM 958;01122020;F;76513;000;000;0000;0000;0000;PGC;UN;100;000;000;A;ALKO;0000319488;20;000;000;80137019002;VIGENTE;; ;N;N;100913903;MC;02023014;N;N
0000319489;0000319489;SONDA ASPIRACAO SIST.FECHADO C/GRADUACAO 16FRX60CM 959;01122020;F;76513;000;000;0000;0000;0000;PGC;UN;100;000;000;A;ALKO;0000319489;20;000;000;80137019002;VIGENTE;; ;N;N;100913903;MC;02023016;N;N
0000319490;0000319490;SONDA ASPIRACAO SIST.FECHADO C/GRADUACAO 18FRX60CM;01122020;F;76513;000;000;0000;0000;0000;PGC;UN;100;000;000;A;ALKO;0000319490;20;000;000;80137019002;VIGENTE;; ;N;N;100913903;MC;02023018;N;N
0000321109;0000321109;SONDA ESOFAGEAL FAUCHER FOYOMED 32FR;10032021;F;13000;000;000;0000;0000;0000;PGC;UN;100;000;000;I;CIRURGICA FERNANDES;0000321109;20;000;000;10150470622;VIGENTE;; ;N;N;79411649;MC;LB651032L;N;N
0000321110;0000321110;SONDA ESOFAGEAL FAUCHER FOYOMED 36FR;10032021;F;13000;000;000;0000;0000;0000;PGC;UN;100;000;000;I;CIRURGICA FERNANDES;0000321110;20;000;000;10150470622;VIGENTE;; ;N;N;79411649;MC;LB651036L;N;N
0000317538;0000317538;SONDA P/ALIMENTACAO ENTERAL 10FRX109CM ENTRI ENFIT;17092020;F;56979;000;000;0000;0000;0000;CX;UN;100;000;000;A;CARDINAL HEALTH MS;0000317538;20;000;000;81356112386;VIGENTE;; ;N;N;100906745;MC;8884721088E;N;N
0000317539;0000317539;SONDA P/ALIMENTACAO ENTERAL 12FRX109CM ENTRI ENFIT;17092020;F;56979;000;000;0000;0000;0000;CX;UN;100;000;000;A;CARDINAL HEALTH MS;0000317539;20;000;000;81356112386;VIGENTE;; ;N;N;100906745;MC;8884721252E;N;N
0000317537;0000317537;SONDA P/ALIMENTACAO ENTERAL 8FRX109CM ENTRI ENFIT;17092020;F;56979;000;000;0000;0000;0000;CX;UN;100;000;000;A;CARDINAL HEALTH MS;0000317537;20;000;000;81356112386;VIGENTE;; ;N;N;100906745;MC;8884720858E;N;N
0000102297;0000102297;SONRIDOR 500MG 1STR 2CPDS EFERV.;02032021;V;331;441;000;1655;2205;0000;BL;CPDS;200;000;000;A;GLAXOSMITH;0000102297;50;000;000;1010701690189;31052023;7896015516017;-;N;S;;  ;;N;N
0000102298;0000102298;SONRIDOR CAF 500+65MG 2CPDS EFERV.;02032021;V;383;511;000;1915;2555;0000;BL;CPDS;200;000;000;A;GLAXOSMITH;0000102298;50;000;000;1010702200010;31052024;7896015517090;-;N;S;;  ;;N;N
0000151413;0000151413;SONRIDOR CAF 500+65MG 4CPDS EFERV.;02032021;V;605;806;000;1513;2015;0000;BL;CPDS;400;000;000;A;GLAXOSMITH;0000151413;50;000;000;1010702200029;31052024;7896015517083;-;N;S;90090020;  ;;N;N
0000320819;0000320819;SONRISAL 325+1854+1413+400MG 2CPDS EFERV.(LIMAO);02032021;V;152;202;000;0760;1010;0000;ENV;CPDS;200;000;000;A;GLAXOSMITH;0000320819;50;000;000;1010701410143;30092025;7896090604517;-;N;S;;  ;;N;N
0000257175;0000257175;SOTAHEXAL 160MG 30CPDS;30062020;V;6409;8860;000;2136;2953;0000;CX;CPDS;3000;000;000;A;SANDOZ;0000257175;50;000;000;1004702840139;28022021;7897595620514;+;N;S;90310390;  ;;N;N
0000308617;0000308617;SOTAHEXAL 160MG PVC/PE/PVDC  20CPDS;30062020;V;4016;5552;000;2008;2776;0000;CX;CPDS;2000;000;000;A;SANDOZ;0000308617;50;000;000;1004702840120;28022021;7897595620651;+;N;S;90295056;  ;;N;N
0000289654;0000289654;SOYPLEX 300G SABOR BANANA;29042020;F;6000;000;000;0000;0000;0000;LT;GRS;30000;000;000;A;VITAFOR;0000289654;50;000;000;ISENTO;;7898919865611; ;N;N;;  ;;N;S
0000289653;0000289653;SOYPLEX 300G SABOR BAUNILHA;29042020;F;6000;000;000;0000;0000;0000;LT;GRS;30000;000;000;A;VITAFOR;0000289653;50;000;000;ISENTO;;7898949730590; ;N;N;;  ;;N;S
0000289655;0000289655;SOYPLEX 300G SABOR CHOCOLATE;29042020;F;6000;000;000;0000;0000;0000;LT;GRS;30000;000;000;A;VITAFOR;0000289655;50;000;000;ISENTO;;7898919865628; ;N;N;;  ;;N;S
0000289656;0000289656;SOYPLEX 300G SABOR MORANGO;29042020;F;6000;000;000;0000;0000;0000;LT;GRS;30000;000;000;A;VITAFOR;0000289656;50;000;000;ISENTO;;7898919865598; ;N;N;;  ;;N;S
0000301910;0000301910;SOYPLEX 300G SABOR NATURAL;29042020;F;4700;000;000;0000;0000;0000;LT;GRS;30000;000;000;A;VITAFOR;0000301910;50;000;000;ISENTO;;7898919865291; ;N;N;;  ;;N;S
0000315448;0000315448;SPIDUFEN 1155MG 2ENV.3G DAMASCO;07072020;V;570;788;000;2850;3940;0000;CX;ENV;200;000;000;A;ZAMBON;0000315448;50;000;000;1008401480144;31082026;7898074615786;+;N;S;90387287;  ;;N;N
0000315449;0000315449;SPIDUFEN 770MG 10ENV.3G DAMASCO;07072020;V;1979;2637;000;1979;2637;0000;CX;ENV;1000;000;000;A;ZAMBON;0000315449;50;000;000;1008401480179;31082026;7898074617780;-;N;S;90485459;  ;;N;N
0000313032;0000313032;STENT BILIAR DREN.PSEUDOCISTO NAGI;04022020;F;2200000;000;000;0000;0000;0000;CX;UN;100;000;000;A;PROSURGERY;0000313032;20;000;000;81040530072;27012030;; ;N;N;100373577;OT;;N;N
0000314134;0000314134;STENT BILIAR ENDOSCOPICO NITI-S BUMPY;08042020;F;2400000;000;000;0000;0000;0000;CX;UN;100;000;000;A;PROSURGERY;0000314134;20;000;000;81040530076;09032030;; ;N;N;100446175;OT;;N;N
0000320648;0000320648;STENT BILIAR ENDOSCOPICO PARCIALMENTE REVEST.NITI-S;17022021;F;1800000;000;000;0000;0000;0000;   ;UN;100;000;000;A;PROSURGERY;0000320648;20;000;000;81040530080;22062030;; ;N;N;100587119;ME;;N;N
0000320649;0000320649;STENT BILIAR GIOBOR PARCIALMENTE REVEST.NITI-S;17022021;F;2200000;000;000;0000;0000;0000;   ;UN;100;000;000;A;PROSURGERY;0000320649;20;000;000;81040530080;22062030;; ;N;N;100587119;ME;;N;N
0000320651;0000320651;STENT BILIAR KAFFES REVEST.NITI-S;17022021;F;2200000;000;000;0000;0000;0000;   ;UN;100;000;000;A;PROSURGERY;0000320651;20;000;000;81040530072;27012030;; ;N;N;100373577;ME;;N;N
0000319667;0000319667;STENT BILIAR METALICO C/REVEST.SILICONE 10X10X2,8MMX180CM;10122020;F;1350000;000;000;0000;0000;0000;ENV;UN;100;000;000;A;PROMEDON SAO PAULO;0000319667;20;000;800;10306840177;06042030;; ;N;N;100570852;ME;NST03-004-10.100;N;N
0000319664;0000319664;STENT BILIAR METALICO C/REVEST.SILICONE 10X4X2,8MMX180CM;10122020;F;1350000;000;000;0000;0000;0000;ENV;UN;100;000;000;A;PROMEDON SAO PAULO;0000319664;20;000;800;10306840177;06042030;; ;N;N;100570410;ME;NST03-004-10.040;N;N
0000319665;0000319665;STENT BILIAR METALICO C/REVEST.SILICONE 10X6X2,8MMX180CM;10122020;F;1350000;000;000;0000;0000;0000;ENV;UN;100;000;000;A;PROMEDON SAO PAULO;0000319665;20;000;800;10306840177;06042030;; ;N;N;100569943;ME;NST03-004-10.060;N;N
0000319666;0000319666;STENT BILIAR METALICO C/REVEST.SILICONE 10X8X2,8MMX180CM;10122020;F;1350000;000;000;0000;0000;0000;ENV;UN;100;000;000;A;PROMEDON SAO PAULO;0000319666;20;000;800;10306840177;06042030;; ;N;N;100571093;ME;NST03-004-10.080;N;N
0000319663;0000319663;STENT BILIAR METALICO C/REVEST.SILICONE 8X10X2,8MMX180CM;10122020;F;1350000;000;000;0000;0000;0000;ENV;UN;100;000;000;A;PROMEDON SAO PAULO;0000319663;20;000;800;10306840177;06042030;; ;N;N;100571468;ME;NST03-004-08.100;N;N
0000319661;0000319661;STENT BILIAR METALICO C/REVEST.SILICONE 8X6X2,8MMX180CM;10122020;F;1350000;000;000;0000;0000;0000;ENV;UN;100;000;000;A;PROMEDON SAO PAULO;0000319661;20;000;800;10306840177;06042030;; ;N;N;100570976;ME;NST03-004-08.060;N;N
0000319662;0000319662;STENT BILIAR METALICO C/REVEST.SILICONE 8X8X2,8MMX180CM;10122020;F;1350000;000;000;0000;0000;0000;ENV;UN;100;000;000;A;PROMEDON SAO PAULO;0000319662;20;000;800;10306840177;06042030;; ;N;N;100571506;ME;NST03-004-08.080;N;N
0000319678;0000319678;STENT BILIAR METALICO CD PARC.REVEST.C/SILICONE 10X10X2,8MMX180CM;10122020;F;1350000;000;000;0000;0000;0000;ENV;UN;100;000;000;A;PROMEDON SAO PAULO;0000319678;20;000;800;10306840177;06042030;; ;N;N;100571565;ME;NST03-112-10.100;N;N
0000319672;0000319672;STENT BILIAR METALICO CD PARC.REVEST.C/SILICONE 10X4X2,8MMX180CM;10122020;F;1350000;000;000;0000;0000;0000;ENV;UN;100;000;000;A;PROMEDON SAO PAULO;0000319672;20;000;800;10306840177;06042030;; ;N;N;100569994;ME;NST03-112-10.040;N;N
0000319674;0000319674;STENT BILIAR METALICO CD PARC.REVEST.C/SILICONE 10X6X2,8MMX180CM;10122020;F;1350000;000;000;0000;0000;0000;ENV;UN;100;000;000;A;PROMEDON SAO PAULO;0000319674;20;000;800;10306840177;06042030;; ;N;N;100570674;ME;NST03-112-10.060;N;N
0000319676;0000319676;STENT BILIAR METALICO CD PARC.REVEST.C/SILICONE 10X8X2,8MMX180CM;10122020;F;1350000;000;000;0000;0000;0000;ENV;UN;100;000;000;A;PROMEDON SAO PAULO;0000319676;20;000;800;10306840177;06042030;; ;N;N;100570054;ME;NST03-112-10.080;N;N
0000319683;0000319683;STENT BILIAR METALICO CD REVEST.C/SILICONE 10X10X2,8MMX180CM;10122020;F;1350000;000;000;0000;0000;0000;ENV;UN;100;000;000;A;PROMEDON SAO PAULO;0000319683;20;000;800;10306840177;06042030;; ;N;N;100571433;ME;NST03-114-10.100;N;N
0000319679;0000319679;STENT BILIAR METALICO CD REVEST.C/SILICONE 10X4X2,8MMX180CM;10122020;F;1350000;000;000;0000;0000;0000;ENV;UN;100;000;000;A;PROMEDON SAO PAULO;0000319679;20;000;800;10306840177;06042030;; ;N;N;100571425;ME;NST03-114-10.040;N;N
0000319680;0000319680;STENT BILIAR METALICO CD REVEST.C/SILICONE 10X6X2,8MMX180CM;10122020;F;1350000;000;000;0000;0000;0000;ENV;UN;100;000;000;A;PROMEDON SAO PAULO;0000319680;20;000;800;10306840177;06042030;; ;N;N;100571158;ME;NST03-114-10.060;N;N
0000319681;0000319681;STENT BILIAR METALICO CD REVEST.C/SILICONE 10X8X2,8MMX180CM;10122020;F;1350000;000;000;0000;0000;0000;ENV;UN;100;000;000;A;PROMEDON SAO PAULO;0000319681;20;000;800;10306840177;06042030;; ;N;N;100570097;ME;NST03-114-10.080;N;N
0000319671;0000319671;STENT BILIAR METALICO CD S/REVEST.10X10X2,5MMX180CM;10122020;F;1350000;000;000;0000;0000;0000;ENV;UN;100;000;000;A;PROMEDON SAO PAULO;0000319671;20;000;800;10306840176;06042030;; ;N;N;100568556;ME;NST03-111-10.100;N;N
0000319668;0000319668;STENT BILIAR METALICO CD S/REVEST.10X4X2,5MMX180CM;10122020;F;1350000;000;000;0000;0000;0000;ENV;UN;100;000;000;A;PROMEDON SAO PAULO;0000319668;20;000;800;10306840176;06042030;; ;N;N;100568734;ME;NST03-111-10.040;N;N
0000319669;0000319669;STENT BILIAR METALICO CD S/REVEST.10X6X2,5MMX180CM;10122020;F;1350000;000;000;0000;0000;0000;ENV;UN;100;000;000;A;PROMEDON SAO PAULO;0000319669;20;000;800;10306840176;06042030;; ;N;N;100569285;ME;NST03-111-10.060;N;N
0000319660;0000319660;STENT BILIAR METALICO PARC.REVEST.C/SILICONE 10X10X2,8MMX180CM;10122020;F;1350000;000;000;0000;0000;0000;ENV;UN;100;000;000;A;PROMEDON SAO PAULO;0000319660;20;000;800;10306840177;06042030;; ;N;N;100571140;ME;NST03-002-10.100;N;N
0000319657;0000319657;STENT BILIAR METALICO PARC.REVEST.C/SILICONE 10X4X2,8MMX180CM;10122020;F;1350000;000;000;0000;0000;0000;ENV;UN;100;000;000;A;PROMEDON SAO PAULO;0000319657;20;000;800;10306840177;06042030;; ;N;N;100570895;ME;NST03-002-10.040;N;N
0000319658;0000319658;STENT BILIAR METALICO PARC.REVEST.C/SILICONE 10X6X2,8MMX180CM;10122020;F;1350000;000;000;0000;0000;0000;ENV;UN;100;000;000;A;PROMEDON SAO PAULO;0000319658;20;000;800;10306840177;06042030;; ;N;N;100570801;ME;NST03-002-10.060;N;N
0000319659;0000319659;STENT BILIAR METALICO PARC.REVEST.C/SILICONE 10X8X2,8MMX180CM;10122020;F;1350000;000;000;0000;0000;0000;ENV;UN;100;000;000;A;PROMEDON SAO PAULO;0000319659;20;000;800;10306840177;06042030;; ;N;N;100570496;ME;NST03-002-10.080;N;N
0000319655;0000319655;STENT BILIAR METALICO PARC.REVEST.C/SILICONE 8X6X2,8MMX180CM;10122020;F;1350000;000;000;0000;0000;0000;ENV;UN;100;000;000;A;PROMEDON SAO PAULO;0000319655;20;000;800;10306840177;06042030;; ;N;N;100571182;ME;NST03-002-08.060;N;N
0000319656;0000319656;STENT BILIAR METALICO PARC.REVEST.C/SILICONE 8X8X2,8MMX180CM;10122020;F;1350000;000;000;0000;0000;0000;ENV;UN;100;000;000;A;PROMEDON SAO PAULO;0000319656;20;000;800;10306840177;06042030;; ;N;N;100571611;ME;NST03-002-08.080;N;N
0000319653;0000319653;STENT BILIAR METALICO S/REVEST.10X10X2,5MMX180CM;10122020;F;1350000;000;000;0000;0000;0000;ENV;UN;100;000;000;A;PROMEDON SAO PAULO;0000319653;20;000;800;10306840176;06042030;; ;N;N;100569358;ME;NST03-001-10.100;N;N
0000319650;0000319650;STENT BILIAR METALICO S/REVEST.10X4X2,5MMX180CM;10122020;F;1350000;000;000;0000;0000;0000;ENV;UN;100;000;000;A;PROMEDON SAO PAULO;0000319650;20;000;800;10306840176;06042030;; ;N;N;100569587;ME;NST03-001-10.040;N;N
0000319651;0000319651;STENT BILIAR METALICO S/REVEST.10X6X2,5MMX180CM;10122020;F;1350000;000;000;0000;0000;0000;ENV;UN;100;000;000;A;PROMEDON SAO PAULO;0000319651;20;000;800;10306840176;06042030;; ;N;N;100568696;ME;NST03-001-10.060;N;N
0000319652;0000319652;STENT BILIAR METALICO S/REVEST.10X8X2,5MMX180CM;10122020;F;1350000;000;000;0000;0000;0000;ENV;UN;100;000;000;A;PROMEDON SAO PAULO;0000319652;20;000;800;10306840176;06042030;; ;N;N;100569161;ME;NST03-001-10.080;N;N
0000319649;0000319649;STENT BILIAR METALICO S/REVEST.8X10X2,5MMX180CM;10122020;F;1350000;000;000;0000;0000;0000;ENV;UN;100;000;000;A;PROMEDON SAO PAULO;0000319649;20;000;800;10306840176;06042030;; ;N;N;100568670;ME;NST03-001-08.100;N;N
0000319646;0000319646;STENT BILIAR METALICO S/REVEST.8X4X2,5MMX180CM;10122020;F;1350000;000;000;0000;0000;0000;ENV;UN;100;000;000;A;PROMEDON SAO PAULO;0000319646;20;000;800;10306840176;06042030;; ;N;N;100568866;ME;NST03-001-08.040;N;N
0000319647;0000319647;STENT BILIAR METALICO S/REVEST.8X6X2,5MMX180CM;10122020;F;1350000;000;000;0000;0000;0000;ENV;UN;100;000;000;A;PROMEDON SAO PAULO;0000319647;20;000;800;10306840176;06042030;; ;N;N;100569293;ME;NST03-001-08.060;N;N
0000319648;0000319648;STENT BILIAR METALICO S/REVEST.8X8X2,5MMX180CM;10122020;F;1350000;000;000;0000;0000;0000;ENV;UN;100;000;000;A;PROMEDON SAO PAULO;0000319648;20;000;800;10306840176;06042030;; ;N;N;100569315;ME;NST03-001-08.080;N;N
0000313030;0000313030;STENT BILIAR S COBERTA;04022020;F;1800000;000;000;0000;0000;0000;CX;UN;100;000;000;A;PROSURGERY;0000313030;20;000;000;81040530072;27012030;; ;N;N;100373577;OT;;N;N
0000313031;0000313031;STENT BILIAR S FLARE COBERTA;04022020;F;2200000;000;000;0000;0000;0000;CX;UN;100;000;000;A;PROSURGERY;0000313031;20;000;000;81040530072;27012030;; ;N;N;100373577;OT;;N;N
0000294507;0000294507;STENT CORONARIO MGUARD PRIME 2,5X13MM;03012018;F;1050000;000;000;0000;0000;0000;CX;UN;100;000;000;A;FORMEDICS;0000294507;20;000;000;80279421064;20042025;; ;N;N;100099270;OT;MGP2513;N;N
0000294508;0000294508;STENT CORONARIO MGUARD PRIME 2,5X18MM;03012018;F;1050000;000;000;0000;0000;0000;CX;UN;100;000;000;A;FORMEDICS;0000294508;20;000;000;80279421064;20042025;; ;N;N;100099360;OT;MGP2518;N;N
0000294509;0000294509;STENT CORONARIO MGUARD PRIME 2,5X23MM;03012018;F;1050000;000;000;0000;0000;0000;CX;UN;100;000;000;A;FORMEDICS;0000294509;20;000;000;80279421064;20042025;; ;N;N;100099319;OT;MGP2523;N;N
0000294510;0000294510;STENT CORONARIO MGUARD PRIME 2,5X28MM;03012018;F;1050000;000;000;0000;0000;0000;CX;UN;100;000;000;A;FORMEDICS;0000294510;20;000;000;80279421064;20042025;; ;N;N;100099610;OT;MGP2528;N;N
0000294511;0000294511;STENT CORONARIO MGUARD PRIME 2,75X13MM;03012018;F;1050000;000;000;0000;0000;0000;CX;UN;100;000;000;A;FORMEDICS;0000294511;20;000;000;80279421064;20042025;; ;N;N;100099220;OT;MGP2713;N;N
0000294512;0000294512;STENT CORONARIO MGUARD PRIME 2,75X18MM;03012018;F;1050000;000;000;0000;0000;0000;CX;UN;100;000;000;A;FORMEDICS;0000294512;20;000;000;80279421064;20042025;; ;N;N;100099556;OT;MGP2718;N;N
0000294513;0000294513;STENT CORONARIO MGUARD PRIME 2,75X23MM;03012018;F;1050000;000;000;0000;0000;0000;CX;UN;100;000;000;A;FORMEDICS;0000294513;20;000;000;80279421064;20042025;; ;N;N;100099289;OT;MGP2723;N;N
0000294514;0000294514;STENT CORONARIO MGUARD PRIME 2,75X28MM;03012018;F;1050000;000;000;0000;0000;0000;CX;UN;100;000;000;A;FORMEDICS;0000294514;20;000;000;80279421064;20042025;; ;N;N;100099432;OT;MGP2728;N;N
0000294515;0000294515;STENT CORONARIO MGUARD PRIME 2,75X33MM;03012018;F;1050000;000;000;0000;0000;0000;CX;UN;100;000;000;A;FORMEDICS;0000294515;20;000;000;80279421064;20042025;; ;N;N;100099297;OT;MGP2733;N;N
0000294516;0000294516;STENT CORONARIO MGUARD PRIME 3,0X13MM;03012018;F;1050000;000;000;0000;0000;0000;CX;UN;100;000;000;A;FORMEDICS;0000294516;20;000;000;80279421064;20042025;; ;N;N;100099467;OT;MGP3013;N;N
0000294517;0000294517;STENT CORONARIO MGUARD PRIME 3,0X18MM;03012018;F;1050000;000;000;0000;0000;0000;CX;UN;100;000;000;A;FORMEDICS;0000294517;20;000;000;80279421064;20042025;; ;N;N;100099327;OT;MGP3018;N;N
0000294518;0000294518;STENT CORONARIO MGUARD PRIME 3,0X23MM;03012018;F;1050000;000;000;0000;0000;0000;CX;UN;100;000;000;A;FORMEDICS;0000294518;20;000;000;80279421064;20042025;; ;N;N;100099483;OT;MGP3023;N;N
0000294519;0000294519;STENT CORONARIO MGUARD PRIME 3,0X28MM;03012018;F;1050000;000;000;0000;0000;0000;CX;UN;100;000;000;A;FORMEDICS;0000294519;20;000;000;80279421064;20042025;; ;N;N;100099491;OT;MGP3028;N;N
0000294520;0000294520;STENT CORONARIO MGUARD PRIME 3,0X33MM;03012018;F;1050000;000;000;0000;0000;0000;CX;UN;100;000;000;A;FORMEDICS;0000294520;20;000;000;80279421064;20042025;; ;N;N;100099351;OT;MGP3033;N;N
0000294521;0000294521;STENT CORONARIO MGUARD PRIME 3,0X38MM;03012018;F;1050000;000;000;0000;0000;0000;CX;UN;100;000;000;A;FORMEDICS;0000294521;20;000;000;80279421064;20042025;; ;N;N;100099335;OT;MGP3038;N;N
0000294522;0000294522;STENT CORONARIO MGUARD PRIME 3,5X13MM;03012018;F;1050000;000;000;0000;0000;0000;CX;UN;100;000;000;A;FORMEDICS;0000294522;20;000;000;80279421064;20042025;; ;N;N;100099386;OT;MGP3513;N;N
0000294523;0000294523;STENT CORONARIO MGUARD PRIME 3,5X18MM;03012018;F;1050000;000;000;0000;0000;0000;CX;UN;100;000;000;A;FORMEDICS;0000294523;20;000;000;80279421064;20042025;; ;N;N;100099394;OT;MGP3518;N;N
0000294524;0000294524;STENT CORONARIO MGUARD PRIME 3,5X23MM;03012018;F;1050000;000;000;0000;0000;0000;CX;UN;100;000;000;A;FORMEDICS;0000294524;20;000;000;80279421064;20042025;; ;N;N;100099203;OT;MGP3523;N;N
0000294525;0000294525;STENT CORONARIO MGUARD PRIME 3,5X28MM;03012018;F;1050000;000;000;0000;0000;0000;CX;UN;100;000;000;A;FORMEDICS;0000294525;20;000;000;80279421064;20042025;; ;N;N;100099416;OT;MGP3528;N;N
0000294526;0000294526;STENT CORONARIO MGUARD PRIME 3,5X33MM;03012018;F;1050000;000;000;0000;0000;0000;CX;UN;100;000;000;A;FORMEDICS;0000294526;20;000;000;80279421064;20042025;; ;N;N;100099300;OT;MGP3533;N;N
0000294527;0000294527;STENT CORONARIO MGUARD PRIME 3,5X38MM;03012018;F;1050000;000;000;0000;0000;0000;CX;UN;100;000;000;A;FORMEDICS;0000294527;20;000;000;80279421064;20042025;; ;N;N;100099262;OT;MGP3538;N;N
0000294528;0000294528;STENT CORONARIO MGUARD PRIME 4,0X13MM;03012018;F;1050000;000;000;0000;0000;0000;CX;UN;100;000;000;A;FORMEDICS;0000294528;20;000;000;80279421064;20042025;; ;N;N;100099505;OT;MGP4013;N;N
0000294529;0000294529;STENT CORONARIO MGUARD PRIME 4,0X18MM;03012018;F;1050000;000;000;0000;0000;0000;CX;UN;100;000;000;A;FORMEDICS;0000294529;20;000;000;80279421064;20042025;; ;N;N;100099548;OT;MGP4018;N;N
0000294530;0000294530;STENT CORONARIO MGUARD PRIME 4,0X23MM;03012018;F;1050000;000;000;0000;0000;0000;CX;UN;100;000;000;A;FORMEDICS;0000294530;20;000;000;80279421064;20042025;; ;N;N;100099246;OT;MGP4023;N;N
0000294531;0000294531;STENT CORONARIO MGUARD PRIME 4,0X28MM;03012018;F;1050000;000;000;0000;0000;0000;CX;UN;100;000;000;A;FORMEDICS;0000294531;20;000;000;80279421064;20042025;; ;N;N;100099580;OT;MGP4028;N;N
0000294532;0000294532;STENT CORONARIO MGUARD PRIME 4,0X33MM;03012018;F;1050000;000;000;0000;0000;0000;CX;UN;100;000;000;A;FORMEDICS;0000294532;20;000;000;80279421064;20042025;; ;N;N;100099424;OT;MGP4033;N;N
0000294533;0000294533;STENT CORONARIO MGUARD PRIME 4,0X38MM;03012018;F;1050000;000;000;0000;0000;0000;CX;UN;100;000;000;A;FORMEDICS;0000294533;20;000;000;80279421064;20042025;; ;N;N;100099475;OT;MGP4038;N;N
0000313438;0000313438;STENT ESOFAGICO BETA;10032020;F;2400000;000;000;0000;0000;0000;PCT;UN;100;000;000;A;PROSURGERY;0000313438;20;000;000;81040530074;03022030;; ;N;N;100374263;ME;;N;N
0000319729;0000319729;STENT ESOFAGICO DC SEGMENTADO REVEST.C/SILICONE 18MMX080CM;10122020;F;1900000;000;000;0000;0000;0000;ENV;UN;100;000;000;A;PROMEDON SAO PAULO;0000319729;20;000;800;10306840181;20072030;; ;N;N;100732216;ME;NST61-224-18.080;N;N
0000319731;0000319731;STENT ESOFAGICO DC SEGMENTADO REVEST.C/SILICONE 18MMX100CM;10122020;F;1900000;000;000;0000;0000;0000;ENV;UN;100;000;000;A;PROMEDON SAO PAULO;0000319731;20;000;800;10306840181;20072030;; ;N;N;100732631;ME;NST61-224-18.100;N;N
0000319732;0000319732;STENT ESOFAGICO DC SEGMENTADO REVEST.C/SILICONE 18MMX120CM;10122020;F;1900000;000;000;0000;0000;0000;ENV;UN;100;000;000;A;PROMEDON SAO PAULO;0000319732;20;000;800;10306840181;20072030;; ;N;N;100729100;ME;NST61-224-18.120;N;N
0000319735;0000319735;STENT ESOFAGICO DC SEGMENTADO REVEST.C/SILICONE 18MMX140CM;10122020;F;1900000;000;000;0000;0000;0000;ENV;UN;100;000;000;A;PROMEDON SAO PAULO;0000319735;20;000;800;10306840181;20072030;; ;N;N;100728936;ME;NST61-224-18.140;N;N
0000319737;0000319737;STENT ESOFAGICO DC SEGMENTADO REVEST.C/SILICONE 18MMX160CM;10122020;F;1900000;000;000;0000;0000;0000;ENV;UN;100;000;000;A;PROMEDON SAO PAULO;0000319737;20;000;800;10306840181;20072030;; ;N;N;100741495;ME;NST61-224-18.160;N;N
0000319740;0000319740;STENT ESOFAGICO DC SEGMENTADO REVEST.C/SILICONE 20MMX080CM;10122020;F;1900000;000;000;0000;0000;0000;ENV;UN;100;000;000;A;PROMEDON SAO PAULO;0000319740;20;000;800;10306840181;20072030;; ;N;N;100740359;ME;NST61-224-20.080;N;N
0000319742;0000319742;STENT ESOFAGICO DC SEGMENTADO REVEST.C/SILICONE 20MMX100CM;10122020;F;1900000;000;000;0000;0000;0000;ENV;UN;100;000;000;A;PROMEDON SAO PAULO;0000319742;20;000;800;10306840181;20072030;; ;N;N;100728928;ME;NST61-224-20.100;N;N
0000319744;0000319744;STENT ESOFAGICO DC SEGMENTADO REVEST.C/SILICONE 20MMX120CM;10122020;F;1900000;000;000;0000;0000;0000;ENV;UN;100;000;000;A;PROMEDON SAO PAULO;0000319744;20;000;800;10306840181;20072030;; ;N;N;100733220;ME;NST61-224-20.120;N;N
0000319745;0000319745;STENT ESOFAGICO DC SEGMENTADO REVEST.C/SILICONE 20MMX140CM;10122020;F;1900000;000;000;0000;0000;0000;ENV;UN;100;000;000;A;PROMEDON SAO PAULO;0000319745;20;000;800;10306840181;20072030;; ;N;N;100729711;ME;NST61-224-20.140;N;N
0000319746;0000319746;STENT ESOFAGICO DC SEGMENTADO REVEST.C/SILICONE 20MMX160CM;10122020;F;1900000;000;000;0000;0000;0000;ENV;UN;100;000;000;A;PROMEDON SAO PAULO;0000319746;20;000;800;10306840181;20072030;; ;N;N;100737129;ME;NST61-224-20.160;N;N
0000319747;0000319747;STENT ESOFAGICO DC SEGMENTADO REVEST.C/SILICONE 22MMX080CM;10122020;F;1900000;000;000;0000;0000;0000;ENV;UN;100;000;000;A;PROMEDON SAO PAULO;0000319747;20;000;800;10306840181;20072030;; ;N;N;100737854;ME;NST61-224-22.080;N;N
0000319748;0000319748;STENT ESOFAGICO DC SEGMENTADO REVEST.C/SILICONE 22MMX100CM;10122020;F;1900000;000;000;0000;0000;0000;ENV;UN;100;000;000;A;PROMEDON SAO PAULO;0000319748;20;000;800;10306840181;20072030;; ;N;N;100731970;ME;NST61-224-22.100;N;N
0000319749;0000319749;STENT ESOFAGICO DC SEGMENTADO REVEST.C/SILICONE 22MMX120CM;10122020;F;1900000;000;000;0000;0000;0000;ENV;UN;100;000;000;A;PROMEDON SAO PAULO;0000319749;20;000;800;10306840181;20072030;; ;N;N;100730035;ME;NST61-224-22.120;N;N
0000319750;0000319750;STENT ESOFAGICO DC SEGMENTADO REVEST.C/SILICONE 22MMX140CM;10122020;F;1900000;000;000;0000;0000;0000;ENV;UN;100;000;000;A;PROMEDON SAO PAULO;0000319750;20;000;800;10306840181;20072030;; ;N;N;100726780;ME;NST61-224-22.140;N;N
0000319751;0000319751;STENT ESOFAGICO DC SEGMENTADO REVEST.C/SILICONE 22X16X6,7MMX65CM;10122020;F;1900000;000;000;0000;0000;0000;ENV;UN;100;000;000;A;PROMEDON SAO PAULO;0000319751;20;000;800;10306840181;20072030;; ;N;N;100730469;ME;NST61-224-22.160;N;N
0000319727;0000319727;STENT ESOFAGICO DC STD PARC.REVEST.C/SILICONE 18MMX080CM;10122020;F;1300000;000;000;0000;0000;0000;ENV;UN;100;000;000;A;PROMEDON SAO PAULO;0000319727;20;000;800;10306840181;20072030;; ;N;N;100738966;ME;NST01-222-18.080;N;N
0000319730;0000319730;STENT ESOFAGICO DC STD PARC.REVEST.C/SILICONE 18MMX100CM;10122020;F;1300000;000;000;0000;0000;0000;ENV;UN;100;000;000;A;PROMEDON SAO PAULO;0000319730;20;000;800;10306840181;20072030;; ;N;N;100735649;ME;NST01-222-18.100;N;N
0000319733;0000319733;STENT ESOFAGICO DC STD PARC.REVEST.C/SILICONE 18MMX120CM;10122020;F;1300000;000;000;0000;0000;0000;ENV;UN;100;000;000;A;PROMEDON SAO PAULO;0000319733;20;000;800;10306840181;20072030;; ;N;N;100728740;ME;NST01-222-18.120;N;N
0000319734;0000319734;STENT ESOFAGICO DC STD PARC.REVEST.C/SILICONE 18MMX150CM;10122020;F;1300000;000;000;0000;0000;0000;ENV;UN;100;000;000;A;PROMEDON SAO PAULO;0000319734;20;000;800;10306840181;20072030;; ;N;N;100733352;ME;NST01-222-18.150;N;N
0000319736;0000319736;STENT ESOFAGICO DC STD PARC.REVEST.C/SILICONE 20MMX080CM;10122020;F;1300000;000;000;0000;0000;0000;ENV;UN;100;000;000;A;PROMEDON SAO PAULO;0000319736;20;000;800;10306840181;20072030;; ;N;N;100729762;ME;NST01-222-20.080;N;N
0000319738;0000319738;STENT ESOFAGICO DC STD PARC.REVEST.C/SILICONE 20MMX100CM;10122020;F;1300000;000;000;0000;0000;0000;ENV;UN;100;000;000;A;PROMEDON SAO PAULO;0000319738;20;000;800;10306840181;20072030;; ;N;N;100735819;ME;NST01-222-20.100;N;N
0000319739;0000319739;STENT ESOFAGICO DC STD PARC.REVEST.C/SILICONE 20MMX120CM;10122020;F;1300000;000;000;0000;0000;0000;ENV;UN;100;000;000;A;PROMEDON SAO PAULO;0000319739;20;000;800;10306840181;20072030;; ;N;N;100725899;ME;NST01-222-20.120;N;N
0000319741;0000319741;STENT ESOFAGICO DC STD PARC.REVEST.C/SILICONE 20MMX150CM;10122020;F;1300000;000;000;0000;0000;0000;ENV;UN;100;000;000;A;PROMEDON SAO PAULO;0000319741;20;000;800;10306840181;20072030;; ;N;N;100733379;ME;NST01-222-20.150;N;N
0000319743;0000319743;STENT ESOFAGICO DC STD PARC.REVEST.C/SILICONE 22MMX080CM;10122020;F;1300000;000;000;0000;0000;0000;ENV;UN;100;000;000;A;PROMEDON SAO PAULO;0000319743;20;000;800;10306840181;20072030;; ;N;N;100735622;ME;NST01-222-22.080;N;N
0000319622;0000319622;STENT ESOFAGICO DC STD PARC.REVEST.C/SILICONE 22MMX100CM;10122020;F;1300000;000;000;0000;0000;0000;ENV;UN;100;000;000;A;PROMEDON SAO PAULO;0000319622;20;000;800;10306840181;20072030;; ;N;N;100737188;ME;NST01-222-22.100;N;N
0000319623;0000319623;STENT ESOFAGICO DC STD PARC.REVEST.C/SILICONE 22MMX120CM;10122020;F;1300000;000;000;0000;0000;0000;ENV;UN;100;000;000;A;PROMEDON SAO PAULO;0000319623;20;000;800;10306840181;20072030;; ;N;N;100727883;ME;NST01-222-22.120;N;N
0000319624;0000319624;STENT ESOFAGICO DC STD PARC.REVEST.C/SILICONE 22MMX150CM;10122020;F;1300000;000;000;0000;0000;0000;ENV;UN;100;000;000;A;PROMEDON SAO PAULO;0000319624;20;000;800;10306840181;20072030;; ;N;N;100737390;ME;NST01-222-22.150;N;N
0000319625;0000319625;STENT ESOFAGICO DC STD PARC.REVEST.C/SILICONE 24MMX080CM;10122020;F;1300000;000;000;0000;0000;0000;ENV;UN;100;000;000;A;PROMEDON SAO PAULO;0000319625;20;000;800;10306840181;20072030;; ;N;N;100738885;ME;NST01-222-24.080;N;N
0000319626;0000319626;STENT ESOFAGICO DC STD PARC.REVEST.C/SILICONE 24MMX100CM;10122020;F;1300000;000;000;0000;0000;0000;ENV;UN;100;000;000;A;PROMEDON SAO PAULO;0000319626;20;000;800;10306840181;20072030;; ;N;N;100740405;ME;NST01-222-24.100;N;N
0000319627;0000319627;STENT ESOFAGICO DC STD PARC.REVEST.C/SILICONE 24MMX120CM;10122020;F;1300000;000;000;0000;0000;0000;ENV;UN;100;000;000;A;PROMEDON SAO PAULO;0000319627;20;000;800;10306840181;20072030;; ;N;N;100740073;ME;NST01-222-24.120;N;N
0000319628;0000319628;STENT ESOFAGICO DC STD PARC.REVEST.C/SILICONE 24MMX150CM;10122020;F;1300000;000;000;0000;0000;0000;ENV;UN;100;000;000;A;PROMEDON SAO PAULO;0000319628;20;000;800;10306840181;20072030;; ;N;N;100736785;ME;NST01-222-24.150;N;N
0000319629;0000319629;STENT ESOFAGICO DC STD REVEST.C/SILICONE 18MMX080CM;10122020;F;1300000;000;000;0000;0000;0000;ENV;UN;100;000;000;A;PROMEDON SAO PAULO;0000319629;20;000;800;10306840181;20072030;; ;N;N;100730574;ME;NST01-224-18.080;N;N
0000319630;0000319630;STENT ESOFAGICO DC STD REVEST.C/SILICONE 18MMX100CM;10122020;F;1300000;000;000;0000;0000;0000;ENV;UN;100;000;000;A;PROMEDON SAO PAULO;0000319630;20;000;800;10306840181;20072030;; ;N;N;100732488;ME;NST01-224-18.100;N;N
0000319631;0000319631;STENT ESOFAGICO DC STD REVEST.C/SILICONE 18MMX120CM;10122020;F;1300000;000;000;0000;0000;0000;ENV;UN;100;000;000;A;PROMEDON SAO PAULO;0000319631;20;000;800;10306840181;20072030;; ;N;N;100726917;ME;NST01-224-18.120;N;N
0000319632;0000319632;STENT ESOFAGICO DC STD REVEST.C/SILICONE 18MMX150CM;10122020;F;1300000;000;000;0000;0000;0000;ENV;UN;100;000;000;A;PROMEDON SAO PAULO;0000319632;20;000;800;10306840181;20072030;; ;N;N;100741061;ME;NST01-224-18.150;N;N
0000319633;0000319633;STENT ESOFAGICO DC STD REVEST.C/SILICONE 20MMX080CM;10122020;F;1300000;000;000;0000;0000;0000;ENV;UN;100;000;000;A;PROMEDON SAO PAULO;0000319633;20;000;800;10306840181;20072030;; ;N;N;100738508;ME;NST01-224-20.080;N;N
0000319634;0000319634;STENT ESOFAGICO DC STD REVEST.C/SILICONE 20MMX100CM;10122020;F;1300000;000;000;0000;0000;0000;ENV;UN;100;000;000;A;PROMEDON SAO PAULO;0000319634;20;000;800;10306840181;20072030;; ;N;N;100740553;ME;NST01-224-20.100;N;N
0000319635;0000319635;STENT ESOFAGICO DC STD REVEST.C/SILICONE 20MMX120CM;10122020;F;1300000;000;000;0000;0000;0000;ENV;UN;100;000;000;A;PROMEDON SAO PAULO;0000319635;20;000;800;10306840181;20072030;; ;N;N;100730329;ME;NST01-224-20.120;N;N
0000319636;0000319636;STENT ESOFAGICO DC STD REVEST.C/SILICONE 20MMX150CM;10122020;F;1300000;000;000;0000;0000;0000;ENV;UN;100;000;000;A;PROMEDON SAO PAULO;0000319636;20;000;800;10306840181;20072030;; ;N;N;100731490;ME;NST01-224-20.150;N;N
0000319637;0000319637;STENT ESOFAGICO DC STD REVEST.C/SILICONE 22MMX080CM;10122020;F;1300000;000;000;0000;0000;0000;ENV;UN;100;000;000;A;PROMEDON SAO PAULO;0000319637;20;000;800;10306840181;20072030;; ;N;N;100726372;ME;NST01-224-22.080;N;N
0000319638;0000319638;STENT ESOFAGICO DC STD REVEST.C/SILICONE 22MMX100CM;10122020;F;1300000;000;000;0000;0000;0000;ENV;UN;100;000;000;A;PROMEDON SAO PAULO;0000319638;20;000;800;10306840181;20072030;; ;N;N;100741665;ME;NST01-224-22.100;N;N
0000319639;0000319639;STENT ESOFAGICO DC STD REVEST.C/SILICONE 22MMX120CM;10122020;F;1300000;000;000;0000;0000;0000;ENV;UN;100;000;000;A;PROMEDON SAO PAULO;0000319639;20;000;800;10306840181;20072030;; ;N;N;100726771;ME;NST01-224-22.120;N;N
0000319640;0000319640;STENT ESOFAGICO DC STD REVEST.C/SILICONE 22MMX150CM;10122020;F;1300000;000;000;0000;0000;0000;ENV;UN;100;000;000;A;PROMEDON SAO PAULO;0000319640;20;000;800;10306840181;20072030;; ;N;N;100734634;ME;NST01-224-22.150;N;N
0000319641;0000319641;STENT ESOFAGICO DC STD REVEST.C/SILICONE 24MMX080CM;10122020;F;1300000;000;000;0000;0000;0000;ENV;UN;100;000;000;A;PROMEDON SAO PAULO;0000319641;20;000;800;10306840181;20072030;; ;N;N;100730558;ME;NST01-224-24.080;N;N
0000319642;0000319642;STENT ESOFAGICO DC STD REVEST.C/SILICONE 24MMX100CM;10122020;F;1300000;000;000;0000;0000;0000;ENV;UN;100;000;000;A;PROMEDON SAO PAULO;0000319642;20;000;800;10306840181;20072030;; ;N;N;100725317;ME;NST01-224-24.100;N;N
0000319643;0000319643;STENT ESOFAGICO DC STD REVEST.C/SILICONE 24MMX120CM;10122020;F;1300000;000;000;0000;0000;0000;ENV;UN;100;000;000;A;PROMEDON SAO PAULO;0000319643;20;000;800;10306840181;20072030;; ;N;N;100733905;ME;NST01-224-24.120;N;N
0000319644;0000319644;STENT ESOFAGICO DC STD REVEST.C/SILICONE 24MMX150CM;10122020;F;1300000;000;000;0000;0000;0000;ENV;UN;100;000;000;A;PROMEDON SAO PAULO;0000319644;20;000;800;10306840181;20072030;; ;N;N;100731015;ME;NST01-224-24.150;N;N
0000319645;0000319645;STENT ESOFAGICO DC STD REVEST.C/SILICONE 28MMX16CM 6,7 65CM;10122020;F;1300000;000;000;0000;0000;0000;ENV;UN;100;000;000;A;PROMEDON SAO PAULO;0000319645;20;000;800;10306840181;20072030;; ;N;N;100741789;ME;NST01-224-28.160;N;N
0000319684;0000319684;STENT ESOFAGICO DH ANTI-REFLUXO PARC.REVEST.C/SILICONE 18MMX080CM;10122020;F;1300000;000;000;0000;0000;0000;ENV;UN;100;000;000;A;PROMEDON SAO PAULO;0000319684;20;000;800;10306840181;20072030;; ;N;N;100729908;ME;NST21-112-18.080;N;N
0000319687;0000319687;STENT ESOFAGICO DH ANTI-REFLUXO PARC.REVEST.C/SILICONE 18MMX100CM;10122020;F;1300000;000;000;0000;0000;0000;ENV;UN;100;000;000;A;PROMEDON SAO PAULO;0000319687;20;000;800;10306840181;20072030;; ;N;N;100741746;ME;NST21-112-18.100;N;N
0000319689;0000319689;STENT ESOFAGICO DH ANTI-REFLUXO PARC.REVEST.C/SILICONE 18MMX120CM;10122020;F;1300000;000;000;0000;0000;0000;ENV;UN;100;000;000;A;PROMEDON SAO PAULO;0000319689;20;000;800;10306840181;20072030;; ;N;N;100736335;ME;NST21-112-18.120;N;N
0000319692;0000319692;STENT ESOFAGICO DH ANTI-REFLUXO PARC.REVEST.C/SILICONE 20MMX080CM;10122020;F;1300000;000;000;0000;0000;0000;ENV;UN;100;000;000;A;PROMEDON SAO PAULO;0000319692;20;000;800;10306840181;20072030;; ;N;N;100740910;ME;NST21-112-20.080;N;N
0000319697;0000319697;STENT ESOFAGICO DH ANTI-REFLUXO PARC.REVEST.C/SILICONE 20MMX100CM;10122020;F;1300000;000;000;0000;0000;0000;ENV;UN;100;000;000;A;PROMEDON SAO PAULO;0000319697;20;000;800;10306840181;20072030;; ;N;N;100728685;ME;NST21-112-20.100;N;N
0000319699;0000319699;STENT ESOFAGICO DH ANTI-REFLUXO PARC.REVEST.C/SILICONE 20MMX120CM;10122020;F;1300000;000;000;0000;0000;0000;ENV;UN;100;000;000;A;PROMEDON SAO PAULO;0000319699;20;000;800;10306840181;20072030;; ;N;N;100739008;ME;NST21-112-20.120;N;N
0000319701;0000319701;STENT ESOFAGICO DH ANTI-REFLUXO PARC.REVEST.C/SILICONE 22MMX080CM;10122020;F;1300000;000;000;0000;0000;0000;ENV;UN;100;000;000;A;PROMEDON SAO PAULO;0000319701;20;000;800;10306840181;20072030;; ;N;N;100735975;ME;NST21-112-22.080;N;N
0000319703;0000319703;STENT ESOFAGICO DH ANTI-REFLUXO PARC.REVEST.C/SILICONE 22MMX100CM;10122020;F;1300000;000;000;0000;0000;0000;ENV;UN;100;000;000;A;PROMEDON SAO PAULO;0000319703;20;000;800;10306840181;20072030;; ;N;N;100741460;ME;NST21-112-22.100;N;N
0000319704;0000319704;STENT ESOFAGICO DH ANTI-REFLUXO PARC.REVEST.C/SILICONE 22MMX120CM;10122020;F;1300000;000;000;0000;0000;0000;ENV;UN;100;000;000;A;PROMEDON SAO PAULO;0000319704;20;000;800;10306840181;20072030;; ;N;N;100728405;ME;NST21-112-22.120;N;N
0000319706;0000319706;STENT ESOFAGICO DH ANTI-REFLUXO PARC.REVEST.C/SILICONE 24MMX080CM;10122020;F;1300000;000;000;0000;0000;0000;ENV;UN;100;000;000;A;PROMEDON SAO PAULO;0000319706;20;000;800;10306840181;20072030;; ;N;N;100739598;ME;NST21-112-24.080;N;N
0000319708;0000319708;STENT ESOFAGICO DH ANTI-REFLUXO PARC.REVEST.C/SILICONE 24MMX100CM;10122020;F;1300000;000;000;0000;0000;0000;ENV;UN;100;000;000;A;PROMEDON SAO PAULO;0000319708;20;000;800;10306840181;20072030;; ;N;N;100735126;ME;NST21-112-24.100;N;N
0000319710;0000319710;STENT ESOFAGICO DH ANTI-REFLUXO PARC.REVEST.C/SILICONE 24MMX120CM;10122020;F;1300000;000;000;0000;0000;0000;ENV;UN;100;000;000;A;PROMEDON SAO PAULO;0000319710;20;000;800;10306840181;20072030;; ;N;N;100727018;ME;NST21-112-24.120;N;N
0000319712;0000319712;STENT ESOFAGICO DH ANTI-REFLUXO REVEST.C/SILICONE 18MMX080CM;10122020;F;1300000;000;000;0000;0000;0000;ENV;UN;100;000;000;A;PROMEDON SAO PAULO;0000319712;20;000;800;10306840181;20072030;; ;N;N;100739040;ME;NST21-114-18.080;N;N
0000319714;0000319714;STENT ESOFAGICO DH ANTI-REFLUXO REVEST.C/SILICONE 18MMX100CM;10122020;F;1300000;000;000;0000;0000;0000;ENV;UN;100;000;000;A;PROMEDON SAO PAULO;0000319714;20;000;800;10306840181;20072030;; ;N;N;100725732;ME;NST21-114-18.100;N;N
0000319716;0000319716;STENT ESOFAGICO DH ANTI-REFLUXO REVEST.C/SILICONE 18MMX120CM;10122020;F;1300000;000;000;0000;0000;0000;ENV;UN;100;000;000;A;PROMEDON SAO PAULO;0000319716;20;000;800;10306840181;20072030;; ;N;N;100729177;ME;NST21-114-18.120;N;N
0000319717;0000319717;STENT ESOFAGICO DH ANTI-REFLUXO REVEST.C/SILICONE 20MMX080CM;10122020;F;1300000;000;000;0000;0000;0000;ENV;UN;100;000;000;A;PROMEDON SAO PAULO;0000319717;20;000;800;10306840181;20072030;; ;N;N;100727611;ME;NST21-114-20.080;N;N
0000319718;0000319718;STENT ESOFAGICO DH ANTI-REFLUXO REVEST.C/SILICONE 20MMX100CM;10122020;F;1300000;000;000;0000;0000;0000;ENV;UN;100;000;000;A;PROMEDON SAO PAULO;0000319718;20;000;800;10306840181;20072030;; ;N;N;100732313;ME;NST21-114-20.100;N;N
0000319719;0000319719;STENT ESOFAGICO DH ANTI-REFLUXO REVEST.C/SILICONE 20MMX120CM;10122020;F;1300000;000;000;0000;0000;0000;ENV;UN;100;000;000;A;PROMEDON SAO PAULO;0000319719;20;000;800;10306840181;20072030;; ;N;N;100737293;ME;NST21-114-20.120;N;N
0000319721;0000319721;STENT ESOFAGICO DH ANTI-REFLUXO REVEST.C/SILICONE 22MMX080CM;10122020;F;1300000;000;000;0000;0000;0000;ENV;UN;100;000;000;A;PROMEDON SAO PAULO;0000319721;20;000;800;10306840181;20072030;; ;N;N;100726089;ME;NST21-114-22.080;N;N
0000319722;0000319722;STENT ESOFAGICO DH ANTI-REFLUXO REVEST.C/SILICONE 22MMX100CM;10122020;F;1300000;000;000;0000;0000;0000;ENV;UN;100;000;000;A;PROMEDON SAO PAULO;0000319722;20;000;800;10306840181;20072030;; ;N;N;100730230;ME;NST21-114-22.100;N;N
0000319724;0000319724;STENT ESOFAGICO DH ANTI-REFLUXO REVEST.C/SILICONE 22MMX120CM;10122020;F;1300000;000;000;0000;0000;0000;ENV;UN;100;000;000;A;PROMEDON SAO PAULO;0000319724;20;000;800;10306840181;20072030;; ;N;N;100738400;ME;NST21-114-22.120;N;N
0000319725;0000319725;STENT ESOFAGICO DH ANTI-REFLUXO REVEST.C/SILICONE 24MMX080CM;10122020;F;1300000;000;000;0000;0000;0000;ENV;UN;100;000;000;A;PROMEDON SAO PAULO;0000319725;20;000;800;10306840181;20072030;; ;N;N;100740286;ME;NST21-114-24.080;N;N
0000319726;0000319726;STENT ESOFAGICO DH ANTI-REFLUXO REVEST.C/SILICONE 24MMX100CM;10122020;F;1300000;000;000;0000;0000;0000;ENV;UN;100;000;000;A;PROMEDON SAO PAULO;0000319726;20;000;800;10306840181;20072030;; ;N;N;100725473;ME;NST21-114-24.100;N;N
0000319728;0000319728;STENT ESOFAGICO DH ANTI-REFLUXO REVEST.C/SILICONE 24MMX120CM;10122020;F;1300000;000;000;0000;0000;0000;ENV;UN;100;000;000;A;PROMEDON SAO PAULO;0000319728;20;000;800;10306840181;20072030;; ;N;N;100731350;ME;NST21-114-24.120;N;N
0000320647;0000320647;STENT ESOFAGICO REVEST.NITI-S ANTI-REFLUXO;17022021;F;2200000;000;000;0000;0000;0000;   ;UN;100;000;000;A;PROSURGERY;0000320647;20;000;000;81040530082;11012031;; ;N;N;101048300;ME;;N;N
0000316415;0000316415;STENT PROSTATICO TEMPORARIO EXIME 20FR TB.INTRODUTOR 20FR COLETA 22FR SONDA 22/24FR;30072020;F;390000;000;000;0000;0000;0000;PGC;UN;100;000;000;A;ALLENT;0000316415;20;000;000;81070500015;VIGENTE;; ;N;N;100379869;ME;ROFV2200ST;N;N
0000316414;0000316414;STENT URETERAL JFIL&MINIJFI ROCAMED 7FR 8X63CM FIO GUIA 0,035"X150CM;30072020;F;159000;000;000;0000;0000;0000;PGC;UN;100;000;000;A;ALLENT;0000316414;20;000;000;81070500013;VIGENTE;; ;N;N;100100341;ME;ROJV0708ST;N;N
0000318620;0000318620;STENT VASCULAR REVESTIDO 8FR COVERA PLUS 10/30/1200MM S OUS;27102020;F;3500000;000;000;0000;0000;0000;CX;UN;100;000;000;A;BARD;0000318620;20;000;000;80689090173;30122029;; ;N;N;100291961;OT;AASLE10030;N;N
0000318621;0000318621;STENT VASCULAR REVESTIDO 8FR COVERA PLUS 10/40/1200MM S OUS;27102020;F;3500000;000;000;0000;0000;0000;CX;UN;100;000;000;A;BARD;0000318621;20;000;000;80689090173;30122029;; ;N;N;100291970;OT;AASLE10040;N;N
0000318622;0000318622;STENT VASCULAR REVESTIDO 8FR COVERA PLUS 10/60/1200MM S OUS;27102020;F;3500000;000;000;0000;0000;0000;CX;UN;100;000;000;A;BARD;0000318622;20;000;000;80689090173;30122029;; ;N;N;100291678;OT;AASLE10060;N;N
0000318602;0000318602;STENT VASCULAR REVESTIDO 8FR COVERA PLUS 6/100/1200MM S OUS;27102020;F;3500000;000;000;0000;0000;0000;CX;UN;100;000;000;A;BARD;0000318602;20;000;000;80689090173;30122029;; ;N;N;100292100;OT;AASLE06100;N;N
0000318597;0000318597;STENT VASCULAR REVESTIDO 8FR COVERA PLUS 6/30/1200MM S OUS;27102020;F;3500000;000;000;0000;0000;0000;CX;UN;100;000;000;A;BARD;0000318597;20;000;000;80689090173;30122029;; ;N;N;100291694;OT;AASLE06030;N;N
0000318598;0000318598;STENT VASCULAR REVESTIDO 8FR COVERA PLUS 6/40/1200MM S OUS;27102020;F;3500000;000;000;0000;0000;0000;CX;UN;100;000;000;A;BARD;0000318598;20;000;000;80689090173;30122029;; ;N;N;100292054;OT;AASLE06040;N;N
0000318600;0000318600;STENT VASCULAR REVESTIDO 8FR COVERA PLUS 6/60/1200MM S OUS;27102020;F;3500000;000;000;0000;0000;0000;CX;UN;100;000;000;A;BARD;0000318600;20;000;000;80689090173;30122029;; ;N;N;100291651;OT;AASLE06060;N;N
0000318601;0000318601;STENT VASCULAR REVESTIDO 8FR COVERA PLUS 6/80/1200MM S OUS;27102020;F;3500000;000;000;0000;0000;0000;CX;UN;100;000;000;A;BARD;0000318601;20;000;000;80689090173;30122029;; ;N;N;100291740;OT;AASLE06080;N;N
0000318607;0000318607;STENT VASCULAR REVESTIDO 8FR COVERA PLUS 7/100/1200MM S OUS;27102020;F;3500000;000;000;0000;0000;0000;CX;UN;100;000;000;A;BARD;0000318607;20;000;000;80689090173;30122029;; ;N;N;100291775;OT;AASLE07100;N;N
0000318603;0000318603;STENT VASCULAR REVESTIDO 8FR COVERA PLUS 7/30/1200MM S OUS;27102020;F;3500000;000;000;0000;0000;0000;CX;UN;100;000;000;A;BARD;0000318603;20;000;000;80689090173;30122029;; ;N;N;100292127;OT;AASLE07030;N;N
0000318604;0000318604;STENT VASCULAR REVESTIDO 8FR COVERA PLUS 7/40/1200MM S OUS;27102020;F;3500000;000;000;0000;0000;0000;CX;UN;100;000;000;A;BARD;0000318604;20;000;000;80689090173;30122029;; ;N;N;100291767;OT;AASLE07040;N;N
0000318605;0000318605;STENT VASCULAR REVESTIDO 8FR COVERA PLUS 7/60/1200MM S OUS;27102020;F;3500000;000;000;0000;0000;0000;CX;UN;100;000;000;A;BARD;0000318605;20;000;000;80689090173;30122029;; ;N;N;100291872;OT;AASLE07060;N;N
0000318606;0000318606;STENT VASCULAR REVESTIDO 8FR COVERA PLUS 7/80/1200MM S OUS;27102020;F;3500000;000;000;0000;0000;0000;CX;UN;100;000;000;A;BARD;0000318606;20;000;000;80689090173;30122029;; ;N;N;100291910;OT;AASLE07080;N;N
0000318608;0000318608;STENT VASCULAR REVESTIDO 8FR COVERA PLUS 8/30/1200MM S OUS;27102020;F;3500000;000;000;0000;0000;0000;CX;UN;100;000;000;A;BARD;0000318608;20;000;000;80689090173;30122029;; ;N;N;100292089;OT;AASLE08030;N;N
0000318609;0000318609;STENT VASCULAR REVESTIDO 8FR COVERA PLUS 8/40/1200MM S OUS;27102020;F;3500000;000;000;0000;0000;0000;CX;UN;100;000;000;A;BARD;0000318609;20;000;000;80689090173;30122029;; ;N;N;100291929;OT;AASLE08040;N;N
0000318610;0000318610;STENT VASCULAR REVESTIDO 8FR COVERA PLUS 8/60/1200MM S OUS;27102020;F;3500000;000;000;0000;0000;0000;CX;UN;100;000;000;A;BARD;0000318610;20;000;000;80689090173;30122029;; ;N;N;100291880;OT;AASLE08060;N;N
0000318611;0000318611;STENT VASCULAR REVESTIDO 8FR COVERA PLUS 8/80/1200MM S OUS;27102020;F;3500000;000;000;0000;0000;0000;CX;UN;100;000;000;A;BARD;0000318611;20;000;000;80689090173;30122029;; ;N;N;100292070;OT;AASLE08080;N;N
0000318613;0000318613;STENT VASCULAR REVESTIDO 8FR COVERA PLUS 9/30/1200MM S OUS;27102020;F;3500000;000;000;0000;0000;0000;CX;UN;100;000;000;A;BARD;0000318613;20;000;000;80689090173;30122029;; ;N;N;100291821;OT;AASLE09030;N;N
0000318614;0000318614;STENT VASCULAR REVESTIDO 8FR COVERA PLUS 9/40/1200MM S OUS;27102020;F;3500000;000;000;0000;0000;0000;CX;UN;100;000;000;A;BARD;0000318614;20;000;000;80689090173;30122029;; ;N;N;100291716;OT;AASLE09040;N;N
0000318615;0000318615;STENT VASCULAR REVESTIDO 8FR COVERA PLUS 9/60/1200MM S OUS;27102020;F;3500000;000;000;0000;0000;0000;CX;UN;100;000;000;A;BARD;0000318615;20;000;000;80689090173;30122029;; ;N;N;100292038;OT;AASLE09060;N;N
0000318618;0000318618;STENT VASCULAR REVESTIDO 8FR COVERA PLUS 9/80/1200MM S OUS;27102020;F;3500000;000;000;0000;0000;0000;CX;UN;100;000;000;A;BARD;0000318618;20;000;000;80689090173;30122029;; ;N;N;100292097;OT;AASLE09080;N;N
0000318624;0000318624;STENT VASCULAR REVESTIDO 9FR COVERA PLUS 10/100/1200MM S OUS;27102020;F;3500000;000;000;0000;0000;0000;CX;UN;100;000;000;A;BARD;0000318624;20;000;000;80689090173;30122029;; ;N;N;100292011;OT;AASLE10100;N;N
0000318623;0000318623;STENT VASCULAR REVESTIDO 9FR COVERA PLUS 10/80/1200MM S OUS;27102020;F;3500000;000;000;0000;0000;0000;CX;UN;100;000;000;A;BARD;0000318623;20;000;000;80689090173;30122029;; ;N;N;100292003;OT;AASLE10080;N;N
0000318612;0000318612;STENT VASCULAR REVESTIDO 9FR COVERA PLUS 8/100/1200MM S OUS;27102020;F;3500000;000;000;0000;0000;0000;CX;UN;100;000;000;A;BARD;0000318612;20;000;000;80689090173;30122029;; ;N;N;100291732;OT;AASLE08100;N;N
0000318619;0000318619;STENT VASCULAR REVESTIDO 9FR COVERA PLUS 9/100/1200MM S OUS;27102020;F;3500000;000;000;0000;0000;0000;CX;UN;100;000;000;A;BARD;0000318619;20;000;000;80689090173;30122029;; ;N;N;100291864;OT;AASLE09100;N;N
0000029537;0000029537;STRESSAN 600MG 30CAPS;07072020;V;6714;8945;000;2238;2982;0000;CX;CAPS;3000;000;000;A;TEUTO BRAS;0000029537;50;000;000;1037002600018;31102020;7896112145714;-;N;S;90258495;  ;;N;N
0000307874;0000307874;SUCCINATO DESVENLAFAXINA 100MG 30CPDS REV.LIB.PROG.;19062020;V;9368;12951;000;3123;4317;0000;CX;CPDS;3000;000;000;A;SANOFI MEDLEY;0000307874;50;000;000;1832602750096;31072021;7896422504010;+;N;S;90432070;  ;;S;N
0000307873;0000307873;SUCCINATO DESVENLAFAXINA 50MG 30CPDS REV.LIB.PROG.;19062020;V;8511;11766;000;2837;3922;0000;CX;CPDS;3000;000;000;A;SANOFI MEDLEY;0000307873;50;000;000;1832602750071;31072021;7896422503990;+;N;S;90432061;  ;;S;N
0000318424;0000318424;SUCCINATO DESVENLAFAXINA MONOIDRATADO 100MG 30CPDS.REV.LIB.PROLONG.;01112020;V;9913;13704;000;3304;4568;0000;CX;CPDS;3000;000;000;A;RANBAXY;0000318424;50;000;000;1235202650112;30042030;7897076922359;+;N;S;90488920;  ;;S;N
0000318423;0000318423;SUCCINATO DESVENLAFAXINA MONOIDRATADO 50MG 30CPDS.REV.LIB.PROLONG.;01112020;V;8633;11935;000;2878;3978;0000;CX;CPDS;3000;000;000;A;RANBAXY;0000318423;50;000;000;1235202650058;30042030;7897076922328;+;N;S;90488890;  ;;S;N
0000301448;0000301448;SUCCINATO SOLIFENACINA 10MG 30CPDS REV.;01092020;V;10466;13944;000;3489;4648;0000;CX;CPDS;3000;000;000;A;RANBAXY;0000301448;50;000;000;1235202520022;31052023;7897076921680;-;N;S;90412176;  ;;S;N
0000301449;0000301449;SUCCINATO SOLIFENACINA 5MG 30CPDS REV.;01092020;V;8552;11394;000;2851;3798;0000;CX;CPDS;3000;000;000;A;RANBAXY;0000301449;50;000;000;1235202520014;31052023;7897076921673;-;N;S;90412168;  ;;S;N
0000241618;0000241618;SULFADIAZINA PRATA 10MG/G 24PTX400G(EMB.HOSP.);26062020;F;100015;000;000;41673;0000;0000;CX;PT;2400;000;000;A;PRATI-DONADUZZI;0000241618;50;000;000;1256800370027;31122021;7898148293728;+;S;S;90183096;  ;;S;N
0000241560;0000241560;SULFADIAZINA PRATA 10MG/G CRM.DERM.100BGX30G(EMB.HOSP.);26062020;F;57929;000;000;5793;0000;0000;CX;BG;10000;000;000;A;PRATI-DONADUZZI;0000241560;50;000;000;1256800370108;31122021;7899547501506;+;S;S;90236971;  ;;S;N
0000244721;0000244721;SULFAMETOXAZOL+TRIMETOPRIMA 400+80MG 10CPDS;30062020;V;1063;1470;000;1063;1470;0000;CX;CPDS;1000;000;000;A;VITAPAN;0000244721;50;000;000;1039201690013;30112021;7898049792511;+;N;S;;  ;;S;N
0000294617;0000294617;SULFAMETOXAZOL+TRIMETOPRIMA 400+80MG 200CPDS(EMB.HOSP.);26062020;F;5267;000;000;0263;0000;0000;CX;CPDS;20000;000;000;A;PRATI-DONADUZZI;0000294617;50;000;000;1256802090021;30062024;7899547504729;+;S;S;90343093;  ;;S;N
0000241563;0000241563;SULFATO NEOMICINA+BACITRACINA ZINCICA 5MG/G+250UI/G POM.DERM.50G 50UNID.(EMB.HOSP.);02042020;F;55683;000;000;11137;0000;0000;CX;BG;5000;000;000;A;PRATI-DONADUZZI;0000241563;50;000;000;1256801280048;31072025;7898148291588;-;S;S;90237919;  ;;S;N
0000241564;0000241564;SULFATO SALBUTAMOL 0,48MG/ML XPE.50FRX120ML+CP.MED.(LIBERADO);26062020;F;14049;000;000;2810;0000;0000;CX;FR;5000;000;000;A;PRATI-DONADUZZI;0000241564;50;000;000;1256800300193;30062021;7899547502589;+;S;S;90237005;  ;;S;N
0000314816;0000314816;SUPORTE FIXACAO P/TUBO POLAR NORTE EASY NORTH;19012021;F;18900;000;000;0000;0000;0000;PT;UN;100;000;000;A;SALVAPE;0000314816;20;000;000;81218560023;VIGENTE;7891746074140; ;N;N;100895930;MC;940-15;N;N
0000316465;0000316465;SUPORTE P/CAPA FLEXIVEL BHIO SUPPLY;11082020;F;350000;000;000;0000;0000;0000;CX;UN;100;000;000;A;BHIO SUPPLY;0000316465;20;000;000;80381210114;VIGENTE;; ;N;N;100902340;BD;0NC0000;N;N
0000301023;0000301023;SUPRENIQ 50MG/ML SOL.INJ.2SER.5ML+2AG;19062020;F;740056;000;000;3700280;0000;0000;CX;SER;200;000;000;A;TEVA;0000301023;50;000;000;1557300410027;31052023;7898587900706;+;S;S;90414977;  ;;N;N
0000289662;0000289662;SUSTEVIT 400G SABOR BANANA;29042020;F;5300;000;000;0000;0000;0000;LT;GRS;40000;000;000;A;VITAFOR;0000289662;50;000;000;ISENTO;;7898919865505; ;N;N;;  ;;N;S
0000289661;0000289661;SUSTEVIT 400G SABOR BAUNILHA;29042020;F;5300;000;000;0000;0000;0000;LT;GRS;40000;000;000;A;VITAFOR;0000289661;50;000;000;ISENTO;;7898919865345; ;N;N;;  ;;N;S
0000289663;0000289663;SUSTEVIT 400G SABOR CHOCOLATE;29042020;F;5300;000;000;0000;0000;0000;LT;GRS;40000;000;000;A;VITAFOR;0000289663;50;000;000;ISENTO;;7898919865734; ;N;N;;  ;;N;S
0000289664;0000289664;SUSTEVIT 400G SABOR MORANGO;29042020;F;5300;000;000;0000;0000;0000;LT;GRS;40000;000;000;A;VITAFOR;0000289664;50;000;000;ISENTO;;7898919865727; ;N;N;;  ;;N;S
0000289658;0000289658;SUSTEVIT PRO 400G SABOR BANANA;29042020;F;6200;000;000;0000;0000;0000;LT;GRS;40000;000;000;A;VITAFOR;0000289658;50;000;000;ISENTO;;7898943044587; ;N;N;;  ;;N;S
0000289657;0000289657;SUSTEVIT PRO 400G SABOR BAUNILHA;29042020;F;6200;000;000;0000;0000;0000;LT;GRS;40000;000;000;A;VITAFOR;0000289657;50;000;000;ISENTO;;7898943044570; ;N;N;;  ;;N;S
0000289659;0000289659;SUSTEVIT PRO 400G SABOR CHOCOLATE;29042020;F;6200;000;000;0000;0000;0000;LT;GRS;40000;000;000;A;VITAFOR;0000289659;50;000;000;ISENTO;;7898943044594; ;N;N;;  ;;N;S
0000289660;0000289660;SUSTEVIT PRO 400G SABOR MORANGO;29042020;F;6200;000;000;0000;0000;0000;LT;GRS;40000;000;000;A;VITAFOR;0000289660;50;000;000;ISENTO;;7898943044600; ;N;N;;  ;;N;S
0000256221;0000256221;TADALAFILA 20MG 1CPD REV.;19062020;V;1554;2148;000;0000;0000;0000;CX;CPD;100;000;000;A;SANOFI MEDLEY;0000256221;50;000;000;1832602360018;31102024;7896422501668;+;N;N;90369408;  ;;S;N
0000256222;0000256222;TADALAFILA 20MG 2CPDS REV.;01042020;V;1791;2476;000;0000;0000;0000;CX;CPDS;200;000;000;A;SANOFI MEDLEY;0000256222;50;000;000;1832602360026;31102024;7896422501675;+;N;N;90369432;  ;;S;N
0000269397;0000269397;TADALAFILA 20MG 2CPDS REV.;17112020;V;1590;2198;000;7950;10990;0000;CX;CPDS;200;000;000;A;PRATI-DONADUZZI;0000269397;50;000;000;1256802480024;31052020;7899547513202;+;N;S;90321561;  ;;S;N
0000256223;0000256223;TADALAFILA 20MG 4CPDS REV.;01042020;V;3576;4944;000;8940;12360;0000;CX;CPDS;400;000;000;A;SANOFI MEDLEY;0000256223;50;000;000;1832602360034;31102024;7896422501682;+;S;S;90369467;  ;;S;N
0000267708;0000267708;TADALAFILA 20MG 4CPDS REV.;17112020;V;2020;2793;000;5050;6983;0000;CX;CPDS;400;000;000;A;PRATI-DONADUZZI;0000267708;50;000;000;1256802480032;31052020;7899547513219;+;N;S;90321570;  ;;S;N
0000269692;0000269692;TADALAFILA 20MG 60CPDS REV.;17112020;V;29000;40091;000;4833;6682;0000;CX;CPDS;6000;000;000;A;PRATI-DONADUZZI;0000269692;50;000;000;1256802480067;31052020;7899547513240;+;N;S;90321588;  ;;S;N
0000298893;0000298893;TADALAFILA 20MG 8CPDS;17112020;V;3900;5392;000;4875;6740;0000;CX;CPDS;800;000;000;A;PRATI-DONADUZZI;0000298893;50;000;000;1256802480040;31052020;7899547513226;+;N;S;90410599;  ;;S;N
0000256019;0000256019;TADALAFILA 5MG 30CPDS REV.;01042020;V;6095;8426;000;2032;2809;0000;CX;CPDS;3000;000;000;A;SANOFI MEDLEY;0000256019;50;000;000;1832602020055;31102019;7896422501651;+;N;S;90369629;  ;;S;N
0000314318;0000314318;TAKHZYRO 150MG/ML SOL.INJ.FA 2ML+CONJ.INFUS.;03072020;V;8283426;11036078;000;0000;0000;0000;CX;FA;100;000;000;A;SHIRE FARMACEUTICA;0000314318;50;000;000;1697900230017;31102029;7898924769720;-;N;N;90473477;  ;;N;N
0000313946;0000313946;TAM 250MG 30CPDS REV.;30062020;V;2841;3785;000;0947;1262;0000;CX;CPDS;3000;000;000;A;SUPERA;0000313946;50;000;000;1037202890028;31102029;7899420507106;-;N;S;90473515;  ;;N;N
0000313947;0000313947;TAM 750MG 30CPDS REV.;30062020;V;8522;11354;000;2841;3785;0000;CX;CPDS;3000;000;000;A;SUPERA;0000313947;50;000;000;1037202890060;31102029;7899420507083;-;N;S;90473523;  ;;N;N
0000111378;0000111378;TAMPAO NASAL DELGADO DOYLE 8,0X1,0X3,0CM S/CANULA;17052017;F;36000;000;000;0000;0000;0000;PCT;UN;100;000;000;A;RICHARDS;0000111378;20;000;000;10173550006;VIGENTE;; ;N;N;78994365;MC;M400413;N;N
0000111418;0000111418;TAMPAO NASAL MEROCEL 1,5X2,0X4,5CM RETO C/CANULA;10032021;L;36000;000;000;0000;0000;0000;   ;UN;100;000;000;L;RICHARDS;0000111418;20;000;000;10173550006;VIGENTE;; ;N;N;;MC;400400;N;N
0000111379;0000111379;TAMPAO NASAL MEROCEL 2,5X0,9X2,0CM TP.BARON S/CANULA;17052017;F;42000;000;000;0000;0000;0000;PCT;UN;100;000;000;A;RICHARDS;0000111379;20;000;000;10173550006;VIGENTE;; ;N;N;78994284;MC;M400427;N;N
0000111380;0000111380;TAMPAO NASAL MEROCEL 4,5X0,9X2,0CM TP.TOFFEL S/CANULA;17052017;F;42000;000;000;0000;0000;0000;PCT;UN;100;000;000;A;RICHARDS;0000111380;20;000;000;10173550006;VIGENTE;; ;N;N;78994292;MC;M400428;N;N
0000321111;0000321111;TAMPAO NASAL MEROCEL 4,5X1,5X2,0CM RETO S/CANULA;10032021;F;36000;000;000;0000;0000;0000;PCT;UN;100;000;000;I;RICHARDS;0000321111;20;000;000;10173550006;VIGENTE;; ;N;N;78994349;MC;400400;N;N
0000172886;0000172886;TAMPAO NASAL MEROCEL 5,5X1,5X2,5CM RETO S/CANULA;17052017;F;36000;000;000;0000;0000;0000;PCT;UN;100;000;000;A;RICHARDS;0000172886;20;000;000;10173550006;VIGENTE;; ;N;N;78994381;MC;M400421;N;N
0000111417;0000111417;TAMPAO NASAL MEROCEL 8,0X1,5X2,0CM RETO S/CANULA;17052017;F;36000;000;000;0000;0000;0000;PCT;UN;100;000;000;A;RICHARDS;0000111417;20;000;000;10173550006;VIGENTE;; ;N;N;78994330;MC;400402;N;N
0000172884;0000172884;TAMPAO NASAL MEROCEL DOYLE 8,0X1,5X3,0CM ANATOMICO S/CANULA;17052017;F;36000;000;000;0000;0000;0000;PCT;UN;100;000;000;A;RICHARDS;0000172884;20;000;000;10173550006;VIGENTE;; ;N;N;78994306;MC;M400424;N;N
0000162840;0000162840;TAMPAO NASAL MEROCEL ELVIS ANTI-FOG;10032021;L;54000;000;000;0000;0000;0000;   ;UN;100;000;000;L;RICHARDS;0000162840;20;000;000;10173550006;VIGENTE;; ;N;N;;MC;M400751;N;N
0000320542;0000320542;TAMPAO PVA UNOPORE C/CANULA 4,5X1,5X2,0CM;09022021;F;169000;000;000;0000;0000;0000;BL;UN;100;000;000;A;AXISTE PROD MED HOSP;0000320542;20;000;000;80472610004;VIGENTE;; ;N;N;100902952;ME;UP451520B;N;N
0000320543;0000320543;TAMPAO PVA UNOPORE C/CANULA 8,0X1,5X2,0CM;09022021;F;169000;000;000;0000;0000;0000;BL;UN;100;000;000;A;AXISTE PROD MED HOSP;0000320543;20;000;000;80472610004;VIGENTE;; ;N;N;100902952;ME;UP801520B;N;N
0000320544;0000320544;TAMPAO PVA UNOPORE C/CANULA 8,0X1,5X2,0CM ANATOMIC;09022021;F;169000;000;000;0000;0000;0000;BL;UN;100;000;000;A;AXISTE PROD MED HOSP;0000320544;20;000;000;80472610004;VIGENTE;; ;N;N;100902952;ME;UP801530AB;N;N
0000320557;0000320557;TAMPAO PVA UNOPORE S/CANULA 4,5X1,5X2,0CM;09022021;F;169000;000;000;0000;0000;0000;BL;UN;100;000;000;A;AXISTE PROD MED HOSP;0000320557;20;000;000;80472619001;VIGENTE;; ;N;N;101026412;ME;UP451520;N;N
0000320562;0000320562;TAMPAO PVA UNOPORE S/CANULA 8,0X1,0X2,0CM;09022021;F;169000;000;000;0000;0000;0000;BL;UN;100;000;000;A;AXISTE PROD MED HOSP;0000320562;20;000;000;80472619001;VIGENTE;; ;N;N;101026412;ME;UP801020;N;N
0000320563;0000320563;TAMPAO PVA UNOPORE S/CANULA 8,0X1,5X2,0CM;09022021;F;169000;000;000;0000;0000;0000;BL;UN;100;000;000;A;AXISTE PROD MED HOSP;0000320563;20;000;000;80472619001;VIGENTE;; ;N;N;101026412;ME;UP801020V;N;N
0000320564;0000320564;TAMPAO PVA UNOPORE S/CANULA 8,0X1,5X2,0CM;09022021;F;169000;000;000;0000;0000;0000;BL;UN;100;000;000;A;AXISTE PROD MED HOSP;0000320564;20;000;000;80472619001;VIGENTE;; ;N;N;101026412;ME;UP801520;N;N
0000320569;0000320569;TAMPAO PVA UNOPORE S/CANULA 8,3X8,3CM FLAT SQUARE;09022021;F;169000;000;000;0000;0000;0000;BL;UN;100;000;000;A;AXISTE PROD MED HOSP;0000320569;20;000;000;80472619001;VIGENTE;; ;N;N;101026412;ME;UP8383DK;N;N
0000320567;0000320567;TAMPAO PVA UNOPORE S/CANULA ANATOMIC 8,0X1,5X3,0CM;09022021;F;169000;000;000;0000;0000;0000;BL;UN;100;000;000;A;AXISTE PROD MED HOSP;0000320567;20;000;000;80472619001;VIGENTE;; ;N;N;101026412;ME;UP801530A;N;N
0000320568;0000320568;TAMPAO PVA UNOPORE S/CANULA ANATOMIC VIOLET 8,0X1,5X3,0CM;09022021;F;169000;000;000;0000;0000;0000;BL;UN;100;000;000;A;AXISTE PROD MED HOSP;0000320568;20;000;000;80472619001;VIGENTE;; ;N;N;101026412;ME;UP801530AV;N;N
0000320561;0000320561;TAMPAO PVA UNOPORE S/CANULA BAND 0,7X5MT;09022021;F;169000;000;000;0000;0000;0000;BL;UN;100;000;000;A;AXISTE PROD MED HOSP;0000320561;20;000;000;80472619001;VIGENTE;; ;N;N;101026412;ME;UP750;N;N
0000320548;0000320548;TAMPAO PVA UNOPORE S/CANULA BAND 1,2X5MT;09022021;F;169000;000;000;0000;0000;0000;BL;UN;100;000;000;A;AXISTE PROD MED HOSP;0000320548;20;000;000;80472619001;VIGENTE;; ;N;N;101026412;ME;UP1250;N;N
0000320565;0000320565;TAMPAO PVA UNOPORE S/CANULA DOYLE COMBO SPLINT;09022021;F;169000;000;000;0000;0000;0000;BL;UN;100;000;000;A;AXISTE PROD MED HOSP;0000320565;20;000;000;80472619001;VIGENTE;; ;N;N;101026412;ME;UP801520KSP;N;N
0000320553;0000320553;TAMPAO PVA UNOPORE S/CANULA EPISTAXIS 3,5X2,5X1,5CM;09022021;F;400000;000;000;0000;0000;0000;BL;UN;100;000;000;A;AXISTE PROD MED HOSP;0000320553;20;000;000;80472619001;VIGENTE;; ;N;N;101026412;ME;UP352515E;N;N
0000320558;0000320558;TAMPAO PVA UNOPORE S/CANULA EPISTAXIS 5,0X 1,5X2,0CM;09022021;F;400000;000;000;0000;0000;0000;BL;UN;100;000;000;A;AXISTE PROD MED HOSP;0000320558;20;000;000;80472619001;VIGENTE;; ;N;N;101026412;ME;UP501520E;N;N
0000320559;0000320559;TAMPAO PVA UNOPORE S/CANULA EPISTAXIS 5,0X1,5X2,5CM;09022021;F;400000;000;000;0000;0000;0000;BL;UN;100;000;000;A;AXISTE PROD MED HOSP;0000320559;20;000;000;80472619001;VIGENTE;; ;N;N;101026412;ME;UP51525E;N;N
0000320545;0000320545;TAMPAO PVA UNOPORE S/CANULA ESPITAXIS 10,0X1,0X2,5CM;09022021;F;400000;000;000;0000;0000;0000;BL;UN;100;000;000;A;AXISTE PROD MED HOSP;0000320545;20;000;000;80472619001;VIGENTE;; ;N;N;101026412;ME;UP10125E;N;N
0000320546;0000320546;TAMPAO PVA UNOPORE S/CANULA ESPITAXIS 10X 1,5X2,5CM;09022021;F;400000;000;000;0000;0000;0000;BL;UN;100;000;000;A;AXISTE PROD MED HOSP;0000320546;20;000;000;80472619001;VIGENTE;; ;N;N;101026412;ME;UP101525E;N;N
0000320549;0000320549;TAMPAO PVA UNOPORE S/CANULA SINUS 2,5X0,9X2,0CM;09022021;F;169000;000;000;0000;0000;0000;BL;UN;100;000;000;A;AXISTE PROD MED HOSP;0000320549;20;000;000;80472619001;VIGENTE;; ;N;N;101026412;ME;UP250920S;N;N
0000320551;0000320551;TAMPAO PVA UNOPORE S/CANULA SINUS 3,5X0,6X 1,2CM;09022021;F;169000;000;000;0000;0000;0000;BL;UN;100;000;000;A;AXISTE PROD MED HOSP;0000320551;20;000;000;80472619001;VIGENTE;; ;N;N;101026412;ME;UP350612S;N;N
0000320552;0000320552;TAMPAO PVA UNOPORE S/CANULA SINUS 3,5X1,2X1,2CM;09022021;F;169000;000;000;0000;0000;0000;BL;UN;100;000;000;A;AXISTE PROD MED HOSP;0000320552;20;000;000;80472619001;VIGENTE;; ;N;N;101026412;ME;UP351212S;N;N
0000320554;0000320554;TAMPAO PVA UNOPORE S/CANULA SINUS 4,5X1,0X2,0CM;09022021;F;169000;000;000;0000;0000;0000;BL;UN;100;000;000;A;AXISTE PROD MED HOSP;0000320554;20;000;000;80472619001;VIGENTE;; ;N;N;101026412;ME;UP451020S;N;N
0000320556;0000320556;TAMPAO PVA UNOPORE S/CANULA SINUS 4,5X1,3X2,0CM COMBI;09022021;F;169000;000;000;0000;0000;0000;BL;UN;100;000;000;A;AXISTE PROD MED HOSP;0000320556;20;000;000;80472619001;VIGENTE;; ;N;N;101026412;ME;UP451320KS;N;N
0000320550;0000320550;TAMPAO PVA UNOPORE S/CANULA TRAINGLE;09022021;F;169000;000;000;0000;0000;0000;BL;UN;100;000;000;A;AXISTE PROD MED HOSP;0000320550;20;000;000;80472619001;VIGENTE;; ;N;N;101026412;ME;UP333;N;N
0000320555;0000320555;TAMPAO PVA UNOPORE S/CANULA VIOLET 4,5X1,0X2,0CM;09022021;F;169000;000;000;0000;0000;0000;BL;UN;100;000;000;A;AXISTE PROD MED HOSP;0000320555;20;000;000;80472619001;VIGENTE;; ;N;N;101026412;ME;UP451020V;N;N
0000320566;0000320566;TAMPAO PVA UNOPORE S/CANULA VIOLET 8,0X1,5X2,0CM;09022021;F;169000;000;000;0000;0000;0000;BL;UN;100;000;000;A;AXISTE PROD MED HOSP;0000320566;20;000;000;80472619001;VIGENTE;; ;N;N;101026412;ME;UP801520V;N;N
0000320547;0000320547;TAMPAO PVA UNOPORE S/CANULA VIOLET EPISTAXIS 10X1,5X2,5CM;09022021;F;400000;000;000;0000;0000;0000;BL;UN;100;000;000;A;AXISTE PROD MED HOSP;0000320547;20;000;000;80472619001;VIGENTE;; ;N;N;101026412;ME;UP101525EV;N;N
0000320560;0000320560;TAMPAO PVA UNOPORE S/CANULA VIOLET EPISTAXIS 5,0X1,5X2,5CM;09022021;F;400000;000;000;0000;0000;0000;BL;UN;100;000;000;A;AXISTE PROD MED HOSP;0000320560;20;000;000;80472619001;VIGENTE;; ;N;N;101026412;ME;UP51525EV;N;N
0000250138;0000250138;TANDRIFLAN 300+125+50+30MG 100CPDS;30062020;V;8819;11750;000;0882;1175;0000;CX;CPDS;10000;000;000;A;UNIAO QUIMICA;0000250138;50;000;000;1049711580039;31052024;7896006234548;-;N;S;90323947;  ;;N;N
0000292548;0000292548;TARGIFOR 1500MG 32CPDS EFERV.;05012021;V;5094;6787;000;1592;2121;0000;CX;CPDS;3200;000;000;A;SANOFI MEDLEY;0000292548;50;000;000;1832604030015;31102026;7891058021351;-;N;S;90478916;  ;;N;N
0000313332;0000313332;TARTARATO BRIMONIDINA 2MG/ML SOL.OFT.5ML;07072020;V;3648;5043;000;0000;0000;0000;FR;ML;500;000;000;A;TEUTO BRAS;0000313332;50;000;000;1037007330108;05092029;7896112129363;+;N;N;90452437;  ;;S;N
0000302586;0000302586;TAVAFLOX 750MG 5CPDS REV.;07072020;V;4399;6081;000;8798;12162;0000;CX;CPDS;500;000;000;A;SIGMA PHARMA;0000302586;50;000;000;1356907280013;30062023;7894916510356;+;N;S;90413067;  ;;N;N
0000302587;0000302587;TAVAFLOX 750MG 7CPDS REV.;07072020;V;6160;8516;000;8800;12166;0000;CX;CPDS;700;000;000;A;SIGMA PHARMA;0000302587;50;000;000;1356907280021;30062023;7894916510363;+;N;S;90413075;  ;;N;N
0000316452;0000316452;TAZOMAZ 2+0,25G PO SOL.INJ.IV 10FA;05082020;F;80299;000;000;80299;0000;0000;CX;FA;1000;000;000;A;UNIAO QUIMICA;0000316452;50;000;000;1049714320038;31052029;7896006214823;+;S;S;90446151;  ;;N;N
0000316453;0000316453;TAZOMAZ 4+0,5G PO SOL.INJ.IV 10FA;05082020;F;114930;000;000;114930;0000;0000;CX;FA;1000;000;000;A;UNIAO QUIMICA;0000316453;50;000;000;1049714320070;31052029;7896006214830;+;S;S;90446160;  ;;N;N
0000295988;0000295988;TECENTRIQ 1200MG SOL.DIL.INFUS.IV 20ML;03072020;F;2624444;000;000;0000;0000;0000;FR;ML;2000;000;000;A;ROCHE;0000295988;50;000;000;1010006650018;31102027;7896226507118;-;S;N;90411919;  ;;N;N
0000315267;0000315267;TECENTRIQ 840MG SOL.DIL.INFUS.IV 14ML;03072020;F;1837111;000;000;0000;0000;0000;FA;ML;2000;000;000;A;ROCHE;0000315267;50;000;000;1010006650026;31102027;7613326017916;-;S;N;90439740;  ;;N;N
0000320915;0000320915;TELA CIRURGICA 05,0X10CM POLIPROPILENO POROSA MARLEXBRASIL P/HERNIA;05032021;F;40000;000;000;0000;0000;0000;PGC;UN;100;000;000;A;MARLEX;0000320915;20;000;000;80569810001;11072026;; ;N;N;;ME;MPL11005;N;N
0000320918;0000320918;TELA CIRURGICA 06,0X12CM POLIPROPILENO POROSA MARLEXBRASIL P/HERNIA;05032021;F;40000;000;000;0000;0000;0000;PGC;UN;100;000;000;A;MARLEX;0000320918;20;000;000;80569810001;11072026;; ;N;N;;ME;MPL11206;N;N
0000320909;0000320909;TELA CIRURGICA 06,0X12CM POLIPROPILENO SIST.DUPLO PONTO SEMI GRIP MARLEXBRASIL P/HERNIA;05032021;F;140000;000;000;0000;0000;0000;PGC;UN;100;000;000;A;MARLEX;0000320909;20;000;000;80569810001;11072026;; ;N;N;;ME;MPC11206;N;N
0000320931;0000320931;TELA CIRURGICA 07,5X10CM POLIPROPILENO POROSA MARLEXBRASIL P/HERNIA;05032021;F;40000;000;000;0000;0000;0000;PGC;UN;100;000;000;A;MARLEX;0000320931;20;000;000;80569810001;11072026;; ;N;N;;ME;MPL17510;N;N
0000320932;0000320932;TELA CIRURGICA 07,5X15CM POLIPROPILENO POROSA MARLEXBRASIL P/HERNIA;05032021;F;40000;000;000;0000;0000;0000;PGC;UN;100;000;000;A;MARLEX;0000320932;20;000;000;80569810001;11072026;; ;N;N;;ME;MPL17515;N;N
0000320917;0000320917;TELA CIRURGICA 10,0X10CM POLIPROPILENO POROSA MARLEXBRASIL P/HERNIA;05032021;F;40000;000;000;0000;0000;0000;PGC;UN;100;000;000;A;MARLEX;0000320917;20;000;000;80569810001;11072026;; ;N;N;;ME;MPL11010;N;N
0000320908;0000320908;TELA CIRURGICA 10,0X10CM POLIPROPILENO SIST.DUPLO PONTO SEMI GRIP MARLEXBRASIL P/HERNIA;05032021;F;140000;000;000;0000;0000;0000;PGC;UN;100;000;000;A;MARLEX;0000320908;20;000;000;80569810001;11072026;; ;N;N;;ME;MPC11010;N;N
0000320919;0000320919;TELA CIRURGICA 12,0X13CM POLIPROPILENO POROSA MARLEXBRASIL P/HERNIA;05032021;F;40000;000;000;0000;0000;0000;PGC;UN;100;000;000;A;MARLEX;0000320919;20;000;000;80569810001;11072026;; ;N;N;;ME;MPL11213;N;N
0000320923;0000320923;TELA CIRURGICA 13,0X17CM POLIPROPILENO POROSA MARLEXBRASIL P/HERNIA;05032021;F;40000;000;000;0000;0000;0000;PGC;UN;100;000;000;A;MARLEX;0000320923;20;000;000;80569810001;11072026;; ;N;N;;ME;MPL11713;N;N
0000320912;0000320912;TELA CIRURGICA 13,0X17CM POLIPROPILENO SIST.DUPLO PONTO SEMI GRIP MARLEXBRASIL P/HERNIA;05032021;F;140000;000;000;0000;0000;0000;PGC;UN;100;000;000;A;MARLEX;0000320912;20;000;000;80569810001;11072026;; ;N;N;;ME;MPC11713;N;N
0000320921;0000320921;TELA CIRURGICA 15,0X15CM POLIPROPILENO POROSA MARLEXBRASIL P/HERNIA;05032021;F;40000;000;000;0000;0000;0000;PGC;UN;100;000;000;A;MARLEX;0000320921;20;000;000;80569810001;11072026;; ;N;N;;ME;MPL11515;N;N
0000320910;0000320910;TELA CIRURGICA 15,0X15CM POLIPROPILENO SIST.DUPLO PONTO SEMI GRIP MARLEXBRASIL P/HERNIA;05032021;F;140000;000;000;0000;0000;0000;PGC;UN;100;000;000;A;MARLEX;0000320910;20;000;000;80569810001;11072026;; ;N;N;;ME;MPC11515;N;N
0000320926;0000320926;TELA CIRURGICA 15,0X30CM POLIPROPILENO POROSA MARLEXBRASIL P/HERNIA;05032021;F;62500;000;000;0000;0000;0000;PGC;UN;100;000;000;A;MARLEX;0000320926;20;000;000;80569810001;11072026;; ;N;N;;ME;MPL13015;N;N
0000320913;0000320913;TELA CIRURGICA 15,0X30CM POLIPROPILENO SIST.DUPLO PONTO SEMI GRIP MARLEXBRASIL P/HERNIA;05032021;F;140000;000;000;0000;0000;0000;PGC;UN;100;000;000;A;MARLEX;0000320913;20;000;000;80569810001;11072026;; ;N;N;;ME;MPC13015;N;N
0000320925;0000320925;TELA CIRURGICA 26,0X36CM POLIPROPILENO POROSA MARLEXBRASIL P/HERNIA;05032021;F;62500;000;000;0000;0000;0000;PGC;UN;100;000;000;A;MARLEX;0000320925;20;000;000;80569810001;11072026;; ;N;N;;ME;MPL12636;N;N
0000320928;0000320928;TELA CIRURGICA 30,0X30CM POLIPROPILENO POROSA MARLEXBRASIL P/HERNIA;05032021;F;62500;000;000;0000;0000;0000;PGC;UN;100;000;000;A;MARLEX;0000320928;20;000;000;80569810001;11072026;; ;N;N;;ME;MPL13030;N;N
0000320944;0000320944;TELA CIRURGICA L 06,0X12CM POLIPROPILENO POROSA PP-MESH P/HERNIA;05032021;F;40000;000;000;0000;0000;0000;PGC;UN;100;000;000;A;MARLEX;0000320944;20;000;000;80569810001;11072026;; ;N;N;100088929;ME;TPL11206;N;N
0000320940;0000320940;TELA CIRURGICA L 15,0X15CM POLIPROPILENO POROSA PP-MESH P/HERNIA;05032021;F;40000;000;000;0000;0000;0000;PGC;UN;100;000;000;A;MARLEX;0000320940;20;000;000;80569810001;11072026;; ;N;N;100088929;ME;TPL11515;N;N
0000320942;0000320942;TELA CIRURGICA L 30,0X30CM POLIPROPILENO POROSA PP-MESH P/HERNIA;05032021;F;40000;000;000;0000;0000;0000;PGC;UN;100;000;000;A;MARLEX;0000320942;20;000;000;80569810001;11072026;; ;N;N;100088929;ME;TPL13030;N;N
0000320904;0000320904;TELA IMPLANTE L 01,2X30CM POLIPROPILENO SLING U-TAPE MARLEXBRASIL P/INCONTINECIA URINARIA;05032021;F;220000;000;000;0000;0000;0000;BL;UN;100;000;000;A;MARLEX;0000320904;20;000;000;80569810008;03022030;; ;N;N;100366368;ME;MUL13012;N;N
0000320905;0000320905;TELA IMPLANTE M 01,2X30CM POLIPROPILENO SLING U-TAPE MARLEXBRASIL P/INCONTINECIA URINARIA;05032021;F;220000;000;000;0000;0000;0000;BL;UN;100;000;000;A;MARLEX;0000320905;20;000;000;80569810008;03022030;; ;N;N;100366384;ME;MUM13012;N;N
0000178972;0000178972;TELMISARTANA 40MG 30CPDS;07082020;V;3966;5483;000;1322;1828;0000;CX;CPDS;3000;000;000;A;RANBAXY;0000178972;50;000;000;1235202240021;31102022;7897076916815;+;N;S;90273460;  ;;S;N
0000178973;0000178973;TELMISARTANA 80MG 30CPDS;07082020;V;4487;6203;000;1496;2068;0000;CX;CPDS;3000;000;000;A;RANBAXY;0000178973;50;000;000;1235202240100;31102022;7897076916853;+;N;S;90273508;  ;;S;N
0000263891;0000263891;TEMODAL 100MG SACHE 5CAPS GEL.DURA;30062020;V;332871;460175;000;665742;920350;0000;SAC;CAPS;500;000;000;A;SCHERING PLOUGH;0000263891;50;000;000;1017101940191;30112022;7897572006461;+;S;S;90321049;  ;;N;N
0000263892;0000263892;TEMODAL 140MG SACHE 5CAPS GEL.DURA;30062020;V;463660;640983;000;927320;1281966;0000;SAC;CAPS;500;000;000;A;SCHERING PLOUGH;0000263892;50;000;000;1017101940238;30112022;7897572006478;+;S;S;90321057;  ;;N;N
0000263893;0000263893;TEMODAL 180MG SACHE 5CAPS GEL.DURA;30062020;V;596134;824120;000;1192268;1648240;0000;SAC;CAPS;500;000;000;A;SCHERING PLOUGH;0000263893;50;000;000;1017101940254;30112022;7897572007222;+;S;S;90321065;  ;;N;N
0000263894;0000263894;TEMODAL 20MG SACHE 5CAPS GEL.DURA;30062020;V;66571;92031;000;133142;184062;0000;SAC;CAPS;500;000;000;A;SCHERING PLOUGH;0000263894;50;000;000;1017101940173;30112022;7897572007185;+;S;S;90321030;  ;;N;N
0000263895;0000263895;TEMODAL 250MG SACHE 5CAPS GEL.DURA;30062020;V;815546;1127445;000;1631092;2254890;0000;SAC;CAPS;500;000;000;A;SCHERING PLOUGH;0000263895;50;000;000;1017101940211;30112022;7897572007208;+;S;S;90321073;  ;;N;N
0000263896;0000263896;TEMODAL 5MG SACHE 5CAPS GEL.DURA;30062020;V;16640;23004;000;33280;46008;0000;SAC;CAPS;500;000;000;A;SCHERING PLOUGH;0000263896;50;000;000;1017101940157;30112022;7897572007178;+;S;S;90321022;  ;;N;N
0000259948;0000259948;TEMOZOLOMIDA 100MG 5CAPS GEL.DURA;21072020;V;216362;299108;000;432724;598216;0000;CX;CAPS;500;000;000;A;SUN FARMACEUTICA;0000259948;50;000;000;1468200390090;30032025;7898272944640;+;N;S;90323203;  ;;S;N
0000259949;0000259949;TEMOZOLOMIDA 140MG 1FR 5CAPS GEL.DURA;21072020;V;301378;416637;000;602756;833274;0000;FR;CAPS;500;000;000;A;SUN FARMACEUTICA;0000259949;50;000;000;1468200390147;30032025;7898272944688;+;N;S;90323211;  ;;S;N
0000259947;0000259947;TEMOZOLOMIDA 20MG 1FR 5CAPS GEL.DURA;21072020;V;42751;59101;000;85502;118202;0000;FR;CAPS;500;000;000;A;SUN FARMACEUTICA;0000259947;50;000;000;1468200390058;30032025;7898272944602;+;N;S;90323190;  ;;S;N
0000259950;0000259950;TEMOZOLOMIDA 250MG 1FR 5CAPS GEL.DURA;21072020;V;530102;732835;000;1060204;1465670;0000;FR;CAPS;500;000;000;A;SUN FARMACEUTICA;0000259950;50;000;000;1468200390181;30032025;7898272944725;+;N;S;90323220;  ;;S;N
0000304703;0000304703;TEMOZOLOMIDA 5MG 5CAPS GEL.DURA;07072020;V;10815;14951;000;21630;29902;0000;FR;CAPS;500;000;000;A;SUN FARMACEUTICA;0000304703;50;000;000;1468200390228;30032025;7898272944565;+;N;S;90413644;  ;;S;N
0000275630;0000275630;TENLOPIN 10MG 30CPDS;07072020;V;3024;4181;000;1008;1394;0000;CX;CPDS;3000;000;000;A;TEUTO BRAS;0000275630;50;000;000;1037006840048;30052021;7896112196556;+;N;S;90351096;  ;;N;N
0000275629;0000275629;TENLOPIN 5MG 30CPDS;07072020;V;1513;2092;000;0504;0697;0000;CX;CPDS;3000;000;000;A;TEUTO BRAS;0000275629;50;000;000;1037006840021;30052021;7896112196532;+;N;S;90351100;  ;;N;N
0000263815;0000263815;TENOFTAL 5MG/ML SOL.OFTAL.FR GOT.5ML;07072020;V;688;951;000;1376;1902;0000;FR;ML;500;000;000;A;TEUTO BRAS;0000263815;50;000;000;1037006280018;30062020;7896112197393;+;N;S;90339673;  ;;N;N
0000269458;0000269458;TENOLON 100MG 495CPDS(EMB.HOSP.);30062020;F;26330;000;000;0532;0000;0000;CX;CPDS;49500;000;000;A;VITAPAN;0000269458;50;000;000;1039200450167;31052020;7898049795673;+;S;S;90343913;  ;;N;N
0000251142;0000251142;TENOLON 25MG 30CPDS;30062020;V;588;813;000;0196;0271;0000;CX;CPDS;3000;000;000;A;VITAPAN;0000251142;50;000;000;1039200450116;31052020;7898049795628;+;N;S;90324331;  ;;N;N
0000269459;0000269459;TENOLON 50MG 30CPDS;30062020;V;1271;1757;000;0424;0586;0000;CX;CPDS;3000;000;000;A;VITAPAN;0000269459;50;000;000;1039200450132;31052020;7898049795642;+;N;S;90324340;  ;;N;N
0000304005;0000304005;TENOXICAN 20MG 10CPDS REV.;30062020;V;2185;3020;000;2185;3020;0000;CX;CPDS;1000;000;000;A;UNIAO QUIMICA;0000304005;50;000;000;1049714180015;31052023;7896006238508;+;N;S;90414179;  ;;S;N
0000317203;0000317203;TERMOMED IBUP 100MG/ML SUSP.ORAL GTS.20ML;01092020;V;826;1100;000;0413;0550;0000;FR;ML;2000;000;000;A;SANOFI MEDLEY;0000317203;50;000;000;1832600640026;31072030;7896422527248;-;N;S;;  ;;N;N
0000317204;0000317204;TERMOMED IBUP 50MG/ML SUSP.ORAL GTS 30ML;01092020;V;982;1308;000;0327;0436;0000;FR;ML;3000;000;000;A;SANOFI MEDLEY;0000317204;50;000;000;1832600640018;31072030;7896422527309;-;N;S;;  ;;N;N
0000302046;0000302046;TESS 2+0,035MG 21CPDS REV.;30062020;V;1489;2058;000;0000;0000;0000;CX;CPDS;2100;000;000;A;UNIAO QUIMICA;0000302046;50;000;000;1049714090016;30062021;7896006214946;+;N;N;90414098;  ;;N;N
0000315165;0000315165;TETRAXIM SUSP.INJ.SER.PREENC.0,5ML+AG.;30062020;V;8583;11865;000;0000;0000;0000;CX;SER;100;000;000;A;SANOFI MEDLEY;0000315165;50;000;000;1832603890010;30112025;7891058999599;+;N;N;90477421;  ;;N;N
0000286275;0000286275;TEUBILIV 5MG 30CPDS;07072020;V;4587;6111;000;1529;2037;0000;CX;CPDS;3000;000;000;A;TEUTO BRAS;0000286275;50;000;000;1037006900040;30072021;7896112100782;-;N;S;90361431;  ;;N;N
0000252171;0000252171;TEUPANTOL 50MG/G POM.DERM.EPOXI FENOLICO 30G;07072020;V;1347;1795;000;0449;0598;0000;BG;GR;3000;000;000;A;TEUTO BRAS;0000252171;50;000;000;1037005910026;31012023;7896112164890;-;N;S;90259297;  ;;N;N
0000270145;0000270145;TEUSIL 25MG 30CPDS;02032021;V;437;604;000;0146;0201;0000;CX;CPDS;3000;000;000;A;TEUTO BRAS;0000270145;50;000;000;1037006670185;30012021;7896112198659;+;N;S;90350812;  ;;N;N
0000270146;0000270146;TEUSIL 50MG 30CPDS;07072020;V;2028;2804;000;0676;0935;0000;CX;CPDS;3000;000;000;A;TEUTO BRAS;0000270146;50;000;000;1037006670290;30012021;7896112198772;+;N;S;90350804;  ;;N;N
0000263821;0000263821;TEUTOFORMIN 500MG BL.AL.PLAST.INC.30CPDS;07072020;V;396;547;000;0132;0182;0000;CX;CPDS;3000;000;000;A;TEUTO BRAS;0000263821;50;000;000;1037006260076;30062020;7896112194279;+;N;S;90339665;  ;;N;N
0000263819;0000263819;TEUTOFORMIN 850MG BL.AL.PLAST.INC.30CPDS;07072020;V;419;579;000;0140;0193;0000;CX;CPDS;3000;000;000;A;TEUTO BRAS;0000263819;50;000;000;1037006260025;30062020;7896112194262;+;N;S;90339657;  ;;N;N
0000271453;0000271453;TEUTOZOL 20MG 28CAPS GEL.DURA;07072020;V;1249;1727;000;0446;0617;0000;CX;CAPS;2800;000;000;A;TEUTO BRAS;0000271453;50;000;000;1037006750049;31032021;7896112150855;+;N;S;90350995;  ;;N;N
0000271454;0000271454;TEUTOZOL 20MG 56CAPS GEL.DURA;07072020;V;2199;3040;000;0393;0543;0000;CX;CAPS;5600;000;000;A;TEUTO BRAS;0000271454;50;000;000;1037006750091;VIGENTE;7896112150862;+;N;S;90350987;  ;;N;N
0000270147;0000270147;TEUTRAZI 500MG 3CPDS REV.;07072020;V;1399;1934;000;4663;6447;0000;CX;CPDS;300;000;000;A;TEUTO BRAS;0000270147;50;000;000;1037006720026;28022021;7896112134367;+;N;S;90339592;  ;;N;N
0000270148;0000270148;TEUTRAZI 500MG 5CPDS REV.;07072020;V;1867;2581;000;3734;5162;0000;CX;CPDS;500;000;000;A;TEUTO BRAS;0000270148;50;000;000;1037006720042;28022021;7896112134374;+;N;S;90339584;  ;;N;N
0000173666;0000173666;TEVAGRASTIM 300MCG 1SER.PREENC.0,5ML+DISP.SEG.;19062020;F;51099;000;000;0000;0000;0000;   ;SER;100;000;000;A;TEVA;0000173666;50;000;000;1557300130040;28022020;7898919603237;+;S;N;90242017;  ;;N;N
0000173667;0000173667;TEVAOXALI 5MG/ML SOL.INJ.FA 10ML;19062020;F;242143;000;000;0000;0000;0000;FA;ML;1000;000;000;A;TEVA;0000173667;50;000;000;1557300050039;27082022;7898919603053;+;S;N;90241975;  ;;N;N
0000173668;0000173668;TEVAOXALI 5MG/ML SOL.INJ.FA 20ML;19062020;F;484301;000;000;0000;0000;0000;FA;ML;2000;000;000;A;TEVA;0000173668;50;000;000;1557300050047;27082022;7898919603060;+;S;N;90241983;  ;;N;N
0000173670;0000173670;TEVAOXALI 5MG/ML SOL.INJ.FA 40ML;19062020;F;968571;000;000;0000;0000;0000;FA;ML;4000;000;000;A;TEVA;0000173670;50;000;000;1557300050063;27082022;7898919603084;+;S;N;90242009;  ;;N;N
0000318300;0000318300;TIRA ADESIVA DINAMICO FECHAMENTO FERIDA DYNACLOSE  PEQ.4KIT C/15TIRAS;23102020;F;690000;000;000;1725000;0000;0000;CX;KIT;400;000;000;A;SALUS BIOMEDICAL;0000318300;20;000;800;81309960006;VIGENTE;; ;N;S;100906451;MC;DSX24;N;N
0000318301;0000318301;TIRA ADESIVA DINAMICO FECHAMENTO FERIDA DYNACLOSE GR.4KIT C/15TIRAS;23102020;F;1170000;000;000;2925000;0000;0000;CX;KIT;400;000;000;A;SALUS BIOMEDICAL;0000318301;20;000;800;81309960006;VIGENTE;; ;N;S;100906451;MC;DSX38;N;N
0000318303;0000318303;TIRA ADESIVA DINAMICO FECHAMENTO FERIDA SUTURESAFFE GR.3KIT C/10TIRAS;23102020;F;145000;000;000;483333;0000;0000;CX;KIT;300;000;000;A;SALUS BIOMEDICAL;0000318303;20;000;800;81309960006;VIGENTE;; ;N;S;100906451;MC;DWS14;N;N
0000318302;0000318302;TIRA ADESIVA DINAMICO FECHAMENTO FERIDA SUTURESAFFE PEQ.3KIT C/10TIRAS;23102020;F;115000;000;000;383333;0000;0000;CX;KIT;300;000;000;A;SALUS BIOMEDICAL;0000318302;20;000;800;81309960006;VIGENTE;; ;N;S;100906451;MC;DWS12;N;N
0000320608;0000320608;TIRA FLUORESCEINA 1.0MG SIDAPHARM;11022021;F;19000;000;000;1900;0000;0000;CX;UN;10000;000;000;A;VISIONAL;0000320608;20;000;000;80286920023;VIGENTE;; ;N;S;101025963;MC;91000;N;N
0000288747;0000288747;TOALHAS UMEDECIDAS CONFORT 40UNID.;09032021;F;1146;000;000;0287;0000;0000;PCT;UN;4000;000;000;P;TENA;0000288747;20;000;500;ISENTO;;; ;N;S;;MC;30102310;N;N
0000321035;0000321035;TOALHAS UMEDECIDAS DRYBABY PLUS 100UNID.;09032021;F;1215;000;000;0122;0000;0000;PCT;UN;10000;000;000;I;TENA;0000321035;20;000;500;NOTIFICACAO;;; ;N;S;;MC;301902074;N;N
0000321036;0000321036;TOALHAS UMEDECIDAS DRYBABY PLUS 50UNID.;09032021;F;675;000;000;0135;0000;0000;PCT;UN;5000;000;000;I;TENA;0000321036;20;000;500;NOTIFICACAO;;; ;N;S;;MC;301902075;N;N
0000321037;0000321037;TOALHAS UMEDECIDAS DRYBABY PLUS 50UNID.;09032021;F;675;000;000;0135;0000;0000;PCT;UN;5000;000;000;I;TENA;0000321037;20;000;500;NOTIFICACAO;;; ;N;S;;MC;301902070;N;N
0000321038;0000321038;TOALHAS UMEDECIDAS TENA ULTRACARE 40UNID.;09032021;F;1763;000;000;0441;0000;0000;PCT;UN;4000;000;000;I;TENA;0000321038;20;000;500;NOTIFICACAO;;; ;N;S;;MC;30100917;N;N
0000305514;0000305514;TOARIP 10MG 10CPDS;09062020;V;4693;6488;000;4693;6488;0000;CX;CPDS;1000;000;000;A;TORRENT;0000305514;50;000;000;1052500760010;31072023;8903855078601;+;N;S;90413768;  ;;N;N
0000305515;0000305515;TOARIP 10MG 30CPDS;01102020;V;11875;16416;000;3958;5472;0000;CX;CPDS;3000;000;000;A;TORRENT;0000305515;50;000;000;1052500760071;31072023;8903855078618;+;N;S;90413776;  ;;N;N
0000305517;0000305517;TOARIP 15MG 10CPDS;09062020;V;7040;9732;000;7040;9732;0000;CX;CPDS;1000;000;000;A;TORRENT;0000305517;50;000;000;1052500760029;31072023;8903855078625;+;N;S;90413784;  ;;N;N
0000305519;0000305519;TOARIP 15MG 30CPDS;09062020;V;20624;28511;000;6875;9504;0000;CX;CPDS;3000;000;000;A;TORRENT;0000305519;50;000;000;1052500760053;31072023;8903855078632;+;N;S;90413792;  ;;N;N
0000305521;0000305521;TOARIP 20MG 30CPDS;09062020;V;24248;33521;000;8083;11174;0000;CX;CPDS;3000;000;000;A;TORRENT;0000305521;50;000;000;1052500760061;31072023;8903855078656;+;N;S;90413814;  ;;N;N
0000305523;0000305523;TOARIP 30MG 30CPDS;09062020;V;32515;44950;000;10838;14983;0000;CX;CPDS;3000;000;000;A;TORRENT;0000305523;50;000;000;1052500760045;31072023;8903855078670;+;N;S;90413830;  ;;N;N
0000248671;0000248671;TOBRAZOL 300MG/5ML SOL.INAL.14ENV.X4AMP 5ML;19062020;F;718582;000;000;128318;0000;0000;CX;AMP;5600;000;000;A;TEVA;0000248671;50;000;000;1557300260017;31102023;7898919603770;+;N;S;90295358;  ;;N;N
0000316468;0000316468;TOPIRAMATO 100MG 60CPDS REV.;11082020;V;12290;16990;000;2048;2832;0000;CX;CPDS;6000;000;000;A;VITAPAN;0000316468;50;000;000;1039201930121;31072029;7898049797783;+;N;S;90489292;  ;;S;N
0000318314;0000318314;TOPIRAMATO 100MG 60CPDS REV.;23102020;V;9800;13548;000;1633;2258;0000;CX;CPDS;6000;000;000;A;ZYDUS NIKKHO;0000318314;50;000;000;1565100310038;31052026;7898927562304;+;N;S;90503961;  ;;S;N
0000316467;0000316467;TOPIRAMATO 25MG 60CPDS REV.;11082020;V;2713;3751;000;0452;0625;0000;CX;CPDS;6000;000;000;A;VITAPAN;0000316467;50;000;000;1039201930049;31072029;7898049797769;+;N;S;90489276;  ;;S;N
0000318313;0000318313;TOPIRAMATO 25MG 60CPDS REV.;23102020;V;2430;3360;000;0405;0560;0000;CX;CPDS;6000;000;000;A;ZYDUS NIKKHO;0000318313;50;000;000;1565100310021;31052026;7898927563547;+;N;S;90503953;  ;;S;N
0000316466;0000316466;TOPIRAMATO 50MG 60CPDS REV.;11082020;V;5924;8190;000;0987;1365;0000;CX;CPDS;6000;000;000;A;VITAPAN;0000316466;50;000;000;1039201930081;31072029;7898049797776;+;N;S;90489284;  ;;S;N
0000243922;0000243922;TORAGESIC SL 10MG 20CPDS;07072020;V;5349;7395;000;2675;3698;0000;CX;CPDS;2000;000;000;A;SIGMA PHARMA;0000243922;50;000;000;1356906110041;30092021;7894916509954;+;N;S;90295366;  ;;N;N
0000150897;0000150897;TORANTE 15MG/ML XPE.100ML+COPO;30062020;V;3475;4630;000;0348;0463;0000;FR;ML;10000;000;000;A;MOMENTA FARMACEUTICA;0000150897;50;000;000;1942700590011;31032025;7899640807512;-;N;S;90497830;  ;;N;N
0000150898;0000150898;TORANTE 15MG/ML XPE.200ML+COPO;30062020;V;5926;7895;000;0296;0395;0000;FR;ML;20000;000;000;A;MOMENTA FARMACEUTICA;0000150898;50;000;000;1942700590021;31032025;7899640807529;-;N;S;90497848;  ;;N;N
0000304927;0000304927;TORGENA 2000+500MG PO SOL.INJ.INFUS.IV 10FA;23062020;F;616505;000;000;616505;0000;0000;CX;FA;1000;000;000;A;WYETH;0000304927;50;000;000;1211004430011;30062023;7891045031806;-;S;S;90406826;  ;;N;N
0000283876;0000283876;TORLOS 25MG 30CPDS REV.;09062020;V;1914;2647;000;0638;0882;0000;CX;CPDS;3000;000;000;A;TORRENT;0000283876;50;000;000;1052500050153;30042022;8902220118430;+;N;S;90323688;  ;;N;N
0000244698;0000244698;TORLOS 50MG 30CPDS REV.;09062020;V;2928;4047;000;0976;1349;0000;CX;CPDS;3000;000;000;A;TORRENT;0000244698;50;000;000;1052500050161;30042022;8903855062013;+;N;S;90295374;  ;;N;N
0000256141;0000256141;TORLOS H 50/12,5MG 30CPDS REV.;09062020;V;3388;4684;000;1129;1561;0000;CX;CPDS;3000;000;000;A;TORRENT;0000256141;50;000;000;1052500040050;30042022;8903855062020;+;N;S;90295382;  ;;N;N
0000314967;0000314967;TORVAL CR 300MG 10CPDS REV.LIB.PROLONG.;09062020;V;918;1270;000;0918;1270;0000;CX;CPDS;1000;000;000;A;TORRENT;0000314967;50;000;000;1052500180146;31102028;8903855075358;+;N;S;90413695;  ;;N;N
0000314968;0000314968;TORVAL CR 500MG 10CPDS REV.LIB.PROLONG.;09062020;V;1533;2119;000;1533;2119;0000;CX;CPDS;1000;000;000;A;TORRENT;0000314968;50;000;000;1052500180154;31102028;8903855075365;+;N;S;90413709;  ;;N;N
0000306777;0000306777;TOTELLE CONTINUO 1,0+1,0+0,250MG 28CPDS REV.;23062020;V;6398;8844;000;2285;3159;0000;CX;CPDS;2800;000;000;A;WYETH;0000306777;50;000;000;1211002280063;31122023;7891045007719;+;N;S;90214293;  ;;N;N
0000285411;0000285411;TOUCA SANFONADA DESC.;09032021;A;048;000;000;0000;0000;0000;   ;UN;100;000;000;S;SKY DESCARTAVEIS;0000285411;20;000;000;80251280008;VIGENTE;; ;N;N;;MC;04034;N;N
0000269824;0000269824;TOUJEO 300UI/ML CRP.1,5ML+APLIC.;30062020;V;16245;22458;000;0000;0000;0000;CX;CARP;100;000;000;A;SANOFI MEDLEY;0000269824;50;000;000;1832603340010;30062025;7891058020323;+;N;N;90458419;  ;;N;N
0000295542;0000295542;TOUX 7MG/ML XPE.120ML.COP.;03072020;V;3411;4544;000;0284;0379;0000;FR;ML;12000;000;000;A;ELOFAR;0000295542;50;000;000;1038501120044;30052022;7898109240327;-;N;S;90497864;  ;;N;N
0000307531;0000307531;TRANSAMIN 250MG 12CPDS;30062020;V;4936;6576;000;4113;5480;0000;CX;CPDS;1200;000;000;A;ZYDUS NIKKHO;0000307531;50;000;000;1565100450050;31012022;7897460401668;-;N;S;;  ;;N;N
0000240302;0000240302;TRAVOPROSTA 0,04MG/ML SOL.OFT.2,5ML;19062020;V;6500;8986;000;0000;0000;0000;FR;ML;250;000;000;A;SANOFI MEDLEY;0000240302;50;000;000;1832602490019;31052023;7896422533713;+;N;N;90369971;  ;;S;N
0000262128;0000262128;TRAVOPROSTA 0,04MG/ML SOL.OFT.2,5ML;07072020;V;6279;8680;000;0000;0000;0000;FR;ML;250;000;000;A;TEUTO BRAS;0000262128;50;000;000;1037006320011;30072020;7896112173717;+;N;N;90312503;  ;;S;N
0000315072;0000315072;TRAZIMERA 150MG PO SOL.IV FA;23062020;F;192660;000;000;0000;0000;0000;CX;FA;100;000;000;A;WYETH;0000315072;50;000;000;1211004730015;31122020;7891045164108;+;S;N;90445252;  ;;N;N
0000315073;0000315073;TRAZIMERA 440MG PO SOL.IV FA+DIL.FA 20ML;23062020;F;565134;000;000;0000;0000;0000;CX;FA;100;000;000;A;WYETH;0000315073;50;000;000;1211004730023;31122020;7891045032278;+;S;N;90445805;  ;;N;N
0000314073;0000314073;TRELIM 100MG 30CPDS REV.;26062020;V;6690;9249;000;2230;3083;0000;CX;CPDS;3000;000;000;A;PRATI-DONADUZZI;0000314073;50;000;000;1256802880146;31082029;7899547532432;+;N;S;90457510;  ;;N;N
0000314074;0000314074;TRELIM 50MG 30CPDS REV.;26062020;V;3520;4866;000;1173;1622;0000;CX;CPDS;3000;000;000;A;PRATI-DONADUZZI;0000314074;50;000;000;1256802880022;31082029;7899547532319;+;N;S;90457471;  ;;N;N
0000258354;0000258354;TREPANO VACUO RECEPTOR CORONET 6,5MM 51-840;11032021;F;290566;000;000;0000;0000;0000;   ;UN;100;000;000;P;MEDIPHACOS;0000258354;20;000;800;10161020025;VIGENTE;7899330009394; ;N;N;;ME;TVR6.50;N;N
0000258355;0000258355;TREPANO VACUO RECEPTOR CORONET 6,75MM 51-840;11032021;F;290566;000;000;0000;0000;0000;   ;UN;100;000;000;P;MEDIPHACOS;0000258355;20;000;800;10161020025;VIGENTE;7899330009400; ;N;N;;ME;TVR6.75;N;N
0000258356;0000258356;TREPANO VACUO RECEPTOR CORONET 7,00MM 51-840;11032021;F;290566;000;000;0000;0000;0000;   ;UN;100;000;000;P;MEDIPHACOS;0000258356;20;000;800;10161020025;VIGENTE;7899330009417; ;N;N;;ME;TVR7.00;N;N
0000258357;0000258357;TREPANO VACUO RECEPTOR CORONET 7,25MM 51-840;11032021;F;290566;000;000;0000;0000;0000;   ;UN;100;000;000;P;MEDIPHACOS;0000258357;20;000;800;10161020025;VIGENTE;7899330009424; ;N;N;;ME;TVR7.25;N;N
0000258358;0000258358;TREPANO VACUO RECEPTOR CORONET 7,50MM 51-840;11032021;F;290566;000;000;0000;0000;0000;   ;UN;100;000;000;P;MEDIPHACOS;0000258358;20;000;800;10161020025;VIGENTE;7899330009431; ;N;N;;ME;TVR7.50;N;N
0000258359;0000258359;TREPANO VACUO RECEPTOR CORONET 7,75MM 51-840;11032021;F;290566;000;000;0000;0000;0000;   ;UN;100;000;000;P;MEDIPHACOS;0000258359;20;000;800;10161020025;VIGENTE;7899330009448; ;N;N;;ME;TVR7.75;N;N
0000258360;0000258360;TREPANO VACUO RECEPTOR CORONET 8,00MM 51-840;11032021;F;290566;000;000;0000;0000;0000;   ;UN;100;000;000;P;MEDIPHACOS;0000258360;20;000;800;10161020025;VIGENTE;7899330009455; ;N;N;;ME;TVR8.00;N;N
0000258362;0000258362;TREPANO VACUO RECEPTOR CORONET 8,25MM 51-840;11032021;F;290566;000;000;0000;0000;0000;   ;UN;100;000;000;P;MEDIPHACOS;0000258362;20;000;800;10161020025;VIGENTE;7899330009462; ;N;N;;ME;TVR8.25;N;N
0000258363;0000258363;TREPANO VACUO RECEPTOR CORONET 8,50MM 51-840;11032021;F;290566;000;000;0000;0000;0000;   ;UN;100;000;000;P;MEDIPHACOS;0000258363;20;000;800;10161020025;VIGENTE;7899330009479; ;N;N;;ME;TVR8.50;N;N
0000258364;0000258364;TREPANO VACUO RECEPTOR CORONET 8,75MM 51-840;11032021;F;290566;000;000;0000;0000;0000;   ;UN;100;000;000;P;MEDIPHACOS;0000258364;20;000;800;10161020025;VIGENTE;7899330009486; ;N;N;;ME;TVR8.75;N;N
0000258372;0000258372;TREPANO VACUO RECEPTOR CORONET 9,00MM 51-840;11032021;F;290566;000;000;0000;0000;0000;   ;UN;100;000;000;P;MEDIPHACOS;0000258372;20;000;800;10161020025;VIGENTE;7899330009493; ;N;N;;ME;TVR9.00;N;N
0000308630;0000308630;TRILAX 300+125+30+50MG 12CPDS;30062020;V;1337;1781;000;1114;1484;0000;CX;CPDS;1200;000;000;A;SANDOZ;0000308630;50;000;000;1004702670241;30052020;7897595630773;-;N;S;90403150;  ;;N;N
0000319511;0000319511;TRIPLIXAM 10+2,5+10MG 30CPDS REV.;08122020;V;8172;10888;000;2724;3629;0000;FR;CPDS;3000;000;000;A;SERVIER;0000319511;50;000;000;1127800840041;31072030;7898029550834;-;N;S;90501624;  ;;N;N
0000319510;0000319510;TRIPLIXAM 10+2,5+5MG 30CPDS REV.;08122020;V;7417;9882;000;2472;3294;0000;FR;CPDS;3000;000;000;A;SERVIER;0000319510;50;000;000;1127800840031;31072030;7898029550827;-;N;S;90501616;  ;;N;N
0000319509;0000319509;TRIPLIXAM 5+1,25+10MG 30CPDS REV.;08122020;V;5719;7619;000;1906;2540;0000;FR;CPDS;3000;000;000;A;SERVIER;0000319509;50;000;000;1127800840023;31072030;7898029550810;-;N;S;90501608;  ;;N;N
0000319507;0000319507;TRIPLIXAM 5+1,25+5MG 30CPDS REV.;08122020;V;5076;6763;000;1692;2254;0000;FR;CPDS;3000;000;000;A;SERVIER;0000319507;50;000;000;1127800840015;31072030;7898029550803;-;N;S;90501594;  ;;N;N
0000315000;0000315000;TROCARTE LAPAROSCOPICO TROPIAN S/LAMINA/FILTRO 05MM DIAM.070MM DESC.;19062020;F;100000;000;000;0000;0000;0000;CX;UN;100;000;000;A;LANGSURGICAL;0000315000;20;000;000;80285220019;VIGENTE;; ;N;N;100901913;ME;ZT-10;N;N
0000315003;0000315003;TROCARTE LAPAROSCOPICO TROPIAN S/LAMINA/FILTRO 05MM DIAM.075MM DESC.;19062020;F;100000;000;000;0000;0000;0000;CX;UN;100;000;000;A;LANGSURGICAL;0000315003;20;000;000;80285220019;VIGENTE;; ;N;N;100901913;ME;ZTC-10;N;N
0000315001;0000315001;TROCARTE LAPAROSCOPICO TROPIAN S/LAMINA/FILTRO 05MM DIAM.100MM DESC.;19062020;F;100000;000;000;0000;0000;0000;CX;UN;100;000;000;A;LANGSURGICAL;0000315001;20;000;000;80285220019;VIGENTE;; ;N;N;100901913;ME;ZT-20;N;N
0000315004;0000315004;TROCARTE LAPAROSCOPICO TROPIAN S/LAMINA/FILTRO 11MM DIAM.075MM DESC.;19062020;F;100000;000;000;0000;0000;0000;CX;UN;100;000;000;A;LANGSURGICAL;0000315004;20;000;000;80285220019;VIGENTE;; ;N;N;100901913;ME;ZTC-30;N;N
0000315005;0000315005;TROCARTE LAPAROSCOPICO TROPIAN S/LAMINA/FILTRO 12MM DIAM.075MM DESC.;19062020;F;100000;000;000;0000;0000;0000;CX;UN;100;000;000;A;LANGSURGICAL;0000315005;20;000;000;80285220019;VIGENTE;; ;N;N;100901913;ME;ZTC-40;N;N
0000315002;0000315002;TROCARTE LAPAROSCOPICO TROPIAN S/LAMINA/FILTRO 12MM DIAM.100MM DESC.;19062020;F;100000;000;000;0000;0000;0000;CX;UN;100;000;000;A;LANGSURGICAL;0000315002;20;000;000;80285220019;VIGENTE;; ;N;N;100901913;ME;ZT-40;N;N
0000314997;0000314997;TROCARTE S/LAMINAS C/FILTRO TROPIAN 02MM DIAM.100MM DESC.;19062020;F;120000;000;000;0000;0000;0000;CX;UN;100;000;000;A;LANGSURGICAL;0000314997;20;000;000;80285220021;VIGENTE;; ;N;N;100901921;ME;NZT-40F;N;N
0000314998;0000314998;TROCARTE S/LAMINAS C/FILTRO TROPIAN 05MM DIAM.070MM DESC.;19062020;F;120000;000;000;0000;0000;0000;CX;UN;100;000;000;A;LANGSURGICAL;0000314998;20;000;000;80285220021;VIGENTE;; ;N;N;100901921;ME;ZT-12F;N;N
0000314996;0000314996;TROCARTE S/LAMINAS C/FILTRO TROPIAN 05MM DIAM.100MM DESC.;19062020;F;120000;000;000;0000;0000;0000;CX;UN;100;000;000;A;LANGSURGICAL;0000314996;20;000;000;80285220021;VIGENTE;; ;N;N;100901921;ME;ZT-22F;N;N
0000314999;0000314999;TROCARTE S/LAMINAS C/FILTRO TROPIAN 11MM DIAM.100MM DESC.;19062020;F;120000;000;000;0000;0000;0000;CX;UN;100;000;000;A;LANGSURGICAL;0000314999;20;000;000;80285220021;VIGENTE;; ;N;N;100901921;ME;NZT-30F;N;N
0000159278;0000159278;TROCATER BLADELESS 10/11MM;14072020;F;132300;000;000;0000;0000;0000;BL;UN;100;000;000;A;AMERICAN INSTRUMENTS;0000159278;20;000;000;80251140062;VIGENTE;; ;N;N;100901611;ME;AI2017A;N;N
0000159277;0000159277;TROCATER BLADELESS 12MM;14072020;F;132300;000;000;0000;0000;0000;BL;UN;100;000;000;A;AMERICAN INSTRUMENTS;0000159277;20;000;000;80251140062;VIGENTE;; ;N;N;100901611;ME;AI2020A;N;N
0000106583;0000106583;TROCATER BLADELESS 5X75MM;14072020;F;132300;000;000;0000;0000;0000;BL;UN;100;000;000;A;AMERICAN INSTRUMENTS;0000106583;20;000;000;80251140062;VIGENTE;; ;N;N;100901611;ME;AI2004B;N;N
0000315615;0000315615;TROCATER BLADELESS 5X85MM;14072020;F;132300;000;000;0000;0000;0000;BL;UN;100;000;000;A;AMERICAN INSTRUMENTS;0000315615;20;000;000;80251140062;VIGENTE;; ;N;N;100901611;ME;AI2004D;N;N
0000315616;0000315616;TROCATER BLADELESS 5X95MM;14072020;F;132300;000;000;0000;0000;0000;BL;UN;100;000;000;A;AMERICAN INSTRUMENTS;0000315616;20;000;000;80251140062;VIGENTE;; ;N;N;100901611;ME;AI2004E;N;N
0000320088;0000320088;TROL PAR 37,5+325MG 10CPDS REV.;05012021;V;2110;2811;000;2110;2811;0000;CX;CPDS;1000;000;000;A;SUPERA;0000320088;50;000;000;1037202960018;30092030;7899420507007;-;N;S;90495667;  ;;N;N
0000320089;0000320089;TROL PAR 37,5+325MG 20CPDS REV.;05012021;V;3677;4899;000;1839;2450;0000;CX;CPDS;2000;000;000;A;SUPERA;0000320089;50;000;000;1037202960042;30092030;7899420507014;-;N;S;90495675;  ;;N;N
0000320087;0000320087;TROL RETARD 100MG 10CPDS REV.LIB.PROLONG.;05012021;V;5111;7066;000;5111;7066;0000;CX;CPDS;1000;000;000;A;SUPERA;0000320087;50;000;000;1037202970145;30092030;7899420508196;+;N;S;90495659;  ;;N;N
0000321072;0000321072;TUBO BLOQUEADOR ENDOBRONQUEAL AUTO INFLADOR ENDOBLOCK TAPPA 7FR;10032021;F;149000;000;000;0000;0000;0000;PCT;UN;100;000;000;I;PROMEDICA;0000321072;20;000;000;81194860004;VIGENTE;; ;N;N;100894046;ME;EBT0207;N;N
0000321073;0000321073;TUBO BLOQUEADOR ENDOBRONQUEAL AUTO INFLADOR ENDOBLOCK TAPPA 9FR;10032021;F;149000;000;000;0000;0000;0000;PCT;UN;100;000;000;I;PROMEDICA;0000321073;20;000;000;81194860004;VIGENTE;; ;N;N;100894046;ME;EBT0209;N;N
0000316416;0000316416;TUBO C/DRENO P/SUCCAO FUMACA P/CIRURGIA LAPAROSCOPICA 10MMX2,5MT;31072020;F;299000;000;000;0000;0000;0000;CX;UN;100;000;000;A;ENDO MASTER;0000316416;20;000;000;80533420082;VIGENTE;; ;N;N;100915574;MC;SV-LAP25;N;N
0000316417;0000316417;TUBO C/DRENO P/SUCCAO FUMACA P/CIRURGIA LAPAROSCOPICA 10MMX3,0MT;31072020;F;299000;000;000;0000;0000;0000;CX;UN;100;000;000;A;ENDO MASTER;0000316417;20;000;000;80533420082;VIGENTE;; ;N;N;100915574;MC;SV-LAP30;N;N
0000291459;0000291459;TUBO CORRUGADO C/VALVULA EXALATORIA;10032021;F;58198;000;000;0000;0000;0000;PT;UN;100;000;000;A;CNPH;0000291459;20;000;200;10342600049;VIGENTE;; ;N;N;;MC;;N;N
0000312617;0000312617;TUBO ENDOTRAQUEAL 010,0MM C/CUFF BECARE;20112020;L;5000;000;000;0000;0000;0000;ENV;UN;100;000;000;A;BECARE;0000312617;20;000;000;80808480049;VIGENTE;; ;N;N;100888305;MC;110402T;N;N
0000312601;0000312601;TUBO ENDOTRAQUEAL 02,0MM C/CUFF BECARE;20112020;L;5000;000;000;0000;0000;0000;ENV;UN;100;000;000;A;BECARE;0000312601;20;000;000;80808480049;VIGENTE;; ;N;N;100888305;MC;110386T;N;N
0000312429;0000312429;TUBO ENDOTRAQUEAL 02,0MM S/CUFF BECARE;20112020;L;3520;000;000;0000;0000;0000;BL;UN;100;000;000;A;BECARE;0000312429;20;000;000;80808480046;VIGENTE;; ;N;N;100888291;MC;110403T;N;N
0000312602;0000312602;TUBO ENDOTRAQUEAL 02,5MM C/CUFF BECARE;20112020;L;5000;000;000;0000;0000;0000;ENV;UN;100;000;000;A;BECARE;0000312602;20;000;000;80808480049;VIGENTE;; ;N;N;100888305;MC;110387T;N;N
0000312432;0000312432;TUBO ENDOTRAQUEAL 02,5MM S/CUFF BECARE;20112020;L;3520;000;000;0000;0000;0000;BL;UN;100;000;000;A;BECARE;0000312432;20;000;000;80808480046;VIGENTE;; ;N;N;100888291;MC;110404T;N;N
0000312603;0000312603;TUBO ENDOTRAQUEAL 03,0MM C/CUFF BECARE;20112020;L;5000;000;000;0000;0000;0000;ENV;UN;100;000;000;A;BECARE;0000312603;20;000;000;80808480049;VIGENTE;; ;N;N;100888305;MC;110388T;N;N
0000312434;0000312434;TUBO ENDOTRAQUEAL 03,0MM S/CUFF BECARE;20112020;L;3520;000;000;0000;0000;0000;BL;UN;100;000;000;A;BECARE;0000312434;20;000;000;80808480046;VIGENTE;; ;N;N;100888291;MC;110405T;N;N
0000312604;0000312604;TUBO ENDOTRAQUEAL 03,5MM C/CUFF BECARE;20112020;L;5000;000;000;0000;0000;0000;ENV;UN;100;000;000;A;BECARE;0000312604;20;000;000;80808480049;VIGENTE;; ;N;N;100888305;MC;110389T;N;N
0000312435;0000312435;TUBO ENDOTRAQUEAL 03,5MM S/CUFF BECARE;20112020;L;3520;000;000;0000;0000;0000;BL;UN;100;000;000;A;BECARE;0000312435;20;000;000;80808480046;VIGENTE;; ;N;N;100888291;MC;110406T;N;N
0000312605;0000312605;TUBO ENDOTRAQUEAL 04,0MM C/CUFF BECARE;20112020;L;5000;000;000;0000;0000;0000;ENV;UN;100;000;000;A;BECARE;0000312605;20;000;000;80808480049;VIGENTE;; ;N;N;100888305;MC;110390T;N;N
0000312437;0000312437;TUBO ENDOTRAQUEAL 04,0MM S/CUFF BECARE;20112020;L;3520;000;000;0000;0000;0000;BL;UN;100;000;000;A;BECARE;0000312437;20;000;000;80808480046;VIGENTE;; ;N;N;100888291;MC;110407T;N;N
0000312606;0000312606;TUBO ENDOTRAQUEAL 04,5MM C/CUFF BECARE;20112020;L;5000;000;000;0000;0000;0000;ENV;UN;100;000;000;A;BECARE;0000312606;20;000;000;80808480049;VIGENTE;; ;N;N;100888305;MC;110391T;N;N
0000312438;0000312438;TUBO ENDOTRAQUEAL 04,5MM S/CUFF BECARE;20112020;L;3520;000;000;0000;0000;0000;BL;UN;100;000;000;A;BECARE;0000312438;20;000;000;80808480046;VIGENTE;; ;N;N;100888291;MC;110408T;N;N
0000312607;0000312607;TUBO ENDOTRAQUEAL 05,0MM C/CUFF BECARE;20112020;L;5000;000;000;0000;0000;0000;ENV;UN;100;000;000;A;BECARE;0000312607;20;000;000;80808480049;VIGENTE;; ;N;N;100888305;MC;110392T;N;N
0000312439;0000312439;TUBO ENDOTRAQUEAL 05,0MM S/CUFF BECARE;20112020;L;3520;000;000;0000;0000;0000;BL;UN;100;000;000;A;BECARE;0000312439;20;000;000;80808480046;VIGENTE;; ;N;N;100888291;MC;110409T;N;N
0000312608;0000312608;TUBO ENDOTRAQUEAL 05,5MM C/CUFF BECARE;20112020;L;5000;000;000;0000;0000;0000;ENV;UN;100;000;000;A;BECARE;0000312608;20;000;000;80808480049;VIGENTE;; ;N;N;100888305;MC;110393T;N;N
0000312441;0000312441;TUBO ENDOTRAQUEAL 05,5MM S/CUFF BECARE;20112020;L;3520;000;000;0000;0000;0000;BL;UN;100;000;000;A;BECARE;0000312441;20;000;000;80808480046;VIGENTE;; ;N;N;100888291;MC;110410T;N;N
0000312609;0000312609;TUBO ENDOTRAQUEAL 06,0MM C/CUFF BECARE;20112020;L;5000;000;000;0000;0000;0000;ENV;UN;100;000;000;A;BECARE;0000312609;20;000;000;80808480049;VIGENTE;; ;N;N;100888305;MC;110394T;N;N
0000312442;0000312442;TUBO ENDOTRAQUEAL 06,0MM S/CUFF BECARE;20112020;L;3520;000;000;0000;0000;0000;BL;UN;100;000;000;A;BECARE;0000312442;20;000;000;80808480046;VIGENTE;; ;N;N;100888291;MC;110411T;N;N
0000312610;0000312610;TUBO ENDOTRAQUEAL 06,5MM C/CUFF BECARE;20112020;L;5000;000;000;0000;0000;0000;ENV;UN;100;000;000;A;BECARE;0000312610;20;000;000;80808480049;VIGENTE;; ;N;N;100888305;MC;110395T;N;N
0000312444;0000312444;TUBO ENDOTRAQUEAL 06,5MM S/CUFF BECARE;20112020;L;3520;000;000;0000;0000;0000;BL;UN;100;000;000;A;BECARE;0000312444;20;000;000;80808480046;VIGENTE;; ;N;N;100888291;MC;110412T;N;N
0000312611;0000312611;TUBO ENDOTRAQUEAL 07,0MM C/CUFF BECARE;20112020;L;5000;000;000;0000;0000;0000;ENV;UN;100;000;000;A;BECARE;0000312611;20;000;000;80808480049;VIGENTE;; ;N;N;100888305;MC;110396T;N;N
0000312446;0000312446;TUBO ENDOTRAQUEAL 07,0MM S/CUFF BECARE;20112020;L;3520;000;000;0000;0000;0000;BL;UN;100;000;000;A;BECARE;0000312446;20;000;000;80808480046;VIGENTE;; ;N;N;100888291;MC;110413T;N;N
0000312612;0000312612;TUBO ENDOTRAQUEAL 07,5MM C/CUFF BECARE;20112020;L;5000;000;000;0000;0000;0000;ENV;UN;100;000;000;A;BECARE;0000312612;20;000;000;80808480049;VIGENTE;; ;N;N;100888305;MC;110397T;N;N
0000312448;0000312448;TUBO ENDOTRAQUEAL 07,5MM S/CUFF BECARE;20112020;L;3520;000;000;0000;0000;0000;BL;UN;100;000;000;A;BECARE;0000312448;20;000;000;80808480046;VIGENTE;; ;N;N;100888291;MC;110414T;N;N
0000312613;0000312613;TUBO ENDOTRAQUEAL 08,0MM C/CUFF BECARE;20112020;L;5000;000;000;0000;0000;0000;ENV;UN;100;000;000;A;BECARE;0000312613;20;000;000;80808480049;VIGENTE;; ;N;N;100888305;MC;110398T;N;N
0000312449;0000312449;TUBO ENDOTRAQUEAL 08,0MM S/CUFF BECARE;20112020;L;3520;000;000;0000;0000;0000;BL;UN;100;000;000;A;BECARE;0000312449;20;000;000;80808480046;VIGENTE;; ;N;N;100888291;MC;110415T;N;N
0000312614;0000312614;TUBO ENDOTRAQUEAL 08,5MM C/CUFF BECARE;20112020;L;5000;000;000;0000;0000;0000;ENV;UN;100;000;000;A;BECARE;0000312614;20;000;000;80808480049;VIGENTE;; ;N;N;100888305;MC;110399T;N;N
0000312450;0000312450;TUBO ENDOTRAQUEAL 08,5MM S/CUFF BECARE;20112020;L;3520;000;000;0000;0000;0000;BL;UN;100;000;000;A;BECARE;0000312450;20;000;000;80808480046;VIGENTE;; ;N;N;100888291;MC;110416T;N;N
0000312615;0000312615;TUBO ENDOTRAQUEAL 09,0MM C/CUFF BECARE;20112020;L;5000;000;000;0000;0000;0000;ENV;UN;100;000;000;A;BECARE;0000312615;20;000;000;80808480049;VIGENTE;; ;N;N;100888305;MC;110400T;N;N
0000312453;0000312453;TUBO ENDOTRAQUEAL 09,0MM S/CUFF BECARE;20112020;L;3520;000;000;0000;0000;0000;BL;UN;100;000;000;A;BECARE;0000312453;20;000;000;80808480046;VIGENTE;; ;N;N;100888291;MC;110417T;N;N
0000312616;0000312616;TUBO ENDOTRAQUEAL 09,5MM C/CUFF BECARE;20112020;L;5000;000;000;0000;0000;0000;ENV;UN;100;000;000;A;BECARE;0000312616;20;000;000;80808480049;VIGENTE;; ;N;N;100888305;MC;110401T;N;N
0000312454;0000312454;TUBO ENDOTRAQUEAL 09,5MM S/CUFF BECARE;20112020;L;3520;000;000;0000;0000;0000;BL;UN;100;000;000;A;BECARE;0000312454;20;000;000;80808480046;VIGENTE;; ;N;N;100888291;MC;110418T;N;N
0000312456;0000312456;TUBO ENDOTRAQUEAL 10,0MM S/CUFF BECARE;20112020;L;3520;000;000;0000;0000;0000;BL;UN;100;000;000;A;BECARE;0000312456;20;000;000;80808480046;VIGENTE;; ;N;N;100888291;MC;110419T;N;N
0000321057;0000321057;TUBO ENDOTRAQUEAL ARAMADO C/CUFF TAPPA 03,0 INF.;10032021;F;25300;000;000;0000;0000;0000;PCT;UN;100;000;000;I;PROMEDICA;0000321057;20;000;000;81194860009;VIGENTE;; ;N;N;100906095;MC;ETT3014C;N;N
0000321058;0000321058;TUBO ENDOTRAQUEAL ARAMADO C/CUFF TAPPA 03,5 INF.;10032021;F;25300;000;000;0000;0000;0000;PCT;UN;100;000;000;I;PROMEDICA;0000321058;20;000;000;81194860009;VIGENTE;; ;N;N;100906095;MC;ETT3514C;N;N
0000321059;0000321059;TUBO ENDOTRAQUEAL ARAMADO C/CUFF TAPPA 04,0 INF.;10032021;F;25300;000;000;0000;0000;0000;PCT;UN;100;000;000;I;PROMEDICA;0000321059;20;000;000;81194860009;VIGENTE;; ;N;N;100906095;MC;ETT4014C;N;N
0000321060;0000321060;TUBO ENDOTRAQUEAL ARAMADO C/CUFF TAPPA 04,5 INF.;10032021;F;25300;000;000;0000;0000;0000;PCT;UN;100;000;000;I;PROMEDICA;0000321060;20;000;000;81194860009;VIGENTE;; ;N;N;100906095;MC;ETT4514C;N;N
0000321061;0000321061;TUBO ENDOTRAQUEAL ARAMADO C/CUFF TAPPA 05,0 INF.;10032021;F;25300;000;000;0000;0000;0000;PCT;UN;100;000;000;I;PROMEDICA;0000321061;20;000;000;81194860009;VIGENTE;; ;N;N;100906095;MC;ETT5014C;N;N
0000321062;0000321062;TUBO ENDOTRAQUEAL ARAMADO C/CUFF TAPPA 05,5 INF.;10032021;F;25300;000;000;0000;0000;0000;PCT;UN;100;000;000;I;PROMEDICA;0000321062;20;000;000;81194860009;VIGENTE;; ;N;N;100906095;MC;ETT5514C;N;N
0000321063;0000321063;TUBO ENDOTRAQUEAL ARAMADO C/CUFF TAPPA 06,0 INF.;10032021;F;25300;000;000;0000;0000;0000;PCT;UN;100;000;000;I;PROMEDICA;0000321063;20;000;000;81194860009;VIGENTE;; ;N;N;100906095;MC;ETT6014C;N;N
0000321064;0000321064;TUBO ENDOTRAQUEAL ARAMADO C/CUFF TAPPA 06,5 ADU.;10032021;F;25300;000;000;0000;0000;0000;PCT;UN;100;000;000;I;PROMEDICA;0000321064;20;000;000;81194860009;VIGENTE;; ;N;N;100906095;MC;ETT6514C;N;N
0000321065;0000321065;TUBO ENDOTRAQUEAL ARAMADO C/CUFF TAPPA 07,0 ADU.;10032021;F;25300;000;000;0000;0000;0000;PCT;UN;100;000;000;I;PROMEDICA;0000321065;20;000;000;81194860009;VIGENTE;; ;N;N;100906095;MC;ETT7014C;N;N
0000321066;0000321066;TUBO ENDOTRAQUEAL ARAMADO C/CUFF TAPPA 07,5 ADU.;10032021;F;25300;000;000;0000;0000;0000;PCT;UN;100;000;000;I;PROMEDICA;0000321066;20;000;000;81194860009;VIGENTE;; ;N;N;100906095;MC;ETT7514C;N;N
0000321067;0000321067;TUBO ENDOTRAQUEAL ARAMADO C/CUFF TAPPA 08,0 ADU.;10032021;F;25300;000;000;0000;0000;0000;PCT;UN;100;000;000;I;PROMEDICA;0000321067;20;000;000;81194860009;VIGENTE;; ;N;N;100906095;MC;ETT8014C;N;N
0000321068;0000321068;TUBO ENDOTRAQUEAL ARAMADO C/CUFF TAPPA 08,5 ADU.;10032021;F;25300;000;000;0000;0000;0000;PCT;UN;100;000;000;I;PROMEDICA;0000321068;20;000;000;81194860009;VIGENTE;; ;N;N;100906095;MC;ETT8514C;N;N
0000321069;0000321069;TUBO ENDOTRAQUEAL ARAMADO C/CUFF TAPPA 09,0 ADU.;10032021;F;25300;000;000;0000;0000;0000;PCT;UN;100;000;000;I;PROMEDICA;0000321069;20;000;000;81194860009;VIGENTE;; ;N;N;100906095;MC;ETT9014C;N;N
0000321070;0000321070;TUBO ENDOTRAQUEAL ARAMADO C/CUFF TAPPA 09,5 ADU.;10032021;F;25300;000;000;0000;0000;0000;PCT;UN;100;000;000;I;PROMEDICA;0000321070;20;000;000;81194860009;VIGENTE;; ;N;N;100906095;MC;ETT9514C;N;N
0000321071;0000321071;TUBO ENDOTRAQUEAL ARAMADO C/CUFF TAPPA 10,0 ADU.;10032021;F;25300;000;000;0000;0000;0000;PCT;UN;100;000;000;I;PROMEDICA;0000321071;20;000;000;81194860009;VIGENTE;; ;N;N;100906095;MC;ETT10014C;N;N
0000321042;0000321042;TUBO ENDOTRAQUEAL C/CUFF TAPPA 03,0 INF.;10032021;F;5830;000;000;0000;0000;0000;PCT;UN;100;000;000;I;PROMEDICA;0000321042;20;000;000;81194860006;VIGENTE;; ;N;N;100906079;MC;ETT3011C;N;N
0000321043;0000321043;TUBO ENDOTRAQUEAL C/CUFF TAPPA 03,5 INF.;10032021;F;5830;000;000;0000;0000;0000;PCT;UN;100;000;000;I;PROMEDICA;0000321043;20;000;000;81194860006;VIGENTE;; ;N;N;100906079;MC;ETT3511C;N;N
0000321044;0000321044;TUBO ENDOTRAQUEAL C/CUFF TAPPA 04,0 INF.;10032021;F;5830;000;000;0000;0000;0000;PCT;UN;100;000;000;I;PROMEDICA;0000321044;20;000;000;81194860006;VIGENTE;; ;N;N;100906079;MC;ETT4011C;N;N
0000321045;0000321045;TUBO ENDOTRAQUEAL C/CUFF TAPPA 04,5 INF.;10032021;F;5830;000;000;0000;0000;0000;PCT;UN;100;000;000;I;PROMEDICA;0000321045;20;000;000;81194860006;VIGENTE;; ;N;N;100906079;MC;ETT4511C;N;N
0000321046;0000321046;TUBO ENDOTRAQUEAL C/CUFF TAPPA 05,0 INF.;10032021;F;5830;000;000;0000;0000;0000;PCT;UN;100;000;000;I;PROMEDICA;0000321046;20;000;000;81194860006;VIGENTE;; ;N;N;100906079;MC;ETT5011C;N;N
0000321047;0000321047;TUBO ENDOTRAQUEAL C/CUFF TAPPA 05,5 INF.;10032021;F;5830;000;000;0000;0000;0000;PCT;UN;100;000;000;I;PROMEDICA;0000321047;20;000;000;81194860006;VIGENTE;; ;N;N;100906079;MC;ETT5511C;N;N
0000321048;0000321048;TUBO ENDOTRAQUEAL C/CUFF TAPPA 06,0 INF.;10032021;F;5830;000;000;0000;0000;0000;PCT;UN;100;000;000;I;PROMEDICA;0000321048;20;000;000;81194860006;VIGENTE;; ;N;N;100906079;MC;ETT6011C;N;N
0000321049;0000321049;TUBO ENDOTRAQUEAL C/CUFF TAPPA 06,5 ADU.;10032021;F;5830;000;000;0000;0000;0000;PCT;UN;100;000;000;I;PROMEDICA;0000321049;20;000;000;81194860006;VIGENTE;; ;N;N;100906079;MC;ETT6511C;N;N
0000321050;0000321050;TUBO ENDOTRAQUEAL C/CUFF TAPPA 07,0 ADU.;10032021;F;5830;000;000;0000;0000;0000;PCT;UN;100;000;000;I;PROMEDICA;0000321050;20;000;000;81194860006;VIGENTE;; ;N;N;100906079;MC;ETT7011C;N;N
0000321051;0000321051;TUBO ENDOTRAQUEAL C/CUFF TAPPA 07,5 ADU.;10032021;F;5830;000;000;0000;0000;0000;PCT;UN;100;000;000;I;PROMEDICA;0000321051;20;000;000;81194860006;VIGENTE;; ;N;N;100906079;MC;ETT7511C;N;N
0000321052;0000321052;TUBO ENDOTRAQUEAL C/CUFF TAPPA 08,0 ADU.;10032021;F;5830;000;000;0000;0000;0000;PCT;UN;100;000;000;I;PROMEDICA;0000321052;20;000;000;81194860006;VIGENTE;; ;N;N;100906079;MC;ETT8011C;N;N
0000321053;0000321053;TUBO ENDOTRAQUEAL C/CUFF TAPPA 08,5 ADU.;10032021;F;5830;000;000;0000;0000;0000;PCT;UN;100;000;000;I;PROMEDICA;0000321053;20;000;000;81194860006;VIGENTE;; ;N;N;100906079;MC;ETT8511C;N;N
0000321054;0000321054;TUBO ENDOTRAQUEAL C/CUFF TAPPA 09,0 ADU.;10032021;F;5830;000;000;0000;0000;0000;PCT;UN;100;000;000;I;PROMEDICA;0000321054;20;000;000;81194860006;VIGENTE;; ;N;N;100906079;MC;ETT9011C;N;N
0000321055;0000321055;TUBO ENDOTRAQUEAL C/CUFF TAPPA 09,5 ADU.;10032021;F;5830;000;000;0000;0000;0000;PCT;UN;100;000;000;I;PROMEDICA;0000321055;20;000;000;81194860006;VIGENTE;; ;N;N;100906079;MC;ETT9511C;N;N
0000321056;0000321056;TUBO ENDOTRAQUEAL C/CUFF TAPPA 10,0 ADU.;10032021;F;5830;000;000;0000;0000;0000;PCT;UN;100;000;000;I;PROMEDICA;0000321056;20;000;000;81194860006;VIGENTE;; ;N;N;100906079;MC;ETT10011C;N;N
0000314820;0000314820;TUBO P/ASPIRACAO FUMACA C/SUPORTE P/CIRURGIA ABERTA 22MMX3,0MT;29052020;F;311000;000;000;0000;0000;0000;CX;UN;100;000;000;A;ENDO MASTER;0000314820;20;000;000;80533420077;VIGENTE;; ;N;N;100903339;MC;SV-AB2230;N;N
0000314821;0000314821;TUBO P/ASPIRACAO FUMACA P/CIRURGIA ABERTA C/01VIA 22MMX3,0MT;29052020;F;245000;000;000;0000;0000;0000;CX;UN;100;000;000;A;ENDO MASTER;0000314821;20;000;000;80533420077;VIGENTE;; ;N;N;100903339;MC;SV-AB1-2230;N;N
0000314822;0000314822;TUBO P/ASPIRACAO FUMACA P/CIRURGIA ABERTA C/04VIAS 22MMX3,5MT;29052020;F;298000;000;000;0000;0000;0000;CX;UN;100;000;000;A;ENDO MASTER;0000314822;20;000;000;80533420077;VIGENTE;; ;N;N;100903339;MC;SV-AB4-2235;N;N
0000314818;0000314818;TUBO P/ASPIRACAO FUMACA P/CIRURGIA LAPAROSCOPICA 10MMX2,5MT;29052020;F;299000;000;000;0000;0000;0000;CX;UN;100;000;000;A;ENDO MASTER;0000314818;20;000;000;80533420077;VIGENTE;; ;N;N;100903339;MC;SV-LAP25;N;N
0000314819;0000314819;TUBO P/ASPIRACAO FUMACA P/CIRURGIA LAPAROSCOPICA 10MMX3,0MT;29052020;F;299000;000;000;0000;0000;0000;CX;UN;100;000;000;A;ENDO MASTER;0000314819;20;000;000;80533420077;VIGENTE;; ;N;N;100903339;MC;SV-LAP30;N;N
0000174504;0000174504;TYLIDOL 500MG 40BLX5CPDS;07072020;V;6821;9088;000;0341;0454;0000;CX;CPDS;20000;000;000;A;TEUTO BRAS;0000174504;50;000;000;1037000940113;31032021;7896112171294;-;N;S;90258339;  ;;N;N
0000251233;0000251233;TYLIDOL 750MG 200CPDS(20BLX10CPDS);07072020;V;6826;9094;000;0341;0455;0000;CX;CPDS;20000;000;000;A;TEUTO BRAS;0000251233;50;000;000;1037000940105;31032021;7896112171300;-;N;S;90258320;  ;;N;N
0000292342;0000292342;UCIOSE 6MG 2CPDS;21072020;V;1311;1812;000;6555;9060;0000;CX;CPDS;200;000;000;A;UCI-FARMA;0000292342;50;000;000;1055001890010;31052027;7897655400278;+;N;S;90387120;  ;;N;N
0000292343;0000292343;UCIOSE 6MG 4CPDS;21072020;V;1920;2654;000;4800;6635;0000;CX;CPDS;400;000;000;A;UCI-FARMA;0000292343;50;000;000;1055001890029;31052027;7897655400209;+;N;S;90387112;  ;;N;N
0000178453;0000178453;UNI VIR 200MG 200CPDS;30062020;F;52218;000;000;2611;0000;0000;CX;CPDS;20000;000;000;A;UNIAO QUIMICA;0000178453;50;000;000;1049701940121;31012021;7896006202820;+;N;S;90261330;  ;;N;N
0000240317;0000240317;UNI VIR 200MG 25CPDS;30062020;V;6526;9022;000;2610;3609;0000;CX;CPDS;2500;000;000;A;UNIAO QUIMICA;0000240317;50;000;000;1049701940083;31012021;7896006202783;+;N;S;90261321;  ;;N;N
0000302551;0000302551;UNI VIR 250MG PO LIOF.P/SOL.INJ.5FA;30062020;V;40755;56341;000;81510;112682;0000;CX;FA;500;000;000;A;UNIAO QUIMICA;0000302551;50;000;000;1049701940040;31012021;7896006211211;+;N;S;90414187;  ;;N;N
0000317772;0000317772;UNIFENTAL 50MCG/ML SOL.INJ.25AMP 10ML;01102020;F;16006;000;000;6402;0000;0000;CX;AMP;2500;000;000;A;UNIAO QUIMICA;0000317772;50;000;000;1049702640131;31052027;7896006218616;+;S;S;90494083;  ;;N;N
0000302037;0000302037;UNIFENTAL SAFETY PACK 50MCG/ML SOL.INJ.50AMP 2ML;30062020;F;6401;000;000;1280;0000;0000;CX;AMP;5000;000;000;A;UNIAO QUIMICA;0000302037;50;000;000;1049702640083;31052022;7896006224808;+;S;S;90210670;  ;;N;N
0000269314;0000269314;UNIPRAZOL 20MG 56CAPS GEL.;30062020;V;2381;3292;000;0425;0588;0000;CX;CPDS;5600;000;000;A;UNIAO QUIMICA;0000269314;50;000;000;1049711960141;30062021;7896006290285;+;N;S;90324013;  ;;N;N
0000315256;0000315256;UNIPRAZOL 20MG 98CAPS DURA;01092020;V;3900;5392;000;0398;0550;0000;CX;CAPS;9800;000;000;A;UNIAO QUIMICA;0000315256;50;000;000;1049711960168;30062026;7896006290315;+;N;S;90446054;  ;;N;N
0000255424;0000255424;UNIPRAZOL 20MG BL.28CAPS DURA;30062020;V;1327;1834;000;0474;0655;0000;CX;CAPS;2800;000;000;A;UNIAO QUIMICA;0000255424;50;000;000;1049711960133;30062021;7896006205883;+;N;S;90323980;  ;;N;N
0000291410;0000291410;UNIPRAZOL 40MG PO SOL.INJ.50FA+50AMP DIL.10ML;30062020;F;206125;000;000;41225;0000;0000;CX;FA;5000;000;000;A;UNIAO QUIMICA;0000291410;50;000;000;1049711960206;30062021;7896006234210;-;S;S;90387180;  ;;N;N
0000305621;0000305621;UNO CICLO 150+10MG/ML SOL.INJ.AMP 1ML+SER.;30062020;V;1243;1718;000;0000;0000;0000;CX;AMP;100;000;000;A;UNIAO QUIMICA;0000305621;50;000;000;1049714220025;30062023;7896006216674;+;N;N;90429176;  ;;N;N
0000256975;0000256975;URSACOL 150MG 30CPDS;07072020;V;8971;12402;000;2990;4134;0000;CX;CPDS;3000;000;000;A;ZAMBON;0000256975;50;000;000;1008400670111;31072025;7898074618435;+;N;S;90324501;  ;;N;N
0000256977;0000256977;URSACOL 300MG 30CPDS;07072020;V;17732;24513;000;5911;8171;0000;CX;CPDS;3000;000;000;A;ZAMBON;0000256977;50;000;000;1008400670144;31072025;7898074618442;+;N;S;90324510;  ;;N;N
0000256972;0000256972;URSACOL 50MG 30CPDS;07072020;V;3622;5007;000;1207;1669;0000;CX;CPDS;3000;000;000;A;ZAMBON;0000256972;50;000;000;1008400670081;31072025;7898074614857;+;N;S;90324498;  ;;N;N
0000265471;0000265471;VACINA CONTRA GRIPE VAXIGRIP 1FA 5ML;30062020;V;38148;52737;000;0000;0000;0000;FA;ML;500;000;000;A;SANOFI MEDLEY;0000265471;50;000;000;1832603400031;31082029;3660053146208;+;N;N;90457048;  ;;N;N
0000269244;0000269244;VAGICAND 0,02G/G CRM.VAG.1BG 40G;30062020;V;2509;3343;000;0000;0000;0000;BG;GR;4000;000;000;A;SUPERA;0000269244;50;000;000;1037202560011;31102020;7898943707703;-;N;N;90345150;  ;;N;N
0000306763;0000306763;VALDOXAN 25MG 56CPDS;03072020;V;26533;35350;000;4738;6313;0000;CX;CPDS;5600;000;000;A;SERVIER;0000306763;50;000;000;1127800730082;31032024;;-;N;S;90412770;  ;;N;N
0000318210;0000318210;VALPROATO SODIO 300MG 25CPDS REV.LIB.RETARD.;15102020;V;1370;1894;000;0548;0758;0000;CX;CPDS;2500;000;000;A;PRATI-DONADUZZI;0000318210;50;000;000;1256803010013;31122029;7899547523751;+;N;S;90489446;  ;;S;N
0000318211;0000318211;VALPROATO SODIO 500MG 50CPDS REV.LIB.RETARD.;15102020;V;3604;4982;000;0721;0996;0000;CX;CPDS;5000;000;000;A;PRATI-DONADUZZI;0000318211;50;000;000;1256803010080;31122029;7899547523805;+;N;S;90445228;  ;;S;N
0000313333;0000313333;VALPROATO SODIO 50MG/ML XPE.100ML+CP.MED.;01032020;V;852;1178;000;0085;0118;0000;FR;ML;10000;000;000;A;TEUTO BRAS;0000313333;50;000;000;1037004650055;09052025;7896112154747;+;N;S;90489438;  ;;S;N
0000244802;0000244802;VALPROATO SODIO 50MG/ML XPE.50FR 100ML+50CP.MED;26062020;F;47002;000;000;9400;0000;0000;CX;FR;5000;000;000;A;PRATI-DONADUZZI;0000244802;50;000;000;1256802340052;30062022;7899547508352;+;S;S;90274989;  ;;S;N
0000244801;0000244801;VALPROATO SODIO 50MG/ML XPE.FR PLAST.100ML+CP.MED;26062020;V;868;1200;000;0087;0120;0000;FR;ML;10000;000;000;A;PRATI-DONADUZZI;0000244801;50;000;000;1256802340028;30062022;7899547508321;+;N;S;90274954;  ;;S;N
0000314342;0000314342;VALSARTANA 160MG 30CPDS REV.;07072020;V;3611;4992;000;1204;1664;0000;CX;CPDS;3000;000;000;A;TEUTO BRAS;0000314342;50;000;000;1037007200247;31102028;7896112192626;+;N;S;90477570;  ;;S;N
0000304926;0000304926;VALSARTANA 80MG 30CPS REV.;07072020;V;3611;4992;000;1204;1664;0000;CX;CPDS;3000;000;000;A;TEUTO BRAS;0000304926;50;000;000;1037007200069;31102023;7896112192466;+;N;S;90425987;  ;;S;N
0000307283;0000307283;VALSARTANA+ANLODIPINO 160+5MG 28CPDS REV.;30062020;V;4534;6268;000;1619;2239;0000;CX;CPDS;2800;000;000;A;SANDOZ;0000307283;50;000;000;1004705750068;31122020;7897595634917;+;N;S;90402979;  ;;S;N
0000296933;0000296933;VALSARTANA+HIDROCLOROTIAZIDA 160+12,5MG 30CPDS REV.;07072020;V;3424;4733;000;1141;1578;0000;CX;CPDS;3000;000;000;A;RANBAXY;0000296933;50;000;000;1235202340059;06072020;7897076915917;+;N;S;90322100;  ;;S;N
0000296934;0000296934;VALSARTANA+HIDROCLOROTIAZIDA 160+25MG 30CPDS REV.;07072020;V;3451;4771;000;1150;1590;0000;CX;CPDS;3000;000;000;A;RANBAXY;0000296934;50;000;000;1235202340121;06072020;7897076915948;+;N;S;90322070;  ;;S;N
0000296932;0000296932;VALSARTANA+HIDROCLOROTIAZIDA 80+12,5MG 30CPDS REV.;07072020;V;3402;4702;000;1134;1567;0000;CX;CPDS;3000;000;000;A;RANBAXY;0000296932;50;000;000;1235202340024;06072020;7897076915887;+;N;S;90322134;  ;;S;N
0000307286;0000307286;VALSARTANA+HIDROCLOROTIAZIDA+BESILATO ANLODIPINO 160+12,5+5MG 28CPDS REV.;30062020;V;7084;9793;000;2530;3498;0000;CX;CPDS;2800;000;000;A;SANDOZ;0000307286;50;000;000;1004705830037;30042021;7897595634764;+;N;S;90403002;  ;;S;N
0000307284;0000307284;VALSARTANA+HIDROCLOROTIAZIDA+BESILATO ANLODIPINO 160+25+5MG 28CPDS REV.;30062020;V;7084;9793;000;2530;3498;0000;CX;CPDS;2800;000;000;A;SANDOZ;0000307284;50;000;000;1004705830096;30042021;7897595634825;+;N;S;90402987;  ;;S;N
0000307285;0000307285;VALSARTANA+HIDROCLOROTIAZIDA+BESILATO ANLODIPINO 320+25+10MG 28CPDS REV.;30062020;V;8341;11531;000;2979;4118;0000;CX;CPDS;2800;000;000;A;SANDOZ;0000307285;50;000;000;1004705830150;30042021;7897595635082;+;N;S;90402995;  ;;S;N
0000318481;0000318481;VALTRIAN HCT 50+12,5MG BL.AL.AL.30CPDS REV.;01112020;V;2924;4042;000;0975;1347;0000;CX;CPDS;3000;000;000;A;SANOFI MEDLEY;0000318481;50;000;000;1832601120080;30072028;7896422518079;+;N;S;90484622;  ;;N;N
0000321112;0000321112;VALVULA FALA P/TRAQUEOSTOMIA;12032021;F;38000;000;000;0000;0000;0000;CX;UN;100;000;000;I;FUNDACAO ADIB JATENE;0000321112;20;000;000;10264470036;VIGENTE;; ;N;N;100912494;PT;PRD1001522;N;N
0000316357;0000316357;VALVULA HEMOSTATICA CONECTOR Y;30072020;F;25500;000;000;0000;0000;0000;PCT;UN;100;000;000;A;HOMACC;0000316357;20;000;000;80279421055;VIGENTE;; ;N;N;100886221;ME;YNP50;N;N
0000277295;0000277295;VANCOTRAT 500MG PO SOL.INJ.50FR;30062020;F;187650;000;000;37530;0000;0000;CX;FR;5000;000;000;A;UNIAO QUIMICA;0000277295;50;000;000;1049702420024;30112021;7896006299417;+;S;S;90355865;  ;;N;N
0000263217;0000263217;VARFARINA SODICA 5MG 30CPDS;30062020;V;1068;1476;000;0356;0492;0000;CX;CPDS;3000;000;000;A;UNIAO QUIMICA;0000263217;50;000;000;1049713230078;30112020;7896006209690;+;N;S;90324005;  ;;S;N
0000319236;0000319236;VASTAREL CAPS LP 80MG 30CAPS DURA LIB.PROLONG.;25112020;V;11779;16284;000;3926;5428;0000;CX;CAPS;3000;000;000;A;SERVIER;0000319236;50;000;000;1127800790018;28022030;7898029558755;+;N;S;90470613;  ;;N;N
0000308981;0000308981;VELAMOX BD 80MG/ML PO SUSP.ORAL 100ML+SER.DOS.;09072019;V;2409;3330;000;0241;0333;0000;FR;ML;10000;000;000;A;SIGMA PHARMA;0000308981;50;000;000;1356907200011;31052022;;+;N;S;90437560;  ;;N;N
0000277160;0000277160;VELENAXOL 200MG PO LIOF.SOL.INJ.FA;30062020;V;128821;178087;000;0000;0000;0000;CX;FA;100;000;000;A;SANDOZ;0000277160;50;000;000;1004705880018;31052021;7897595630087;+;N;N;90350553;  ;;N;N
0000260356;0000260356;VENAFLON 450+50MG 60CPDS REV.;01102020;V;9999;13322;000;1667;2220;0000;BL;CPDS;6000;000;000;A;TEUTO BRAS;0000260356;50;000;000;1037002670024;31102029;7896112116554;-;N;S;90312392;  ;;N;N
0000315451;0000315451;VENAFLON 900+100MG 30CPDS REV.;07072020;V;8190;10912;000;2730;3637;0000;CX;CPDS;3000;000;000;A;TEUTO BRAS;0000315451;50;000;000;1037002670075;31102029;7896112102908;-;N;S;90482840;  ;;N;N
0000315452;0000315452;VENAFLON 900+100MG 60CPDS REV.;07072020;V;15560;20731;000;2593;3455;0000;CX;CPDS;6000;000;000;A;TEUTO BRAS;0000315452;50;000;000;1037002670083;31102029;7896112104070;-;N;S;90482859;  ;;N;N
0000316283;0000316283;VENDEXLA 50MG 7CPDS REV.LIB.PROL.;01082020;V;2894;4001;000;4134;5716;0000;CX;CPDS;700;000;000;A;MOMENTA FARMACEUTICA;0000316283;50;000;000;1942700730212;30062028;7899640807802;+;N;S;90421426;  ;;N;N
0000297146;0000297146;VENIZ XR 150MG 10CPDS LIB.PROLONG.;07072020;V;8123;11230;000;8123;11230;0000;CX;CPDS;1000;000;000;A;SUN FARMACEUTICA;0000297146;50;000;000;1468200360231;30112024;7898524981201;+;N;S;90386671;  ;;N;N
0000256211;0000256211;VENIZ XR 150MG 30CPDS LIB.PROLONG.;01092020;V;23163;32021;000;7721;10674;0000;CX;CPDS;3000;000;000;A;SUN FARMACEUTICA;0000256211;50;000;000;1468200360205;30112029;7898524980129;+;N;S;90323076;  ;;N;N
0000297149;0000297149;VENIZ XR 37,5MG 10CPDS LIB.PROLONG.;07072020;V;2440;3373;000;2440;3373;0000;CX;CPDS;1000;000;000;A;SUN FARMACEUTICA;0000297149;50;000;000;1468200360213;30112024;7898524981188;+;N;S;90386655;  ;;N;N
0000256214;0000256214;VENIZ XR 37,5MG 30CPDS LIB.PROLONG.;01092020;V;6960;9622;000;2320;3207;0000;CX;CPDS;3000;000;000;A;SUN FARMACEUTICA;0000256214;50;000;000;1468200360108;30112029;7898524980044;+;N;S;90323017;  ;;N;N
0000297148;0000297148;VENIZ XR 75MG 10CPDS LIB.PROLONG.;07072020;V;5039;6966;000;5039;6966;0000;CX;CPDS;1000;000;000;A;SUN FARMACEUTICA;0000297148;50;000;000;1468200360221;30112024;7898524981195;+;N;S;90386663;  ;;N;N
0000256217;0000256217;VENIZ XR 75MG 30CPDS LIB.PROLONG.;01092020;V;14367;19862;000;4789;6621;0000;CX;CPDS;3000;000;000;A;SUN FARMACEUTICA;0000256217;50;000;000;1468200360159;30112029;7898524980082;+;N;S;90323041;  ;;N;N
0000256137;0000256137;VENLIFT OD 150MG 30CAPS GEL.DURA;09062020;V;8295;11467;000;2765;3822;0000;CX;CAPS;3000;000;000;A;TORRENT;0000256137;50;000;000;1052500140101;31052023;8903855062822;+;N;S;90295765;  ;;N;N
0000256138;0000256138;VENLIFT OD 37,5MG 30CAPS GEL.DURA ACAO PROLONG.;09062020;V;2748;3799;000;0916;1266;0000;CX;CAPS;3000;000;000;A;TORRENT;0000256138;50;000;000;1052500140111;31052023;8903855061993;+;N;S;90295773;  ;;N;N
0000256143;0000256143;VENLIFT OD 75MG 30CAPS GEL.DURA;09062020;V;6119;8459;000;2040;2820;0000;CX;CAPS;3000;000;000;A;TORRENT;0000256143;50;000;000;1052500140098;31052023;8903855062006;+;N;S;90295757;  ;;N;N
0000304706;0000304706;VENLIFT OD 75MG 7CPDS REV.;09062020;V;1427;1972;000;2039;2817;0000;CX;CPDS;700;000;000;A;TORRENT;0000304706;50;000;000;1052500140055;31052023;8902220107229;+;N;S;90413741;  ;;N;N
0000315282;0000315282;VENVANSE 30MG 28CAPS GEL.DURA;03072020;V;27959;37250;000;9985;13304;0000;CX;CAPS;2800;000;000;A;SHIRE FARMACEUTICA;0000315282;50;000;000;1697900040013;31072025;7898924769041;-;N;S;90202406;  ;;N;N
0000315281;0000315281;VENVANSE 50MG 28CAPS GEL.DURA;03072020;V;33905;45172;000;12109;16133;0000;CX;CAPS;2800;000;000;A;SHIRE FARMACEUTICA;0000315281;50;000;000;1697900040021;31072025;7898924769058;-;N;S;90202414;  ;;N;N
0000315283;0000315283;VENVANSE 70MG 28CAPS GEL.DURA;03072020;V;33905;45172;000;12109;16133;0000;CX;CAPS;2800;000;000;A;SHIRE FARMACEUTICA;0000315283;50;000;000;1697900040031;31072025;7898924769065;-;N;S;90202422;  ;;N;N
0000308632;0000308632;VEQUILE 50MG/ML SOL.INJ.2SER.+ AG.PREENCH.5ML;30062020;F;740965;000;000;3704825;0000;0000;CX;SER;200;000;000;A;SANDOZ;0000308632;50;000;000;1004706130020;30092023;7897595635372;+;N;S;90403266;  ;;N;N
0000308650;0000308650;VEQUILE 50MG/MLSOL.INJ.1SER.+AG.PREENC.5ML;30062020;F;370480;000;000;3704800;0000;0000;CX;SER;100;000;000;A;SANDOZ;0000308650;50;000;000;1004706130012;30092023;7897595635365;+;N;S;90403258;  ;;N;N
0000246252;0000246252;VIATINE 10MG 10CPDS REV.;30062020;V;1579;2183;000;1579;2183;0000;CX;CPDS;1000;000;000;A;SCHERING PLOUGH;0000246252;50;000;000;1017101970013;31122023;7897572003927;+;N;S;90320824;  ;;N;N
0000246256;0000246256;VIATINE 10MG 30CPDS REV.;30062020;V;4965;6864;000;1655;2288;0000;CX;CPDS;3000;000;000;A;SCHERING PLOUGH;0000246256;50;000;000;1017101970031;31122023;7897572003934;+;N;S;90320832;  ;;N;N
0000246249;0000246249;VIATINE 4MG 10CPDS MAST.;30062020;V;1791;2476;000;1791;2476;0000;CX;CPDS;1000;000;000;A;SCHERING PLOUGH;0000246249;50;000;000;1017101970072;31122023;7897572003965;+;N;S;90320875;  ;;N;N
0000246253;0000246253;VIATINE 4MG 30CPDS REV.;30062020;V;5376;7432;000;1792;2477;0000;CX;CPDS;3000;000;000;A;SCHERING PLOUGH;0000246253;50;000;000;1017101970080;31122023;7897572003972;+;N;S;90320867;  ;;N;N
0000246250;0000246250;VIATINE 4MG GRAN.10ENV.;30062020;V;2110;2917;000;2110;2917;0000;CX;ENV;1000;000;000;A;SCHERING PLOUGH;0000246250;50;000;000;1017101970099;31122018;7897572003941;+;N;S;90320883;  ;;N;N
0000246251;0000246251;VIATINE 5MG 10CPDS MAST.;30062020;V;2061;2849;000;2061;2849;0000;CX;CPDS;1000;000;000;A;SCHERING PLOUGH;0000246251;50;000;000;1017101970048;31122023;7897572003989;+;N;S;90320840;  ;;N;N
0000246255;0000246255;VIATINE 5MG 30CPDS MAST.;30062020;V;6180;8543;000;2060;2848;0000;CX;CPDS;3000;000;000;A;SCHERING PLOUGH;0000246255;50;000;000;1017101970056;31122023;7897572004009;+;N;S;90320859;  ;;N;N
0000315889;0000315889;VICK VAPORUB 28,2+52,6+13,3MG/G UNG.100G;14072020;V;4502;5998;000;0000;0000;0000;PT;GRS;10000;000;000;A;PROCTER;0000315889;50;000;000;1214200090060;31082025;7500435157599;-;N;N;90483286;  ;;N;N
0000316172;0000316172;VIGORA NATURE OLEO COCO 60CAPS;21072020;F;3720;000;000;0620;0000;0000;FR;CAPS;6000;000;000;A;PRATI-DONADUZZI;0000316172;50;000;000;ISENTO;;7899547531169; ;N;S;;  ;;N;S
0000316173;0000316173;VIGORA NATURE OMEGA 3 120CAPS;21072020;F;6026;000;000;0502;0000;0000;FR;CAPS;12000;000;000;A;PRATI-DONADUZZI;0000316173;50;000;000;ISENTO;;7899547530834; ;N;S;;  ;;N;S
0000316174;0000316174;VIGORA NATURE OMEGA 3 60CAPS;21072020;F;3720;000;000;0620;0000;0000;FR;CAPS;6000;000;000;A;PRATI-DONADUZZI;0000316174;50;000;000;ISENTO;;7899547530810; ;N;S;;  ;;N;S
0000316175;0000316175;VIGORA NATURE OMEGA 3 90CAPS;21072020;F;5022;000;000;0558;0000;0000;FR;CAPS;9000;000;000;A;PRATI-DONADUZZI;0000316175;50;000;000;ISENTO;;7899547530827; ;N;S;;  ;;N;S
0000316177;0000316177;VIGORA PLUS CALCIO+VIT.D3 HOMEM 60CAPS;21072020;F;3720;000;000;0620;0000;0000;FR;CAPS;6000;000;000;A;PRATI-DONADUZZI;0000316177;50;000;000;ISENTO;;7899547527704; ;N;S;;  ;;N;S
0000316178;0000316178;VIGORA PLUS CALCIO+VIT.D3 MULHER 60CAPS;21072020;F;3720;000;000;0620;0000;0000;FR;CAPS;6000;000;000;A;PRATI-DONADUZZI;0000316178;50;000;000;ISENTO;;7899547527711; ;N;S;;  ;;N;S
0000316176;0000316176;VIGORA PLUS CALCIO+VITAMINA D3 60CAPS;21072020;F;3720;000;000;0620;0000;0000;FR;CAPS;6000;000;000;A;PRATI-DONADUZZI;0000316176;50;000;000;ISENTO;;7899547527766; ;N;S;;  ;;N;S
0000316179;0000316179;VIGORA PLUS COLAGENO TIPO II 40MG 30CAPS;21072020;F;8929;000;000;2976;0000;0000;FR;CAPS;3000;000;000;A;PRATI-DONADUZZI;0000316179;50;000;000;ISENTO;;7899547534535; ;N;S;;  ;;N;S
0000316180;0000316180;VIGORA PLUS COLAGENO TIPO II 40MG 60CAPS;21072020;F;16965;000;000;2828;0000;0000;FR;CAPS;6000;000;000;A;PRATI-DONADUZZI;0000316180;50;000;000;ISENTO;;7899547534542; ;N;S;;  ;;N;S
0000316181;0000316181;VIGORA PLUS GOLD 60CAPS;21072020;F;4467;000;000;0745;0000;0000;FR;CAPS;6000;000;000;A;PRATI-DONADUZZI;0000316181;50;000;000;ISENTO;;7899547531350; ;N;S;;  ;;N;S
0000316183;0000316183;VIGORA PLUS MULTIVITAMINICO AZ 60CAPS;21072020;F;3720;000;000;0620;0000;0000;FR;CAPS;6000;000;000;A;PRATI-DONADUZZI;0000316183;50;000;000;ISENTO;;7899547529180; ;N;S;;  ;;N;S
0000316185;0000316185;VIGORA PLUS MULTIVITAMINICO HOMEM  60CAPS;21072020;F;3720;000;000;0620;0000;0000;FR;CAPS;6000;000;000;A;PRATI-DONADUZZI;0000316185;50;000;000;ISENTO;;7899547529197; ;N;S;;  ;;N;S
0000316182;0000316182;VIGORA PLUS MULTIVITAMINICO MULHER 60CAPS;21072020;F;3720;000;000;0620;0000;0000;FR;CAPS;6000;000;000;A;PRATI-DONADUZZI;0000316182;50;000;000;ISENTO;;7899547529203; ;N;S;;  ;;N;S
0000316184;0000316184;VIGORA PLUS MULTIVITAMINICO SENIOR 60CAPS;21072020;F;3720;000;000;0620;0000;0000;FR;CAPS;6000;000;000;A;PRATI-DONADUZZI;0000316184;50;000;000;ISENTO;;7899547529210; ;N;S;;  ;;N;S
0000316186;0000316186;VIGORA PLUS VITAMINA D 1000UI 60CAPS;21072020;F;3000;000;000;0500;0000;0000;FR;CAPS;6000;000;000;A;PRATI-DONADUZZI;0000316186;50;000;000;ISENTO;;7899547534290; ;N;S;;  ;;N;S
0000316187;0000316187;VIGORA PLUS VITAMINA D 2000UI 60CAPS;21072020;F;4500;000;000;0750;0000;0000;FR;CAPS;6000;000;000;A;PRATI-DONADUZZI;0000316187;50;000;000;ISENTO;;7899547534306; ;N;S;;  ;;N;S
0000316188;0000316188;VIGORA PURA VITAMINA E 60CAPS;21072020;F;3720;000;000;0620;0000;0000;FR;CAPS;6000;000;000;A;PRATI-DONADUZZI;0000316188;50;000;000;ISENTO;;7899547528657; ;N;S;;  ;;N;S
0000249207;0000249207;VIMPAT 100MG 28CPDS REV.;23062020;V;20079;26751;000;7171;9554;0000;CX;CPDS;2800;000;000;A;UCB BIOPHARMA;0000249207;50;000;000;1236100810038;28022024;5413787008797;-;N;S;90317823;  ;;N;N
0000252308;0000252308;VIMPAT 10MG/ML SOL.INJ.20ML;23062020;V;15792;21040;000;7896;10520;0000;FR;ML;2000;000;000;A;UCB BIOPHARMA;0000252308;50;000;000;1236100810062;28022024;4030729003743;-;N;S;90317912;  ;;N;N
0000249204;0000249204;VIMPAT 10MG/ML SOL.ORAL 200ML;23062020;V;14343;19109;000;0717;0955;0000;FR;ML;20000;000;000;A;UCB BIOPHARMA;0000249204;50;000;000;1236100810054;28022024;4030729003750;-;N;S;90317904;  ;;N;N
0000249210;0000249210;VIMPAT 150MG 28CPDS REV.;23062020;V;30120;40129;000;10757;14332;0000;CX;CPDS;2800;000;000;A;UCB BIOPHARMA;0000249210;50;000;000;1236100810089;28022024;5413787010790;-;N;S;90317858;  ;;N;N
0000249213;0000249213;VIMPAT 200MG 28CPDS REV.;23062020;V;39206;52234;000;14002;18655;0000;CX;CPDS;2800;000;000;A;UCB BIOPHARMA;0000249213;50;000;000;1236100810119;28022024;5413787012794;-;N;S;90317882;  ;;N;N
0000249205;0000249205;VIMPAT 50MG 14CPDS REV.;23062020;V;5015;6682;000;3582;4773;0000;CX;CPDS;1400;000;000;A;UCB BIOPHARMA;0000249205;50;000;000;1236100810011;28022024;4030729003767;-;N;S;90317807;  ;;N;N
0000320808;0000320808;VIT NEOQUIMICA CENTROTABS AZ 60CPDS;02032021;F;3829;000;000;0638;0000;0000;FR;CPDS;6000;000;000;A;NEO QUIMICA;0000320808;50;000;000;ISENTO;;7896714290232;#;N;S;;  ;;N;S
0000320804;0000320804;VIT NEOQUIMICA CENTROTABS AZ 90CPDS;02032021;F;4976;000;000;0553;0000;0000;FR;CPDS;9000;000;000;A;NEO QUIMICA;0000320804;50;000;000;ISENTO;;7896714275307;#;N;S;;  ;;N;S
0000320813;0000320813;VIT NEOQUIMICA CENTROTABS CABELO/UNHA 60CAPS;02032021;F;4945;000;000;0824;0000;0000;FR;CAPS;6000;000;000;A;NEO QUIMICA;0000320813;50;000;000;ISENTO;;7896714290287;#;N;S;;  ;;N;S
0000320809;0000320809;VIT NEOQUIMICA CENTROTABS HOMEM 60CPDS;02032021;F;3829;000;000;0638;0000;0000;FR;CPDS;6000;000;000;A;NEO QUIMICA;0000320809;50;000;000;ISENTO;;7896714290249;#;N;S;;  ;;N;S
0000320805;0000320805;VIT NEOQUIMICA CENTROTABS IMUNE 30CPDS;02032021;F;3829;000;000;1276;0000;0000;FR;CPDS;3000;000;000;A;NEO QUIMICA;0000320805;50;000;000;ISENTO;;7896714275321;#;N;S;;  ;;N;S
0000320806;0000320806;VIT NEOQUIMICA CENTROTABS IMUNE 60CPDS;02032021;F;4976;000;000;0829;0000;0000;FR;CPDS;6000;000;000;A;NEO QUIMICA;0000320806;50;000;000;ISENTO;;7896714275338;#;N;S;;  ;;N;S
0000320811;0000320811;VIT NEOQUIMICA CENTROTABS MULHER 60CPDS;02032021;F;3829;000;000;0638;0000;0000;FR;CPDS;6000;000;000;A;NEO QUIMICA;0000320811;50;000;000;ISENTO;;7896714290263;#;N;S;;  ;;N;S
0000320807;0000320807;VIT NEOQUIMICA CENTROTABS MULHER 90CPDS;02032021;F;4976;000;000;0553;0000;0000;FR;CPDS;9000;000;000;A;NEO QUIMICA;0000320807;50;000;000;ISENTO;;789671427352;#;N;S;;  ;;N;S
0000320812;0000320812;VIT NEOQUIMICA CENTROTABS OMEGA 3 60CAPS;02032021;F;2765;000;000;0461;0000;0000;FR;CAPS;6000;000;000;A;NEO QUIMICA;0000320812;50;000;000;ISENTO;;7896714290270;#;N;S;;  ;;N;S
0000320810;0000320810;VIT NEOQUIMICA CENTROTABS SENIOR 60CPDS;02032021;F;3829;000;000;0638;0000;0000;FR;CPDS;6000;000;000;A;NEO QUIMICA;0000320810;50;000;000;ISENTO;;7896714290256;#;N;S;;  ;;N;S
0000277864;0000277864;VIT PANTENOL 50MG/G POM.DERM.30G;30062020;V;1331;1773;000;0444;0591;0000;BG;GRS;3000;000;000;A;VITAPAN;0000277864;50;000;000;1039201790026;31082021;7898049795543;-;N;S;90362209;  ;;N;N
0000301895;0000301895;VITA D3 500MG 30CAPS;29042020;F;9000;000;000;3000;0000;0000;PT;CAPS;3000;000;000;A;VITAFOR;0000301895;50;000;000;ISENTO;;7898665430095; ;N;S;;  ;;N;S
0000301896;0000301896;VITA D3 500MG 60CAPS;29042020;F;14200;000;000;2367;0000;0000;PT;CAPS;6000;000;000;A;VITAFOR;0000301896;50;000;000;ISENTO;;7898665430071; ;N;S;;  ;;N;S
0000314855;0000314855;VITA MEDLEY AZ 30CAPS GEL;02062020;F;4900;000;000;1633;0000;0000;FR;CAPS;3000;000;000;A;SANOFI MEDLEY;0000314855;50;000;000;ISENTO;;7896422526845; ;N;S;;  ;;N;S
0000314856;0000314856;VITA MEDLEY AZ 60CAPS GEL;02062020;F;8000;000;000;1333;0000;0000;FR;CAPS;6000;000;000;A;SANOFI MEDLEY;0000314856;50;000;000;ISENTO;;7896422526852; ;N;S;;  ;;N;S
0000317205;0000317205;VITA MEDLEY BELEZA 30CAPS GEL.MOLE;01092020;F;4900;000;000;1633;0000;0000;CX;CAPS;3000;000;000;A;SANOFI MEDLEY;0000317205;50;000;000;ISENTO;;7896422526869; ;N;S;;  ;;N;S
0000317206;0000317206;VITA MEDLEY BELEZA 60CAPS GEL.MOLE;01092020;F;5988;000;000;0998;0000;0000;CX;CAPS;6000;000;000;A;SANOFI MEDLEY;0000317206;50;000;000;ISENTO;;7896422526876; ;N;S;;  ;;N;S
0000317207;0000317207;VITA MEDLEY ENERGIA 30CAPS GEL.MOLE;01092020;F;4900;000;000;1633;0000;0000;CX;CAPS;3000;000;000;A;SANOFI MEDLEY;0000317207;50;000;000;ISENTO;;7896422526890; ;N;S;;  ;;N;S
0000317208;0000317208;VITA MEDLEY ENERGIA 60CAPS GEL.MOLE;01092020;F;5988;000;000;0998;0000;0000;CX;CAPS;6000;000;000;A;SANOFI MEDLEY;0000317208;50;000;000;ISENTO;;7896422526906; ;N;S;;  ;;N;S
0000314859;0000314859;VITA MEDLEY HOMEM 30CAPS GEL;02062020;F;4900;000;000;1633;0000;0000;FR;CAPS;3000;000;000;A;SANOFI MEDLEY;0000314859;50;000;000;ISENTO;;7896422526982; ;N;S;;  ;;N;S
0000314860;0000314860;VITA MEDLEY HOMEM 60CAPS GEL;02062020;F;8000;000;000;1333;0000;0000;FR;CAPS;6000;000;000;A;SANOFI MEDLEY;0000314860;50;000;000;ISENTO;;7896422526999; ;N;S;;  ;;N;S
0000314857;0000314857;VITA MEDLEY MULHER 30CAPS GEL;02062020;F;4900;000;000;1633;0000;0000;FR;CAPS;3000;000;000;A;SANOFI MEDLEY;0000314857;50;000;000;ISENTO;;7896422526975; ;N;S;;  ;;N;S
0000314858;0000314858;VITA MEDLEY MULHER 60CAPS GEL;02062020;F;8000;000;000;1333;0000;0000;FR;CAPS;6000;000;000;A;SANOFI MEDLEY;0000314858;50;000;000;ISENTO;;7896422526968; ;N;S;;  ;;N;S
0000314862;0000314862;VITA MEDLEY SENIOR 30CAPS GEL;02062020;F;4900;000;000;1633;0000;0000;FR;CAPS;3000;000;000;A;SANOFI MEDLEY;0000314862;50;000;000;ISENTO;;7896422526920; ;N;S;;  ;;N;S
0000314863;0000314863;VITA MEDLEY SENIOR 60CAPS GEL;02062020;F;8000;000;000;1333;0000;0000;FR;CAPS;6000;000;000;A;SANOFI MEDLEY;0000314863;50;000;000;ISENTO;;7896422526937; ;N;S;;  ;;N;S
0000317209;0000317209;VITA MEDLEY VISAO 30CAPS GEL.MOLE;01092020;F;6000;000;000;2000;0000;0000;CX;CAPS;3000;000;000;A;SANOFI MEDLEY;0000317209;50;000;000;ISENTO;;7896422526944; ;N;S;;  ;;N;S
0000317210;0000317210;VITA MEDLEY VISAO 60CAPS GEL.MOLE;01092020;F;9200;000;000;1533;0000;0000;CX;CAPS;6000;000;000;A;SANOFI MEDLEY;0000317210;50;000;000;ISENTO;;7896422526951; ;N;S;;  ;;N;S
0000314861;0000314861;VITA MEDLEY VITAMINA D3 2000UI 30CAPS;21072020;F;4900;000;000;1633;0000;0000;FR;CAPS;3000;000;000;A;SANOFI MEDLEY;0000314861;50;000;000;ISENTO;;7896422526883; ;N;S;;  ;;N;S
0000306850;0000306850;VITA SUPRAZ 60CPDS;30062020;F;8087;000;000;1348;0000;0000;CX;CPDS;6000;000;000;A;UNIAO QUIMICA;0000306850;50;000;000;ISENTO;;7896006212263;-;N;S;;  ;;N;S
0000294289;0000294289;VITA SUPRAZ HOMEM 60CPDS;30062020;F;6682;000;000;1114;0000;0000;CX;CPDS;6000;000;000;A;UNIAO QUIMICA;0000294289;50;000;000;ISENTO;;7896006212355;-;N;S;;  ;;N;S
0000294290;0000294290;VITA SUPRAZ MULHER 60CPDS;30062020;F;6682;000;000;1114;0000;0000;CX;CPDS;6000;000;000;A;UNIAO QUIMICA;0000294290;50;000;000;ISENTO;;7896006212379;-;N;S;;  ;;N;S
0000316471;0000316471;VITDERA D3 50000UI 4CPDS REV.;11082020;V;4421;5890;000;11053;14725;0000;CX;CPDS;400;000;000;A;VITAPAN;0000316471;50;000;000;1039201980070;31052030;7898049794249;-;N;S;90481968;  ;;N;N
0000319756;0000319756;VITDERA D3 7000UI 30CPDS REV.;11122020;V;5621;7489;000;1874;2496;0000;CX;CPDS;3000;000;000;A;VITAPAN;0000319756;50;000;000;1039201980054;31052030;7898049797424;-;N;S;90482123;  ;;N;N
0000316469;0000316469;VITDERA D3 7000UI 4CPDS REV.;11082020;V;1013;1350;000;2533;3375;0000;CX;CPDS;400;000;000;A;VITAPAN;0000316469;50;000;000;1039201980011;31052030;7898049794478;-;N;S;90481950;  ;;N;N
0000316470;0000316470;VITDERA D3 7000UI 8CPDS REV.;11082020;V;1569;2090;000;1961;2613;0000;CX;CPDS;800;000;000;A;VITAPAN;0000316470;50;000;000;1039201980021;31052030;7898049797240;-;N;S;90481941;  ;;N;N
0000320844;0000320844;VITERGAN ZINCO 60CPDS REV.;02032021;V;10493;13980;000;1749;2330;0000;CX;CPDS;6000;000;000;A;MARJAN;0000320844;50;000;000;1015500910093;30112026;7896226109336;-;N;S;;  ;;N;N
0000320845;0000320845;VITERGAN ZINCO PL.60CPDS REV.;02032021;V;12745;16980;000;2124;2830;0000;CX;CPDS;6000;000;000;A;MARJAN;0000320845;50;000;000;1015500910131;30112026;7896226109350;-;N;S;;  ;;N;N
0000320091;0000320091;VIVOSSO 30CPDS REV.;05012021;V;8940;12015;000;2980;4005;0000;CX;CPDS;3000;000;000;A;SUPERA;0000320091;50;000;000;ISENTO;;7899420508127; ;N;S;;  ;;N;N
0000244554;0000244554;VODOL 20MG/G AER.75G;30062020;V;3401;4531;000;0000;0000;0000;FR;GRS;7500;000;000;A;UNIAO QUIMICA;0000244554;50;000;000;1049713570014;30082023;7896006205913;-;N;N;90261550;  ;;N;N
0000305647;0000305647;VOFLUR 1ML/ML SOL.INAL.100ML;30062020;F;53690;000;000;5369;0000;0000;FR;ML;10000;000;000;A;UNIAO QUIMICA;0000305647;50;000;000;1049714200032;31052023;7896006212607;+;S;S;90414233;  ;;N;N
0000301438;0000301438;VOFLUR 1ML/ML SOL.INAL.250ML;30062020;F;155023;000;000;6201;0000;0000;FR;ML;25000;000;000;A;UNIAO QUIMICA;0000301438;50;000;000;1049714200016;31052023;7896006210030;+;S;S;90414144;  ;;N;N
0000271776;0000271776;VORICONAZOL 200MG 14CPDS REV.;30062020;V;351829;486383;000;251306;347416;0000;CX;CPDS;1400;000;000;A;SANDOZ;0000271776;50;000;000;1004705550085;30082020;7897595628008;+;N;S;90338065;  ;;S;N
0000276013;0000276013;VORICONAZOL 200MG 14CPDS REV.;07082020;V;370161;511726;000;264401;365519;0000;CX;CPDS;1400;000;000;A;WYETH;0000276013;50;000;000;1211003470117;20032022;7891045028196;+;N;S;90406001;  ;;S;N
0000297024;0000297024;VORICONAZOL 200MG PO SOL.INJ.INFUS IV 1FA;07082020;V;89894;124273;000;898940;1242730;0000;CX;FA;100;000;000;A;WYETH;0000297024;50;000;000;1211003470036;20032022;7891045023481;+;N;S;90405994;  ;;S;N
0000256135;0000256135;VOTAG CUORE 1G 30CAPS GEL.MOLE;30062020;F;5591;000;000;1864;0000;0000;CX;CAPS;3000;000;000;A;ZYDUS NIKKHO;0000256135;50;000;000;6258200220011;PENDENTE;7897460401361; ;N;S;;  ;;N;S
0000315284;0000315284;VPRIV 400U PO LIOF.INJ.FA;03072020;V;439290;607293;000;4392900;6072930;0000;CX;FA;100;000;000;A;SHIRE FARMACEUTICA;0000315284;50;000;000;1697900050027;30112025;7898924769089;+;N;S;90287983;  ;;N;N
0000316487;0000316487;VYNDAGEL 20MG 120CAPS MOLE;12082020;V;9440041;12577045;000;786670;1048087;0000;CX;CAPS;12000;000;000;A;WYETH;0000316487;50;000;000;1211004620023;30112026;7891268187113;-;N;S;90477090;  ;;N;N
0000284534;0000284534;VYNDAGEL 20MG 30CAPS;07082020;V;2360010;3144261;000;786670;1048087;0000;BL;CAPS;3000;000;000;A;WYETH;0000284534;50;000;000;1211004620015;30112026;7891268114898;-;N;S;90446232;  ;;N;N
0000289636;0000289636;WHEY PROTEIN ISOLATE 15SACH.15G;29042020;F;47900;000;000;31933;0000;0000;CRT;SACH;1500;000;000;A;VITAFOR;0000289636;50;000;000;6542600080013;31012025;7898959478437; ;N;S;;  ;;N;S
0000289634;0000289634;WHEY PROTEIN ISOLATE 250G;29042020;F;44400;000;000;0000;0000;0000;LT;GRS;25000;000;000;A;VITAFOR;0000289634;50;000;000;6542600080013;31012025;7898919865529; ;N;N;;  ;;N;S
0000289639;0000289639;WHEY PROTEIN ISOLATE SACH.15G;29042020;F;3200;000;000;0000;0000;0000;SAC;GRS;1500;000;000;A;VITAFOR;0000289639;50;000;000;6542600080013;31012025;7898959478413; ;N;N;;  ;;N;S
0000276286;0000276286;XALKORI 200MG 60CPDS DURA;07082020;V;2590019;3450704;000;431670;575117;0000;CX;CAPS;6000;000;000;A;WYETH;0000276286;50;000;000;1211004540038;28022026;7891268110388;-;N;S;90456025;  ;;N;N
0000272648;0000272648;XALKORI 250MG 60CAPS;07082020;V;3200884;4264564;000;533481;710761;0000;CX;CAPS;6000;000;000;A;WYETH;0000272648;50;000;000;1211004540062;28022026;7891268110418;-;N;S;90456076;  ;;N;N
0000315430;0000315430;XANTINON 100+20MG 100CPDS REV.;01092020;V;2499;3329;000;0250;0333;0000;CX;CPDS;10000;000;000;A;TAKEDA;0000315430;50;000;000;1063901190091;28022025;7896641804465;-;N;S;90174909;  ;;N;N
0000316267;0000316267;XANTINON 100+20MG 1CPD REV.F.V.;11092020;V;000;333;000;0000;0000;0000;CX;CPD;100;000;000;A;TAKEDA;0000316267;50;000;000;1063901190091;28022025;;-;N;N;;  ;;N;N
0000315431;0000315431;XANTINON COMPLEX 40+53+50MG/ML SOL.ORAL 100ML;01092020;V;932;1242;000;0093;0124;0000;FR;ML;10000;000;000;A;TAKEDA;0000315431;50;000;000;1063902760010;30042027;7896641804441;-;N;S;90394380;  ;;N;N
0000315432;0000315432;XANTINON COMPLEX 40+53+50MG/ML SOL.ORAL 12FLAC 10ML;01092020;V;2550;3397;000;2125;2831;0000;CX;FLAC;1200;000;000;A;TAKEDA;0000315432;50;000;000;1063902760037;30042027;7896641812873;-;N;S;90394453;  ;;N;N
0000316268;0000316268;XANTINON COMPLEX 40+53+50MG/ML SOL.ORAL 1FLAC 10ML F.V.;11092020;V;000;283;000;0000;0000;0000;CX;FLAC;100;000;000;A;TAKEDA;0000316268;50;000;000;1063902760071;30042027;;-;N;N;;  ;;N;N
0000315433;0000315433;XANTINON COMPLEX 40+53+50MG/ML SOL.ORAL 60FLAC 10ML;01092020;V;12748;16984;000;2125;2831;0000;CX;FLAC;6000;000;000;A;TAKEDA;0000315433;50;000;000;1063902760071;30042027;7896641812880;-;N;S;90394461;  ;;N;N
0000308261;0000308261;XAROPE 44E 1,30+13,30MG/ML 240ML;01122020;V;3648;4860;000;0152;0203;0000;FR;ML;24000;000;000;A;PROCTER;0000308261;50;000;000;1214200040039;30092021;7500435144384;-;N;S;90428790;  ;;N;N
0000317525;0000317525;XAROPE VICK 13,3MG 120ML;01122020;V;1972;2627;000;0164;0219;0000;FR;ML;12000;000;000;A;PROCTER;0000317525;50;000;000;1214200150020;28022026;7500435153072;-;N;S;90472349;  ;;N;N
0000317526;0000317526;XAROPE VICK MEL 16MG 120ML;01122020;V;2268;3022;000;0189;0252;0000;FR;ML;12000;000;000;A;PROCTER;0000317526;50;000;000;1214200150063;28022026;7500435153089;-;N;S;90472357;  ;;N;N
0000317527;0000317527;XAROPE VICK MEL 16MG 240ML;01122020;V;4194;5588;000;0175;0233;0000;FR;ML;24000;000;000;A;PROCTER;0000317527;50;000;000;1214200150071;28022026;7500435153065;-;N;S;90472365;  ;;N;N
0000257049;0000257049;XELJANZ 5MG 60CPDS;23062020;V;434629;579059;000;72438;96510;0000;CX;CPDS;6000;000;000;A;WYETH;0000257049;50;000;000;1211004650011;16092022;7891268109788;-;N;S;90466470;  ;;N;N
0000320349;0000320349;XILBRILADA 40MG SOL.INJ.2SER.PREENC.0,8ML+SIST.APLIC.PLAST.PEN+2ENV.LENCOS ALCOOL;27012021;V;827555;1144046;000;4137775;5720230;0000;CX;SER;200;000;000;A;WYETH;0000320349;50;000;000;1211004790026;31052030;7891045163934;+;N;S;90492307;  ;;N;N
0000318144;0000318144;XILFYA 10MG/ML PO LIOF.SOL.INFUS.10ML;24112020;F;401565;000;000;0000;0000;0000;FA;ML;1000;000;000;A;WYETH;0000318144;50;000;000;1211004480019;31052029;7891045032230;+;S;N;90442822;  ;;N;N
0000312327;0000312327;XYNAZ 100MG 30CPDS;30062020;V;13296;18381;000;4432;6127;0000;CX;CPDS;3000;000;000;A;ZYDUS NIKKHO;0000312327;50;000;000;1565100740059;30042024;7898927562717;+;N;S;90441664;  ;;N;N
0000312326;0000312326;XYNAZ 25MG 30CPDS;30062020;V;3196;4418;000;1065;1473;0000;CX;CPDS;3000;000;000;A;ZYDUS NIKKHO;0000312326;50;000;000;1565100740024;30042024;7898927562687;+;N;S;90441656;  ;;N;N
0000281860;0000281860;ZABRUX 100MG 5CAPS;27062020;V;299584;414159;000;599168;828318;0000;CX;CAPS;500;000;000;A;ZODIAC;0000281860;50;000;000;1221400970024;30092021;7892953003008;+;N;S;90369661;  ;;N;N
0000281861;0000281861;ZABRUX 20MG 5CAPS;27062020;V;59916;82830;000;119832;165660;0000;CX;CAPS;500;000;000;A;ZODIAC;0000281861;50;000;000;1221400970016;30092021;7892953002995;+;N;S;90369670;  ;;N;N
0000281862;0000281862;ZABRUX 250MG 5CAPS;27062020;V;733992;1014701;000;1467984;2029402;0000;CX;CAPS;500;000;000;A;ZODIAC;0000281862;50;000;000;1221400970032;30092021;7892953003015;+;N;S;90369688;  ;;N;N
0000285342;0000285342;ZALTRAP 25MG/ML SOL.DIL.INFUS.1FA 4ML;30062020;F;130524;000;000;0000;0000;0000;CX;FA;100;000;000;A;SANOFI MEDLEY;0000285342;50;000;000;1832603380012;30092029;7891058017026;+;S;N;90463960;  ;;N;N
0000285343;0000285343;ZALTRAP 25MG/ML SOL.DIL.INFUS.1FA 8ML;30062020;F;261049;000;000;0000;0000;0000;CX;FA;100;000;000;A;SANOFI MEDLEY;0000285343;50;000;000;1832603380020;30092029;7891058017033;+;S;N;90463978;  ;;N;N
0000308648;0000308648;ZARZIO 30MUI SOL.INJ.1SER.PREENC.0,5ML;30062020;F;51678;000;000;0000;0000;0000;CX;SER;100;000;000;A;SANDOZ;0000308648;50;000;000;1004705980039;30102021;7897595632333;+;S;N;90403240;  ;;S;N
0000262129;0000262129;ZETIA 10MG 60CPDS;30062020;V;8634;11936;000;1439;1989;0000;CX;CPDS;6000;000;000;A;SCHERING PLOUGH;0000262129;50;000;000;1017101900058;31012023;7897572006881;+;N;S;90321138;  ;;N;N
0000271489;0000271489;ZETSIM 10+10MG 30CPDS;30062020;V;6246;8635;000;2082;2878;0000;CX;CPDS;3000;000;000;A;SCHERING PLOUGH;0000271489;50;000;000;1017101930089;31052024;7897572006157;+;N;S;90342143;  ;;N;N
0000271490;0000271490;ZETSIM 10+20MG 30CPDS;30062020;V;6246;8635;000;2082;2878;0000;CX;CPDS;3000;000;000;A;SCHERING PLOUGH;0000271490;50;000;000;1017101930127;31052024;7897572006164;+;N;S;90342151;  ;;N;N
0000271491;0000271491;ZETSIM 10+40MG 30CPDS;30062020;V;10259;14182;000;3420;4727;0000;CX;CPDS;3000;000;000;A;SCHERING PLOUGH;0000271491;50;000;000;1017101930161;31052024;7897572006171;+;N;S;90342160;  ;;N;N
0000279511;0000279511;ZINCO ISOLADO 1ML;03072020;F;589;000;000;0000;0000;0000;BOL;ML;100;000;000;A;SOLUS SOLUCOES;0000279511;50;000;000;ISENTO;;; ;S;N;;  ;;N;N
0000248678;0000248678;ZINFORO 600MG PO SOL.INFU.10FA(REST.HOSP.);23062020;F;250331;000;000;250331;0000;0000;CX;FA;1000;000;000;A;WYETH;0000248678;50;000;000;1211004320011;31012024;7896206404918;-;S;S;90405617;  ;;N;N
0000256899;0000256899;ZINPASS 10MG 10CPDS REV.;19062020;V;3345;4624;000;3345;4624;0000;CX;CPDS;1000;000;000;A;SANOFI MEDLEY;0000256899;50;000;000;1832601660018;28022023;7896422528702;+;N;S;90368754;  ;;N;N
0000252871;0000252871;ZINPASS 10MG 30CPDS REV.;19062020;V;3512;4855;000;1171;1618;0000;CX;CPDS;3000;000;000;A;SANOFI MEDLEY;0000252871;50;000;000;1832601660026;28022023;7896422528719;+;N;S;90368770;  ;;N;N
0000300890;0000300890;ZINPASS 10MG 60CPDS REV.;19062020;V;6321;8738;000;1054;1456;0000;CX;CPDS;6000;000;000;A;SANOFI MEDLEY;0000300890;50;000;000;1832601660034;28022023;7896422528726;+;N;S;90422317;  ;;N;N
0000252874;0000252874;ZINPASS 20MG 30CPDS REV.;19062020;V;6163;8520;000;2054;2840;0000;CX;CPDS;3000;000;000;A;SANOFI MEDLEY;0000252874;50;000;000;1832601660069;28022023;7896422528764;+;N;S;90368800;  ;;N;N
0000300891;0000300891;ZINPASS 20MG 60CPDS REV.;19062020;V;11095;15338;000;1849;2556;0000;CX;CPDS;6000;000;000;A;SANOFI MEDLEY;0000300891;50;000;000;1832601660077;28022023;7896422528771;+;N;S;90422325;  ;;N;N
0000317888;0000317888;ZINPASS EZE 10,0+10,0MG 30CPDS REV.;01102020;V;5205;6935;000;1735;2312;0000;CX;CPDS;3000;000;000;A;SANOFI MEDLEY;0000317888;50;000;000;1832604610011;30072030;7896422504621;-;N;S;90488717;  ;;N;N
0000317889;0000317889;ZINPASS EZE 20,0+10,0MG 30CPDS REV.;01102020;V;7357;9802;000;2452;3267;0000;CX;CPDS;3000;000;000;A;SANOFI MEDLEY;0000317889;50;000;000;1832604610021;30072030;7896422504645;-;N;S;90488725;  ;;N;N
0000317890;0000317890;ZINPASS EZE 40,0+10,0MG 30CPDS REV.;01102020;V;10623;14153;000;3541;4718;0000;CX;CPDS;3000;000;000;A;SANOFI MEDLEY;0000317890;50;000;000;1832604610038;30072030;7896422504652;-;N;S;90488733;  ;;N;N
0000280714;0000280714;ZODEL 100MG 28CPDS REV.LIB.PROLONG.;19062020;V;10229;14141;000;3653;5050;0000;CX;CPDS;2800;000;000;A;SANOFI MEDLEY;0000280714;50;000;000;1832602780068;30092021;7896422515719;+;N;S;90369092;  ;;N;N
0000304701;0000304701;ZODEL 100MG 30CPDS REV.LIB.PROLONG.;19062020;V;10960;15152;000;3653;5051;0000;CX;CPDS;3000;000;000;A;SANOFI MEDLEY;0000304701;50;000;000;1832602780092;30092021;7896422520546;+;N;S;90422392;  ;;N;N
0000280713;0000280713;ZODEL 50MG 28CPDS REV.LIB.PROLOMG.;19062020;V;8894;12295;000;3176;4391;0000;CX;CPDS;2800;000;000;A;SANOFI MEDLEY;0000280713;50;000;000;1832602780033;30092021;7896422515504;+;N;S;90369106;  ;;N;N
0000304700;0000304700;ZODEL 50MG 30CPDS REV.LIB.PROLONG.;19062020;V;9530;13175;000;3177;4392;0000;CX;CPDS;3000;000;000;A;SANOFI MEDLEY;0000304700;50;000;000;1832602780076;30092021;7896422520539;+;N;S;90422406;  ;;N;N
0000263967;0000263967;ZOLPAZ 10MG 20CPDS REV.;30062020;V;2728;3771;000;1364;1886;0000;CX;CPDS;2000;000;000;A;UNIAO QUIMICA;0000263967;50;000;000;1049713840038;31072020;7896006215660;+;N;S;90324056;  ;;N;N
0000263968;0000263968;ZOLPAZ 10MG 30CPDS REV.;30062020;V;2923;4041;000;1462;2021;0000;CX;CPDS;2000;000;000;A;UNIAO QUIMICA;0000263968;50;000;000;1049713840046;31072020;7896006215677;+;N;S;90324064;  ;;N;N
0000318414;0000318414;ZOUP SL 5MG 30CPDS;01112020;V;4074;5632;000;1358;1877;0000;CX;CPDS;3000;000;000;A;SUPERA;0000318414;50;000;000;1037202910010;31052030;7899420507144;+;N;S;90484436;  ;;N;N
0000310062;0000310062;ZYLINOX 10MG 30CPDS REV.;03092019;V;2832;3915;000;0944;1305;0000;CX;CPDS;3000;000;000;A;ZYDUS NIKKHO;0000310062;50;000;000;1565100270028;31102020;7898927563424;+;N;S;90484363;  ;;N;N
0000317372;0000317372;ZYLINOX SL 5MG 30CPDS;04112020;V;3616;4999;000;1205;1666;0000;CX;CPDS;3000;000;000;A;ZYDUS NIKKHO;0000317372;50;000;000;1565100820036;28022030;7898927564131;+;N;S;90484460;  ;;N;N
0000317374;0000317374;ZYMEA 10MG 30CPDS REV.;04112020;V;4878;6744;000;1626;2248;0000;CX;CPDS;3000;000;000;A;ZYDUS NIKKHO;0000317374;50;000;000;1565100760025;30062029;7898940658374;+;N;S;90480961;  ;;N;N
0000317373;0000317373;ZYMEA 5MG 30CPDS REV.;04112020;V;4878;6744;000;1626;2248;0000;CX;CPDS;3000;000;000;A;ZYDUS NIKKHO;0000317373;50;000;000;1565100760017;30062029;7898940658367;+;N;S;90480953;  ;;N;N
0000292939;0000292939;ZYXEM 5 MG/ML SOL.ORAL GTS.20ML;23062020;V;4700;6262;000;2350;3131;0000;FR;ML;2000;000;000;A;UCB BIOPHARMA;0000292939;50;000;000;1236100880087;30092024;5413787037797;-;N;S;90407253;  ;;N;N
0000292938;0000292938;ZYXEM 5MG 10CPDS REV.;23062020;V;3962;5279;000;3962;5279;0000;CX;CPDS;1000;000;000;A;UCB BIOPHARMA;0000292938;50;000;000;1236100880036;30092024;5413787041794;-;N;S;90407245;  ;;N;N
